-- phpMyAdmin SQL Dump
-- version 5.2.1
-- https://www.phpmyadmin.net/
--
-- Host: localhost
-- Generation Time: Apr 21, 2026 at 11:40 AM
-- Server version: 10.4.28-MariaDB
-- PHP Version: 8.2.4

SET SQL_MODE = "NO_AUTO_VALUE_ON_ZERO";
START TRANSACTION;
SET time_zone = "+00:00";


/*!40101 SET @OLD_CHARACTER_SET_CLIENT=@@CHARACTER_SET_CLIENT */;
/*!40101 SET @OLD_CHARACTER_SET_RESULTS=@@CHARACTER_SET_RESULTS */;
/*!40101 SET @OLD_COLLATION_CONNECTION=@@COLLATION_CONNECTION */;
/*!40101 SET NAMES utf8mb4 */;

--
-- Database: `fintech_corporate_cms`
--
CREATE DATABASE IF NOT EXISTS `fintech_corporate_cms` DEFAULT CHARACTER SET utf8mb4 COLLATE utf8mb4_unicode_ci;
USE `fintech_corporate_cms`;

-- --------------------------------------------------------

--
-- Table structure for table `admin_permissions`
--

CREATE TABLE `admin_permissions` (
  `id` int(10) UNSIGNED NOT NULL,
  `action` varchar(255) DEFAULT NULL,
  `action_parameters` longtext CHARACTER SET utf8mb4 COLLATE utf8mb4_bin DEFAULT NULL CHECK (json_valid(`action_parameters`)),
  `subject` varchar(255) DEFAULT NULL,
  `properties` longtext CHARACTER SET utf8mb4 COLLATE utf8mb4_bin DEFAULT NULL CHECK (json_valid(`properties`)),
  `conditions` longtext CHARACTER SET utf8mb4 COLLATE utf8mb4_bin DEFAULT NULL CHECK (json_valid(`conditions`)),
  `created_at` datetime(6) DEFAULT NULL,
  `updated_at` datetime(6) DEFAULT NULL,
  `created_by_id` int(10) UNSIGNED DEFAULT NULL,
  `updated_by_id` int(10) UNSIGNED DEFAULT NULL
) ENGINE=InnoDB DEFAULT CHARSET=utf8mb4 COLLATE=utf8mb4_unicode_ci;

--
-- Dumping data for table `admin_permissions`
--

INSERT INTO `admin_permissions` (`id`, `action`, `action_parameters`, `subject`, `properties`, `conditions`, `created_at`, `updated_at`, `created_by_id`, `updated_by_id`) VALUES
(1, 'plugin::content-manager.explorer.create', '{}', 'api::announcement.announcement', '{\"fields\":[\"title\",\"slug\",\"summary\",\"content\",\"publishDate\",\"priority\",\"featured\",\"seo.metaTitle\",\"seo.metaDescription\",\"seo.canonicalUrl\",\"seo.metaRobots\",\"seo.ogTitle\",\"seo.ogDescription\",\"seo.ogImage\",\"seo.twitterCard\",\"seo.keywords\"]}', '[]', '2026-04-11 12:42:13.762000', '2026-04-11 12:42:13.762000', NULL, NULL),
(2, 'plugin::content-manager.explorer.create', '{}', 'api::author.author', '{\"fields\":[\"name\",\"slug\",\"title\",\"bio\",\"avatar\",\"email\",\"linkedin\"]}', '[]', '2026-04-11 12:42:13.766000', '2026-04-11 12:42:13.766000', NULL, NULL),
(3, 'plugin::content-manager.explorer.create', '{}', 'api::banner.banner', '{\"fields\":[\"title\",\"slug\",\"summary\",\"image\",\"mobileImage\",\"placement\",\"priority\",\"active\",\"button.label\",\"button.href\",\"button.variant\",\"button.target\"]}', '[]', '2026-04-11 12:42:13.771000', '2026-04-11 12:42:13.771000', NULL, NULL),
(4, 'plugin::content-manager.explorer.create', '{}', 'api::career-job.career-job', '{\"fields\":[\"title\",\"slug\",\"summary\",\"description\",\"department\",\"location\",\"employmentType\",\"salaryRange\",\"publishDate\",\"applicationDeadline\",\"featured\",\"status\",\"applyUrl\",\"seo.metaTitle\",\"seo.metaDescription\",\"seo.canonicalUrl\",\"seo.metaRobots\",\"seo.ogTitle\",\"seo.ogDescription\",\"seo.ogImage\",\"seo.twitterCard\",\"seo.keywords\"]}', '[]', '2026-04-11 12:42:13.773000', '2026-04-11 12:42:13.773000', NULL, NULL),
(5, 'plugin::content-manager.explorer.create', '{}', 'api::contact-page-setting.contact-page-setting', '{\"fields\":[\"title\",\"summary\",\"recipientEmail\",\"mapEmbedUrl\",\"supportChannels.label\",\"supportChannels.href\",\"supportChannels.target\",\"supportChannels.description\",\"supportChannels.children.label\",\"supportChannels.children.href\",\"supportChannels.children.target\",\"supportChannels.children.description\",\"seo.metaTitle\",\"seo.metaDescription\",\"seo.canonicalUrl\",\"seo.metaRobots\",\"seo.ogTitle\",\"seo.ogDescription\",\"seo.ogImage\",\"seo.twitterCard\",\"seo.keywords\"]}', '[]', '2026-04-11 12:42:13.775000', '2026-04-11 13:14:44.380000', NULL, NULL),
(6, 'plugin::content-manager.explorer.create', '{}', 'api::downloadable-document.downloadable-document', '{\"fields\":[\"title\",\"slug\",\"summary\",\"document\",\"thumbnail\",\"documentCategory\",\"publishDate\",\"featured\"]}', '[]', '2026-04-11 12:42:13.778000', '2026-04-11 12:42:13.778000', NULL, NULL),
(7, 'plugin::content-manager.explorer.create', '{}', 'api::event.event', '{\"fields\":[\"title\",\"slug\",\"summary\",\"content\",\"coverImage\",\"publishDate\",\"startDate\",\"endDate\",\"location\",\"isOnline\",\"registrationUrl\",\"featured\",\"status\",\"category\",\"tags\",\"seo.metaTitle\",\"seo.metaDescription\",\"seo.canonicalUrl\",\"seo.metaRobots\",\"seo.ogTitle\",\"seo.ogDescription\",\"seo.ogImage\",\"seo.twitterCard\",\"seo.keywords\"]}', '[]', '2026-04-11 12:42:13.779000', '2026-04-11 12:42:13.779000', NULL, NULL),
(8, 'plugin::content-manager.explorer.create', '{}', 'api::event-category.event-category', '{\"fields\":[\"title\",\"slug\",\"summary\",\"events\"]}', '[]', '2026-04-11 12:42:13.781000', '2026-04-11 12:42:13.781000', NULL, NULL),
(9, 'plugin::content-manager.explorer.create', '{}', 'api::faq-category.faq-category', '{\"fields\":[\"title\",\"slug\",\"summary\",\"sortOrder\",\"items\"]}', '[]', '2026-04-11 12:42:13.782000', '2026-04-11 12:42:13.782000', NULL, NULL),
(10, 'plugin::content-manager.explorer.create', '{}', 'api::faq-item.faq-item', '{\"fields\":[\"question\",\"slug\",\"answer\",\"sortOrder\",\"featured\",\"category\",\"seo.metaTitle\",\"seo.metaDescription\",\"seo.canonicalUrl\",\"seo.metaRobots\",\"seo.ogTitle\",\"seo.ogDescription\",\"seo.ogImage\",\"seo.twitterCard\",\"seo.keywords\"]}', '[]', '2026-04-11 12:42:13.783000', '2026-04-11 12:42:13.783000', NULL, NULL),
(11, 'plugin::content-manager.explorer.create', '{}', 'api::footer-navigation.footer-navigation', '{\"fields\":[\"columns.label\",\"columns.href\",\"columns.target\",\"columns.description\",\"columns.children.label\",\"columns.children.href\",\"columns.children.target\",\"columns.children.description\",\"copyrightText\",\"legalLinks.label\",\"legalLinks.href\",\"legalLinks.target\",\"legalLinks.description\",\"legalLinks.children.label\",\"legalLinks.children.href\",\"legalLinks.children.target\",\"legalLinks.children.description\"]}', '[]', '2026-04-11 12:42:13.784000', '2026-04-11 13:14:44.380000', NULL, NULL),
(12, 'plugin::content-manager.explorer.create', '{}', 'api::global-setting.global-setting', '{\"fields\":[\"siteName\",\"siteTagline\",\"siteDescription\",\"organizationName\",\"logo\",\"favicon\",\"supportHotline\",\"supportEmail\",\"address\",\"socialLinks.label\",\"socialLinks.href\",\"socialLinks.target\",\"socialLinks.description\",\"socialLinks.children.label\",\"socialLinks.children.href\",\"socialLinks.children.target\",\"socialLinks.children.description\",\"defaultSeo.metaTitle\",\"defaultSeo.metaDescription\",\"defaultSeo.canonicalUrl\",\"defaultSeo.metaRobots\",\"defaultSeo.ogTitle\",\"defaultSeo.ogDescription\",\"defaultSeo.ogImage\",\"defaultSeo.twitterCard\",\"defaultSeo.keywords\"]}', '[]', '2026-04-11 12:42:13.787000', '2026-04-11 13:14:44.380000', NULL, NULL),
(13, 'plugin::content-manager.explorer.create', '{}', 'api::header-navigation.header-navigation', '{\"fields\":[\"items.label\",\"items.href\",\"items.target\",\"items.description\",\"items.children.label\",\"items.children.href\",\"items.children.target\",\"items.children.description\",\"primaryButton.label\",\"primaryButton.href\",\"primaryButton.variant\",\"primaryButton.target\",\"secondaryButton.label\",\"secondaryButton.href\",\"secondaryButton.variant\",\"secondaryButton.target\"]}', '[]', '2026-04-11 12:42:13.788000', '2026-04-11 13:14:44.380000', NULL, NULL),
(14, 'plugin::content-manager.explorer.create', '{}', 'api::homepage.homepage', '{\"fields\":[\"title\",\"summary\",\"hero.kicker\",\"hero.title\",\"hero.subtitle\",\"hero.backgroundImage\",\"hero.primaryButton.label\",\"hero.primaryButton.href\",\"hero.primaryButton.variant\",\"hero.primaryButton.target\",\"hero.secondaryButton.label\",\"hero.secondaryButton.href\",\"hero.secondaryButton.variant\",\"hero.secondaryButton.target\",\"sections\",\"seo.metaTitle\",\"seo.metaDescription\",\"seo.canonicalUrl\",\"seo.metaRobots\",\"seo.ogTitle\",\"seo.ogDescription\",\"seo.ogImage\",\"seo.twitterCard\",\"seo.keywords\"]}', '[]', '2026-04-11 12:42:13.789000', '2026-04-11 12:42:13.789000', NULL, NULL),
(15, 'plugin::content-manager.explorer.create', '{}', 'api::news-article.news-article', '{\"fields\":[\"title\",\"slug\",\"summary\",\"content\",\"coverImage\",\"thumbnail\",\"publishDate\",\"featured\",\"status\",\"category\",\"author\",\"tags\",\"documents\",\"seo.metaTitle\",\"seo.metaDescription\",\"seo.canonicalUrl\",\"seo.metaRobots\",\"seo.ogTitle\",\"seo.ogDescription\",\"seo.ogImage\",\"seo.twitterCard\",\"seo.keywords\"]}', '[]', '2026-04-11 12:42:13.790000', '2026-04-11 12:42:13.790000', NULL, NULL),
(16, 'plugin::content-manager.explorer.create', '{}', 'api::news-category.news-category', '{\"fields\":[\"title\",\"slug\",\"summary\",\"sortOrder\",\"articles\"]}', '[]', '2026-04-11 12:42:13.791000', '2026-04-11 12:42:13.791000', NULL, NULL),
(17, 'plugin::content-manager.explorer.create', '{}', 'api::office-location.office-location', '{\"fields\":[\"name\",\"slug\",\"address\",\"city\",\"phone\",\"email\",\"officeType\",\"workingHours\",\"mapUrl\",\"sortOrder\",\"featured\"]}', '[]', '2026-04-11 12:42:13.792000', '2026-04-11 12:42:13.792000', NULL, NULL),
(18, 'plugin::content-manager.explorer.create', '{}', 'api::page.page', '{\"fields\":[\"title\",\"slug\",\"summary\",\"pageType\",\"coverImage\",\"sections\",\"breadcrumb.show\",\"breadcrumb.customLabel\",\"seo.metaTitle\",\"seo.metaDescription\",\"seo.canonicalUrl\",\"seo.metaRobots\",\"seo.ogTitle\",\"seo.ogDescription\",\"seo.ogImage\",\"seo.twitterCard\",\"seo.keywords\",\"featured\",\"sortOrder\"]}', '[]', '2026-04-11 12:42:13.793000', '2026-04-11 12:42:13.793000', NULL, NULL),
(19, 'plugin::content-manager.explorer.create', '{}', 'api::research-category.research-category', '{\"fields\":[\"title\",\"slug\",\"summary\",\"reports\"]}', '[]', '2026-04-11 12:42:13.794000', '2026-04-11 12:42:13.794000', NULL, NULL),
(20, 'plugin::content-manager.explorer.create', '{}', 'api::research-report.research-report', '{\"fields\":[\"title\",\"slug\",\"summary\",\"content\",\"coverImage\",\"reportType\",\"publishDate\",\"featured\",\"category\",\"author\",\"tags\",\"documents\",\"seo.metaTitle\",\"seo.metaDescription\",\"seo.canonicalUrl\",\"seo.metaRobots\",\"seo.ogTitle\",\"seo.ogDescription\",\"seo.ogImage\",\"seo.twitterCard\",\"seo.keywords\"]}', '[]', '2026-04-11 12:42:13.795000', '2026-04-11 12:42:13.795000', NULL, NULL),
(21, 'plugin::content-manager.explorer.create', '{}', 'api::seo-default.seo-default', '{\"fields\":[\"meta.metaTitle\",\"meta.metaDescription\",\"meta.canonicalUrl\",\"meta.metaRobots\",\"meta.ogTitle\",\"meta.ogDescription\",\"meta.ogImage\",\"meta.twitterCard\",\"meta.keywords\",\"siteUrl\",\"defaultOgImage\",\"organizationSchema\"]}', '[]', '2026-04-11 12:42:13.796000', '2026-04-11 12:42:13.796000', NULL, NULL),
(22, 'plugin::content-manager.explorer.create', '{}', 'api::service.service', '{\"fields\":[\"title\",\"slug\",\"summary\",\"description\",\"coverImage\",\"thumbnail\",\"featured\",\"sortOrder\",\"publishDate\",\"status\",\"category\",\"tags\",\"documents\",\"seo.metaTitle\",\"seo.metaDescription\",\"seo.canonicalUrl\",\"seo.metaRobots\",\"seo.ogTitle\",\"seo.ogDescription\",\"seo.ogImage\",\"seo.twitterCard\",\"seo.keywords\"]}', '[]', '2026-04-11 12:42:13.797000', '2026-04-11 12:42:13.797000', NULL, NULL),
(23, 'plugin::content-manager.explorer.create', '{}', 'api::service-category.service-category', '{\"fields\":[\"title\",\"slug\",\"summary\",\"sortOrder\",\"services\"]}', '[]', '2026-04-11 12:42:13.798000', '2026-04-11 12:42:13.798000', NULL, NULL),
(24, 'plugin::content-manager.explorer.create', '{}', 'api::tag.tag', '{\"fields\":[\"name\",\"slug\",\"description\"]}', '[]', '2026-04-11 12:42:13.799000', '2026-04-11 12:42:13.799000', NULL, NULL),
(25, 'plugin::content-manager.explorer.read', '{}', 'api::announcement.announcement', '{\"fields\":[\"title\",\"slug\",\"summary\",\"content\",\"publishDate\",\"priority\",\"featured\",\"seo.metaTitle\",\"seo.metaDescription\",\"seo.canonicalUrl\",\"seo.metaRobots\",\"seo.ogTitle\",\"seo.ogDescription\",\"seo.ogImage\",\"seo.twitterCard\",\"seo.keywords\"]}', '[]', '2026-04-11 12:42:13.800000', '2026-04-11 12:42:13.800000', NULL, NULL),
(26, 'plugin::content-manager.explorer.read', '{}', 'api::author.author', '{\"fields\":[\"name\",\"slug\",\"title\",\"bio\",\"avatar\",\"email\",\"linkedin\"]}', '[]', '2026-04-11 12:42:13.801000', '2026-04-11 12:42:13.801000', NULL, NULL),
(27, 'plugin::content-manager.explorer.read', '{}', 'api::banner.banner', '{\"fields\":[\"title\",\"slug\",\"summary\",\"image\",\"mobileImage\",\"placement\",\"priority\",\"active\",\"button.label\",\"button.href\",\"button.variant\",\"button.target\"]}', '[]', '2026-04-11 12:42:13.802000', '2026-04-11 12:42:13.802000', NULL, NULL),
(28, 'plugin::content-manager.explorer.read', '{}', 'api::career-job.career-job', '{\"fields\":[\"title\",\"slug\",\"summary\",\"description\",\"department\",\"location\",\"employmentType\",\"salaryRange\",\"publishDate\",\"applicationDeadline\",\"featured\",\"status\",\"applyUrl\",\"seo.metaTitle\",\"seo.metaDescription\",\"seo.canonicalUrl\",\"seo.metaRobots\",\"seo.ogTitle\",\"seo.ogDescription\",\"seo.ogImage\",\"seo.twitterCard\",\"seo.keywords\"]}', '[]', '2026-04-11 12:42:13.803000', '2026-04-11 12:42:13.803000', NULL, NULL),
(29, 'plugin::content-manager.explorer.read', '{}', 'api::contact-page-setting.contact-page-setting', '{\"fields\":[\"title\",\"summary\",\"recipientEmail\",\"mapEmbedUrl\",\"supportChannels.label\",\"supportChannels.href\",\"supportChannels.target\",\"supportChannels.description\",\"supportChannels.children.label\",\"supportChannels.children.href\",\"supportChannels.children.target\",\"supportChannels.children.description\",\"seo.metaTitle\",\"seo.metaDescription\",\"seo.canonicalUrl\",\"seo.metaRobots\",\"seo.ogTitle\",\"seo.ogDescription\",\"seo.ogImage\",\"seo.twitterCard\",\"seo.keywords\"]}', '[]', '2026-04-11 12:42:13.804000', '2026-04-11 13:14:44.380000', NULL, NULL),
(30, 'plugin::content-manager.explorer.read', '{}', 'api::downloadable-document.downloadable-document', '{\"fields\":[\"title\",\"slug\",\"summary\",\"document\",\"thumbnail\",\"documentCategory\",\"publishDate\",\"featured\"]}', '[]', '2026-04-11 12:42:13.805000', '2026-04-11 12:42:13.805000', NULL, NULL),
(31, 'plugin::content-manager.explorer.read', '{}', 'api::event.event', '{\"fields\":[\"title\",\"slug\",\"summary\",\"content\",\"coverImage\",\"publishDate\",\"startDate\",\"endDate\",\"location\",\"isOnline\",\"registrationUrl\",\"featured\",\"status\",\"category\",\"tags\",\"seo.metaTitle\",\"seo.metaDescription\",\"seo.canonicalUrl\",\"seo.metaRobots\",\"seo.ogTitle\",\"seo.ogDescription\",\"seo.ogImage\",\"seo.twitterCard\",\"seo.keywords\"]}', '[]', '2026-04-11 12:42:13.806000', '2026-04-11 12:42:13.806000', NULL, NULL),
(32, 'plugin::content-manager.explorer.read', '{}', 'api::event-category.event-category', '{\"fields\":[\"title\",\"slug\",\"summary\",\"events\"]}', '[]', '2026-04-11 12:42:13.807000', '2026-04-11 12:42:13.807000', NULL, NULL),
(33, 'plugin::content-manager.explorer.read', '{}', 'api::faq-category.faq-category', '{\"fields\":[\"title\",\"slug\",\"summary\",\"sortOrder\",\"items\"]}', '[]', '2026-04-11 12:42:13.807000', '2026-04-11 12:42:13.807000', NULL, NULL),
(34, 'plugin::content-manager.explorer.read', '{}', 'api::faq-item.faq-item', '{\"fields\":[\"question\",\"slug\",\"answer\",\"sortOrder\",\"featured\",\"category\",\"seo.metaTitle\",\"seo.metaDescription\",\"seo.canonicalUrl\",\"seo.metaRobots\",\"seo.ogTitle\",\"seo.ogDescription\",\"seo.ogImage\",\"seo.twitterCard\",\"seo.keywords\"]}', '[]', '2026-04-11 12:42:13.808000', '2026-04-11 12:42:13.808000', NULL, NULL),
(35, 'plugin::content-manager.explorer.read', '{}', 'api::footer-navigation.footer-navigation', '{\"fields\":[\"columns.label\",\"columns.href\",\"columns.target\",\"columns.description\",\"columns.children.label\",\"columns.children.href\",\"columns.children.target\",\"columns.children.description\",\"copyrightText\",\"legalLinks.label\",\"legalLinks.href\",\"legalLinks.target\",\"legalLinks.description\",\"legalLinks.children.label\",\"legalLinks.children.href\",\"legalLinks.children.target\",\"legalLinks.children.description\"]}', '[]', '2026-04-11 12:42:13.809000', '2026-04-11 13:14:44.380000', NULL, NULL),
(36, 'plugin::content-manager.explorer.read', '{}', 'api::global-setting.global-setting', '{\"fields\":[\"siteName\",\"siteTagline\",\"siteDescription\",\"organizationName\",\"logo\",\"favicon\",\"supportHotline\",\"supportEmail\",\"address\",\"socialLinks.label\",\"socialLinks.href\",\"socialLinks.target\",\"socialLinks.description\",\"socialLinks.children.label\",\"socialLinks.children.href\",\"socialLinks.children.target\",\"socialLinks.children.description\",\"defaultSeo.metaTitle\",\"defaultSeo.metaDescription\",\"defaultSeo.canonicalUrl\",\"defaultSeo.metaRobots\",\"defaultSeo.ogTitle\",\"defaultSeo.ogDescription\",\"defaultSeo.ogImage\",\"defaultSeo.twitterCard\",\"defaultSeo.keywords\"]}', '[]', '2026-04-11 12:42:13.810000', '2026-04-11 13:14:44.380000', NULL, NULL),
(37, 'plugin::content-manager.explorer.read', '{}', 'api::header-navigation.header-navigation', '{\"fields\":[\"items.label\",\"items.href\",\"items.target\",\"items.description\",\"items.children.label\",\"items.children.href\",\"items.children.target\",\"items.children.description\",\"primaryButton.label\",\"primaryButton.href\",\"primaryButton.variant\",\"primaryButton.target\",\"secondaryButton.label\",\"secondaryButton.href\",\"secondaryButton.variant\",\"secondaryButton.target\"]}', '[]', '2026-04-11 12:42:13.812000', '2026-04-11 13:14:44.380000', NULL, NULL),
(38, 'plugin::content-manager.explorer.read', '{}', 'api::homepage.homepage', '{\"fields\":[\"title\",\"summary\",\"hero.kicker\",\"hero.title\",\"hero.subtitle\",\"hero.backgroundImage\",\"hero.primaryButton.label\",\"hero.primaryButton.href\",\"hero.primaryButton.variant\",\"hero.primaryButton.target\",\"hero.secondaryButton.label\",\"hero.secondaryButton.href\",\"hero.secondaryButton.variant\",\"hero.secondaryButton.target\",\"sections\",\"seo.metaTitle\",\"seo.metaDescription\",\"seo.canonicalUrl\",\"seo.metaRobots\",\"seo.ogTitle\",\"seo.ogDescription\",\"seo.ogImage\",\"seo.twitterCard\",\"seo.keywords\"]}', '[]', '2026-04-11 12:42:13.813000', '2026-04-11 12:42:13.813000', NULL, NULL),
(39, 'plugin::content-manager.explorer.read', '{}', 'api::news-article.news-article', '{\"fields\":[\"title\",\"slug\",\"summary\",\"content\",\"coverImage\",\"thumbnail\",\"publishDate\",\"featured\",\"status\",\"category\",\"author\",\"tags\",\"documents\",\"seo.metaTitle\",\"seo.metaDescription\",\"seo.canonicalUrl\",\"seo.metaRobots\",\"seo.ogTitle\",\"seo.ogDescription\",\"seo.ogImage\",\"seo.twitterCard\",\"seo.keywords\"]}', '[]', '2026-04-11 12:42:13.814000', '2026-04-11 12:42:13.814000', NULL, NULL),
(40, 'plugin::content-manager.explorer.read', '{}', 'api::news-category.news-category', '{\"fields\":[\"title\",\"slug\",\"summary\",\"sortOrder\",\"articles\"]}', '[]', '2026-04-11 12:42:13.815000', '2026-04-11 12:42:13.815000', NULL, NULL),
(41, 'plugin::content-manager.explorer.read', '{}', 'api::office-location.office-location', '{\"fields\":[\"name\",\"slug\",\"address\",\"city\",\"phone\",\"email\",\"officeType\",\"workingHours\",\"mapUrl\",\"sortOrder\",\"featured\"]}', '[]', '2026-04-11 12:42:13.815000', '2026-04-11 12:42:13.815000', NULL, NULL),
(42, 'plugin::content-manager.explorer.read', '{}', 'api::page.page', '{\"fields\":[\"title\",\"slug\",\"summary\",\"pageType\",\"coverImage\",\"sections\",\"breadcrumb.show\",\"breadcrumb.customLabel\",\"seo.metaTitle\",\"seo.metaDescription\",\"seo.canonicalUrl\",\"seo.metaRobots\",\"seo.ogTitle\",\"seo.ogDescription\",\"seo.ogImage\",\"seo.twitterCard\",\"seo.keywords\",\"featured\",\"sortOrder\"]}', '[]', '2026-04-11 12:42:13.816000', '2026-04-11 12:42:13.816000', NULL, NULL),
(43, 'plugin::content-manager.explorer.read', '{}', 'api::research-category.research-category', '{\"fields\":[\"title\",\"slug\",\"summary\",\"reports\"]}', '[]', '2026-04-11 12:42:13.817000', '2026-04-11 12:42:13.817000', NULL, NULL),
(44, 'plugin::content-manager.explorer.read', '{}', 'api::research-report.research-report', '{\"fields\":[\"title\",\"slug\",\"summary\",\"content\",\"coverImage\",\"reportType\",\"publishDate\",\"featured\",\"category\",\"author\",\"tags\",\"documents\",\"seo.metaTitle\",\"seo.metaDescription\",\"seo.canonicalUrl\",\"seo.metaRobots\",\"seo.ogTitle\",\"seo.ogDescription\",\"seo.ogImage\",\"seo.twitterCard\",\"seo.keywords\"]}', '[]', '2026-04-11 12:42:13.818000', '2026-04-11 12:42:13.818000', NULL, NULL),
(45, 'plugin::content-manager.explorer.read', '{}', 'api::seo-default.seo-default', '{\"fields\":[\"meta.metaTitle\",\"meta.metaDescription\",\"meta.canonicalUrl\",\"meta.metaRobots\",\"meta.ogTitle\",\"meta.ogDescription\",\"meta.ogImage\",\"meta.twitterCard\",\"meta.keywords\",\"siteUrl\",\"defaultOgImage\",\"organizationSchema\"]}', '[]', '2026-04-11 12:42:13.819000', '2026-04-11 12:42:13.819000', NULL, NULL),
(46, 'plugin::content-manager.explorer.read', '{}', 'api::service.service', '{\"fields\":[\"title\",\"slug\",\"summary\",\"description\",\"coverImage\",\"thumbnail\",\"featured\",\"sortOrder\",\"publishDate\",\"status\",\"category\",\"tags\",\"documents\",\"seo.metaTitle\",\"seo.metaDescription\",\"seo.canonicalUrl\",\"seo.metaRobots\",\"seo.ogTitle\",\"seo.ogDescription\",\"seo.ogImage\",\"seo.twitterCard\",\"seo.keywords\"]}', '[]', '2026-04-11 12:42:13.819000', '2026-04-11 12:42:13.819000', NULL, NULL),
(47, 'plugin::content-manager.explorer.read', '{}', 'api::service-category.service-category', '{\"fields\":[\"title\",\"slug\",\"summary\",\"sortOrder\",\"services\"]}', '[]', '2026-04-11 12:42:13.820000', '2026-04-11 12:42:13.820000', NULL, NULL),
(48, 'plugin::content-manager.explorer.read', '{}', 'api::tag.tag', '{\"fields\":[\"name\",\"slug\",\"description\"]}', '[]', '2026-04-11 12:42:13.821000', '2026-04-11 12:42:13.821000', NULL, NULL),
(49, 'plugin::content-manager.explorer.update', '{}', 'api::announcement.announcement', '{\"fields\":[\"title\",\"slug\",\"summary\",\"content\",\"publishDate\",\"priority\",\"featured\",\"seo.metaTitle\",\"seo.metaDescription\",\"seo.canonicalUrl\",\"seo.metaRobots\",\"seo.ogTitle\",\"seo.ogDescription\",\"seo.ogImage\",\"seo.twitterCard\",\"seo.keywords\"]}', '[]', '2026-04-11 12:42:13.822000', '2026-04-11 12:42:13.822000', NULL, NULL),
(50, 'plugin::content-manager.explorer.update', '{}', 'api::author.author', '{\"fields\":[\"name\",\"slug\",\"title\",\"bio\",\"avatar\",\"email\",\"linkedin\"]}', '[]', '2026-04-11 12:42:13.822000', '2026-04-11 12:42:13.822000', NULL, NULL),
(51, 'plugin::content-manager.explorer.update', '{}', 'api::banner.banner', '{\"fields\":[\"title\",\"slug\",\"summary\",\"image\",\"mobileImage\",\"placement\",\"priority\",\"active\",\"button.label\",\"button.href\",\"button.variant\",\"button.target\"]}', '[]', '2026-04-11 12:42:13.823000', '2026-04-11 12:42:13.823000', NULL, NULL),
(52, 'plugin::content-manager.explorer.update', '{}', 'api::career-job.career-job', '{\"fields\":[\"title\",\"slug\",\"summary\",\"description\",\"department\",\"location\",\"employmentType\",\"salaryRange\",\"publishDate\",\"applicationDeadline\",\"featured\",\"status\",\"applyUrl\",\"seo.metaTitle\",\"seo.metaDescription\",\"seo.canonicalUrl\",\"seo.metaRobots\",\"seo.ogTitle\",\"seo.ogDescription\",\"seo.ogImage\",\"seo.twitterCard\",\"seo.keywords\"]}', '[]', '2026-04-11 12:42:13.824000', '2026-04-11 12:42:13.824000', NULL, NULL),
(53, 'plugin::content-manager.explorer.update', '{}', 'api::contact-page-setting.contact-page-setting', '{\"fields\":[\"title\",\"summary\",\"recipientEmail\",\"mapEmbedUrl\",\"supportChannels.label\",\"supportChannels.href\",\"supportChannels.target\",\"supportChannels.description\",\"supportChannels.children.label\",\"supportChannels.children.href\",\"supportChannels.children.target\",\"supportChannels.children.description\",\"seo.metaTitle\",\"seo.metaDescription\",\"seo.canonicalUrl\",\"seo.metaRobots\",\"seo.ogTitle\",\"seo.ogDescription\",\"seo.ogImage\",\"seo.twitterCard\",\"seo.keywords\"]}', '[]', '2026-04-11 12:42:13.825000', '2026-04-11 13:14:44.380000', NULL, NULL),
(54, 'plugin::content-manager.explorer.update', '{}', 'api::downloadable-document.downloadable-document', '{\"fields\":[\"title\",\"slug\",\"summary\",\"document\",\"thumbnail\",\"documentCategory\",\"publishDate\",\"featured\"]}', '[]', '2026-04-11 12:42:13.825000', '2026-04-11 12:42:13.825000', NULL, NULL),
(55, 'plugin::content-manager.explorer.update', '{}', 'api::event.event', '{\"fields\":[\"title\",\"slug\",\"summary\",\"content\",\"coverImage\",\"publishDate\",\"startDate\",\"endDate\",\"location\",\"isOnline\",\"registrationUrl\",\"featured\",\"status\",\"category\",\"tags\",\"seo.metaTitle\",\"seo.metaDescription\",\"seo.canonicalUrl\",\"seo.metaRobots\",\"seo.ogTitle\",\"seo.ogDescription\",\"seo.ogImage\",\"seo.twitterCard\",\"seo.keywords\"]}', '[]', '2026-04-11 12:42:13.826000', '2026-04-11 12:42:13.826000', NULL, NULL),
(56, 'plugin::content-manager.explorer.update', '{}', 'api::event-category.event-category', '{\"fields\":[\"title\",\"slug\",\"summary\",\"events\"]}', '[]', '2026-04-11 12:42:13.827000', '2026-04-11 12:42:13.827000', NULL, NULL),
(57, 'plugin::content-manager.explorer.update', '{}', 'api::faq-category.faq-category', '{\"fields\":[\"title\",\"slug\",\"summary\",\"sortOrder\",\"items\"]}', '[]', '2026-04-11 12:42:13.828000', '2026-04-11 12:42:13.828000', NULL, NULL),
(58, 'plugin::content-manager.explorer.update', '{}', 'api::faq-item.faq-item', '{\"fields\":[\"question\",\"slug\",\"answer\",\"sortOrder\",\"featured\",\"category\",\"seo.metaTitle\",\"seo.metaDescription\",\"seo.canonicalUrl\",\"seo.metaRobots\",\"seo.ogTitle\",\"seo.ogDescription\",\"seo.ogImage\",\"seo.twitterCard\",\"seo.keywords\"]}', '[]', '2026-04-11 12:42:13.828000', '2026-04-11 12:42:13.828000', NULL, NULL),
(59, 'plugin::content-manager.explorer.update', '{}', 'api::footer-navigation.footer-navigation', '{\"fields\":[\"columns.label\",\"columns.href\",\"columns.target\",\"columns.description\",\"columns.children.label\",\"columns.children.href\",\"columns.children.target\",\"columns.children.description\",\"copyrightText\",\"legalLinks.label\",\"legalLinks.href\",\"legalLinks.target\",\"legalLinks.description\",\"legalLinks.children.label\",\"legalLinks.children.href\",\"legalLinks.children.target\",\"legalLinks.children.description\"]}', '[]', '2026-04-11 12:42:13.829000', '2026-04-11 13:14:44.380000', NULL, NULL),
(60, 'plugin::content-manager.explorer.update', '{}', 'api::global-setting.global-setting', '{\"fields\":[\"siteName\",\"siteTagline\",\"siteDescription\",\"organizationName\",\"logo\",\"favicon\",\"supportHotline\",\"supportEmail\",\"address\",\"socialLinks.label\",\"socialLinks.href\",\"socialLinks.target\",\"socialLinks.description\",\"socialLinks.children.label\",\"socialLinks.children.href\",\"socialLinks.children.target\",\"socialLinks.children.description\",\"defaultSeo.metaTitle\",\"defaultSeo.metaDescription\",\"defaultSeo.canonicalUrl\",\"defaultSeo.metaRobots\",\"defaultSeo.ogTitle\",\"defaultSeo.ogDescription\",\"defaultSeo.ogImage\",\"defaultSeo.twitterCard\",\"defaultSeo.keywords\"]}', '[]', '2026-04-11 12:42:13.830000', '2026-04-11 13:14:44.380000', NULL, NULL),
(61, 'plugin::content-manager.explorer.update', '{}', 'api::header-navigation.header-navigation', '{\"fields\":[\"items.label\",\"items.href\",\"items.target\",\"items.description\",\"items.children.label\",\"items.children.href\",\"items.children.target\",\"items.children.description\",\"primaryButton.label\",\"primaryButton.href\",\"primaryButton.variant\",\"primaryButton.target\",\"secondaryButton.label\",\"secondaryButton.href\",\"secondaryButton.variant\",\"secondaryButton.target\"]}', '[]', '2026-04-11 12:42:13.831000', '2026-04-11 13:14:44.380000', NULL, NULL),
(62, 'plugin::content-manager.explorer.update', '{}', 'api::homepage.homepage', '{\"fields\":[\"title\",\"summary\",\"hero.kicker\",\"hero.title\",\"hero.subtitle\",\"hero.backgroundImage\",\"hero.primaryButton.label\",\"hero.primaryButton.href\",\"hero.primaryButton.variant\",\"hero.primaryButton.target\",\"hero.secondaryButton.label\",\"hero.secondaryButton.href\",\"hero.secondaryButton.variant\",\"hero.secondaryButton.target\",\"sections\",\"seo.metaTitle\",\"seo.metaDescription\",\"seo.canonicalUrl\",\"seo.metaRobots\",\"seo.ogTitle\",\"seo.ogDescription\",\"seo.ogImage\",\"seo.twitterCard\",\"seo.keywords\"]}', '[]', '2026-04-11 12:42:13.832000', '2026-04-11 12:42:13.832000', NULL, NULL),
(63, 'plugin::content-manager.explorer.update', '{}', 'api::news-article.news-article', '{\"fields\":[\"title\",\"slug\",\"summary\",\"content\",\"coverImage\",\"thumbnail\",\"publishDate\",\"featured\",\"status\",\"category\",\"author\",\"tags\",\"documents\",\"seo.metaTitle\",\"seo.metaDescription\",\"seo.canonicalUrl\",\"seo.metaRobots\",\"seo.ogTitle\",\"seo.ogDescription\",\"seo.ogImage\",\"seo.twitterCard\",\"seo.keywords\"]}', '[]', '2026-04-11 12:42:13.832000', '2026-04-11 12:42:13.832000', NULL, NULL),
(64, 'plugin::content-manager.explorer.update', '{}', 'api::news-category.news-category', '{\"fields\":[\"title\",\"slug\",\"summary\",\"sortOrder\",\"articles\"]}', '[]', '2026-04-11 12:42:13.833000', '2026-04-11 12:42:13.833000', NULL, NULL),
(65, 'plugin::content-manager.explorer.update', '{}', 'api::office-location.office-location', '{\"fields\":[\"name\",\"slug\",\"address\",\"city\",\"phone\",\"email\",\"officeType\",\"workingHours\",\"mapUrl\",\"sortOrder\",\"featured\"]}', '[]', '2026-04-11 12:42:13.834000', '2026-04-11 12:42:13.834000', NULL, NULL),
(66, 'plugin::content-manager.explorer.update', '{}', 'api::page.page', '{\"fields\":[\"title\",\"slug\",\"summary\",\"pageType\",\"coverImage\",\"sections\",\"breadcrumb.show\",\"breadcrumb.customLabel\",\"seo.metaTitle\",\"seo.metaDescription\",\"seo.canonicalUrl\",\"seo.metaRobots\",\"seo.ogTitle\",\"seo.ogDescription\",\"seo.ogImage\",\"seo.twitterCard\",\"seo.keywords\",\"featured\",\"sortOrder\"]}', '[]', '2026-04-11 12:42:13.835000', '2026-04-11 12:42:13.835000', NULL, NULL),
(67, 'plugin::content-manager.explorer.update', '{}', 'api::research-category.research-category', '{\"fields\":[\"title\",\"slug\",\"summary\",\"reports\"]}', '[]', '2026-04-11 12:42:13.835000', '2026-04-11 12:42:13.835000', NULL, NULL),
(68, 'plugin::content-manager.explorer.update', '{}', 'api::research-report.research-report', '{\"fields\":[\"title\",\"slug\",\"summary\",\"content\",\"coverImage\",\"reportType\",\"publishDate\",\"featured\",\"category\",\"author\",\"tags\",\"documents\",\"seo.metaTitle\",\"seo.metaDescription\",\"seo.canonicalUrl\",\"seo.metaRobots\",\"seo.ogTitle\",\"seo.ogDescription\",\"seo.ogImage\",\"seo.twitterCard\",\"seo.keywords\"]}', '[]', '2026-04-11 12:42:13.836000', '2026-04-11 12:42:13.836000', NULL, NULL),
(69, 'plugin::content-manager.explorer.update', '{}', 'api::seo-default.seo-default', '{\"fields\":[\"meta.metaTitle\",\"meta.metaDescription\",\"meta.canonicalUrl\",\"meta.metaRobots\",\"meta.ogTitle\",\"meta.ogDescription\",\"meta.ogImage\",\"meta.twitterCard\",\"meta.keywords\",\"siteUrl\",\"defaultOgImage\",\"organizationSchema\"]}', '[]', '2026-04-11 12:42:13.837000', '2026-04-11 12:42:13.837000', NULL, NULL),
(70, 'plugin::content-manager.explorer.update', '{}', 'api::service.service', '{\"fields\":[\"title\",\"slug\",\"summary\",\"description\",\"coverImage\",\"thumbnail\",\"featured\",\"sortOrder\",\"publishDate\",\"status\",\"category\",\"tags\",\"documents\",\"seo.metaTitle\",\"seo.metaDescription\",\"seo.canonicalUrl\",\"seo.metaRobots\",\"seo.ogTitle\",\"seo.ogDescription\",\"seo.ogImage\",\"seo.twitterCard\",\"seo.keywords\"]}', '[]', '2026-04-11 12:42:13.837000', '2026-04-11 12:42:13.837000', NULL, NULL),
(71, 'plugin::content-manager.explorer.update', '{}', 'api::service-category.service-category', '{\"fields\":[\"title\",\"slug\",\"summary\",\"sortOrder\",\"services\"]}', '[]', '2026-04-11 12:42:13.838000', '2026-04-11 12:42:13.838000', NULL, NULL),
(72, 'plugin::content-manager.explorer.update', '{}', 'api::tag.tag', '{\"fields\":[\"name\",\"slug\",\"description\"]}', '[]', '2026-04-11 12:42:13.839000', '2026-04-11 12:42:13.839000', NULL, NULL),
(121, 'plugin::upload.read', '{}', NULL, '{}', '[]', '2026-04-11 12:42:13.874000', '2026-04-11 12:42:13.874000', NULL, NULL),
(122, 'plugin::upload.configure-view', '{}', NULL, '{}', '[]', '2026-04-11 12:42:13.874000', '2026-04-11 12:42:13.874000', NULL, NULL),
(123, 'plugin::upload.assets.create', '{}', NULL, '{}', '[]', '2026-04-11 12:42:13.875000', '2026-04-11 12:42:13.875000', NULL, NULL),
(124, 'plugin::upload.assets.update', '{}', NULL, '{}', '[]', '2026-04-11 12:42:13.876000', '2026-04-11 12:42:13.876000', NULL, NULL),
(125, 'plugin::upload.assets.download', '{}', NULL, '{}', '[]', '2026-04-11 12:42:13.877000', '2026-04-11 12:42:13.877000', NULL, NULL),
(126, 'plugin::upload.assets.copy-link', '{}', NULL, '{}', '[]', '2026-04-11 12:42:13.878000', '2026-04-11 12:42:13.878000', NULL, NULL),
(127, 'plugin::content-manager.explorer.create', '{}', 'api::announcement.announcement', '{\"fields\":[\"title\",\"slug\",\"summary\",\"content\",\"publishDate\",\"priority\",\"featured\",\"seo.metaTitle\",\"seo.metaDescription\",\"seo.canonicalUrl\",\"seo.metaRobots\",\"seo.ogTitle\",\"seo.ogDescription\",\"seo.ogImage\",\"seo.twitterCard\",\"seo.keywords\"]}', '[\"admin::is-creator\"]', '2026-04-11 12:42:13.880000', '2026-04-11 12:42:13.880000', NULL, NULL),
(128, 'plugin::content-manager.explorer.create', '{}', 'api::author.author', '{\"fields\":[\"name\",\"slug\",\"title\",\"bio\",\"avatar\",\"email\",\"linkedin\"]}', '[\"admin::is-creator\"]', '2026-04-11 12:42:13.882000', '2026-04-11 12:42:13.882000', NULL, NULL),
(129, 'plugin::content-manager.explorer.create', '{}', 'api::banner.banner', '{\"fields\":[\"title\",\"slug\",\"summary\",\"image\",\"mobileImage\",\"placement\",\"priority\",\"active\",\"button.label\",\"button.href\",\"button.variant\",\"button.target\"]}', '[\"admin::is-creator\"]', '2026-04-11 12:42:13.882000', '2026-04-11 12:42:13.882000', NULL, NULL),
(130, 'plugin::content-manager.explorer.create', '{}', 'api::career-job.career-job', '{\"fields\":[\"title\",\"slug\",\"summary\",\"description\",\"department\",\"location\",\"employmentType\",\"salaryRange\",\"publishDate\",\"applicationDeadline\",\"featured\",\"status\",\"applyUrl\",\"seo.metaTitle\",\"seo.metaDescription\",\"seo.canonicalUrl\",\"seo.metaRobots\",\"seo.ogTitle\",\"seo.ogDescription\",\"seo.ogImage\",\"seo.twitterCard\",\"seo.keywords\"]}', '[\"admin::is-creator\"]', '2026-04-11 12:42:13.883000', '2026-04-11 12:42:13.883000', NULL, NULL),
(131, 'plugin::content-manager.explorer.create', '{}', 'api::contact-page-setting.contact-page-setting', '{\"fields\":[\"title\",\"summary\",\"recipientEmail\",\"mapEmbedUrl\",\"supportChannels.label\",\"supportChannels.href\",\"supportChannels.target\",\"supportChannels.description\",\"supportChannels.children.label\",\"supportChannels.children.href\",\"supportChannels.children.target\",\"supportChannels.children.description\",\"seo.metaTitle\",\"seo.metaDescription\",\"seo.canonicalUrl\",\"seo.metaRobots\",\"seo.ogTitle\",\"seo.ogDescription\",\"seo.ogImage\",\"seo.twitterCard\",\"seo.keywords\"]}', '[\"admin::is-creator\"]', '2026-04-11 12:42:13.884000', '2026-04-11 13:14:44.380000', NULL, NULL),
(132, 'plugin::content-manager.explorer.create', '{}', 'api::downloadable-document.downloadable-document', '{\"fields\":[\"title\",\"slug\",\"summary\",\"document\",\"thumbnail\",\"documentCategory\",\"publishDate\",\"featured\"]}', '[\"admin::is-creator\"]', '2026-04-11 12:42:13.885000', '2026-04-11 12:42:13.885000', NULL, NULL),
(133, 'plugin::content-manager.explorer.create', '{}', 'api::event.event', '{\"fields\":[\"title\",\"slug\",\"summary\",\"content\",\"coverImage\",\"publishDate\",\"startDate\",\"endDate\",\"location\",\"isOnline\",\"registrationUrl\",\"featured\",\"status\",\"category\",\"tags\",\"seo.metaTitle\",\"seo.metaDescription\",\"seo.canonicalUrl\",\"seo.metaRobots\",\"seo.ogTitle\",\"seo.ogDescription\",\"seo.ogImage\",\"seo.twitterCard\",\"seo.keywords\"]}', '[\"admin::is-creator\"]', '2026-04-11 12:42:13.885000', '2026-04-11 12:42:13.885000', NULL, NULL),
(134, 'plugin::content-manager.explorer.create', '{}', 'api::event-category.event-category', '{\"fields\":[\"title\",\"slug\",\"summary\",\"events\"]}', '[\"admin::is-creator\"]', '2026-04-11 12:42:13.886000', '2026-04-11 12:42:13.886000', NULL, NULL),
(135, 'plugin::content-manager.explorer.create', '{}', 'api::faq-category.faq-category', '{\"fields\":[\"title\",\"slug\",\"summary\",\"sortOrder\",\"items\"]}', '[\"admin::is-creator\"]', '2026-04-11 12:42:13.887000', '2026-04-11 12:42:13.887000', NULL, NULL),
(136, 'plugin::content-manager.explorer.create', '{}', 'api::faq-item.faq-item', '{\"fields\":[\"question\",\"slug\",\"answer\",\"sortOrder\",\"featured\",\"category\",\"seo.metaTitle\",\"seo.metaDescription\",\"seo.canonicalUrl\",\"seo.metaRobots\",\"seo.ogTitle\",\"seo.ogDescription\",\"seo.ogImage\",\"seo.twitterCard\",\"seo.keywords\"]}', '[\"admin::is-creator\"]', '2026-04-11 12:42:13.888000', '2026-04-11 12:42:13.888000', NULL, NULL),
(137, 'plugin::content-manager.explorer.create', '{}', 'api::footer-navigation.footer-navigation', '{\"fields\":[\"columns.label\",\"columns.href\",\"columns.target\",\"columns.description\",\"columns.children.label\",\"columns.children.href\",\"columns.children.target\",\"columns.children.description\",\"copyrightText\",\"legalLinks.label\",\"legalLinks.href\",\"legalLinks.target\",\"legalLinks.description\",\"legalLinks.children.label\",\"legalLinks.children.href\",\"legalLinks.children.target\",\"legalLinks.children.description\"]}', '[\"admin::is-creator\"]', '2026-04-11 12:42:13.889000', '2026-04-11 13:14:44.380000', NULL, NULL),
(138, 'plugin::content-manager.explorer.create', '{}', 'api::global-setting.global-setting', '{\"fields\":[\"siteName\",\"siteTagline\",\"siteDescription\",\"organizationName\",\"logo\",\"favicon\",\"supportHotline\",\"supportEmail\",\"address\",\"socialLinks.label\",\"socialLinks.href\",\"socialLinks.target\",\"socialLinks.description\",\"socialLinks.children.label\",\"socialLinks.children.href\",\"socialLinks.children.target\",\"socialLinks.children.description\",\"defaultSeo.metaTitle\",\"defaultSeo.metaDescription\",\"defaultSeo.canonicalUrl\",\"defaultSeo.metaRobots\",\"defaultSeo.ogTitle\",\"defaultSeo.ogDescription\",\"defaultSeo.ogImage\",\"defaultSeo.twitterCard\",\"defaultSeo.keywords\"]}', '[\"admin::is-creator\"]', '2026-04-11 12:42:13.890000', '2026-04-11 13:14:44.380000', NULL, NULL),
(139, 'plugin::content-manager.explorer.create', '{}', 'api::header-navigation.header-navigation', '{\"fields\":[\"items.label\",\"items.href\",\"items.target\",\"items.description\",\"items.children.label\",\"items.children.href\",\"items.children.target\",\"items.children.description\",\"primaryButton.label\",\"primaryButton.href\",\"primaryButton.variant\",\"primaryButton.target\",\"secondaryButton.label\",\"secondaryButton.href\",\"secondaryButton.variant\",\"secondaryButton.target\"]}', '[\"admin::is-creator\"]', '2026-04-11 12:42:13.891000', '2026-04-11 13:14:44.380000', NULL, NULL),
(140, 'plugin::content-manager.explorer.create', '{}', 'api::homepage.homepage', '{\"fields\":[\"title\",\"summary\",\"hero.kicker\",\"hero.title\",\"hero.subtitle\",\"hero.backgroundImage\",\"hero.primaryButton.label\",\"hero.primaryButton.href\",\"hero.primaryButton.variant\",\"hero.primaryButton.target\",\"hero.secondaryButton.label\",\"hero.secondaryButton.href\",\"hero.secondaryButton.variant\",\"hero.secondaryButton.target\",\"sections\",\"seo.metaTitle\",\"seo.metaDescription\",\"seo.canonicalUrl\",\"seo.metaRobots\",\"seo.ogTitle\",\"seo.ogDescription\",\"seo.ogImage\",\"seo.twitterCard\",\"seo.keywords\"]}', '[\"admin::is-creator\"]', '2026-04-11 12:42:13.892000', '2026-04-11 12:42:13.892000', NULL, NULL),
(141, 'plugin::content-manager.explorer.create', '{}', 'api::news-article.news-article', '{\"fields\":[\"title\",\"slug\",\"summary\",\"content\",\"coverImage\",\"thumbnail\",\"publishDate\",\"featured\",\"status\",\"category\",\"author\",\"tags\",\"documents\",\"seo.metaTitle\",\"seo.metaDescription\",\"seo.canonicalUrl\",\"seo.metaRobots\",\"seo.ogTitle\",\"seo.ogDescription\",\"seo.ogImage\",\"seo.twitterCard\",\"seo.keywords\"]}', '[\"admin::is-creator\"]', '2026-04-11 12:42:13.893000', '2026-04-11 12:42:13.893000', NULL, NULL),
(142, 'plugin::content-manager.explorer.create', '{}', 'api::news-category.news-category', '{\"fields\":[\"title\",\"slug\",\"summary\",\"sortOrder\",\"articles\"]}', '[\"admin::is-creator\"]', '2026-04-11 12:42:13.893000', '2026-04-11 12:42:13.893000', NULL, NULL),
(143, 'plugin::content-manager.explorer.create', '{}', 'api::office-location.office-location', '{\"fields\":[\"name\",\"slug\",\"address\",\"city\",\"phone\",\"email\",\"officeType\",\"workingHours\",\"mapUrl\",\"sortOrder\",\"featured\"]}', '[\"admin::is-creator\"]', '2026-04-11 12:42:13.894000', '2026-04-11 12:42:13.894000', NULL, NULL),
(144, 'plugin::content-manager.explorer.create', '{}', 'api::page.page', '{\"fields\":[\"title\",\"slug\",\"summary\",\"pageType\",\"coverImage\",\"sections\",\"breadcrumb.show\",\"breadcrumb.customLabel\",\"seo.metaTitle\",\"seo.metaDescription\",\"seo.canonicalUrl\",\"seo.metaRobots\",\"seo.ogTitle\",\"seo.ogDescription\",\"seo.ogImage\",\"seo.twitterCard\",\"seo.keywords\",\"featured\",\"sortOrder\"]}', '[\"admin::is-creator\"]', '2026-04-11 12:42:13.895000', '2026-04-11 12:42:13.895000', NULL, NULL),
(145, 'plugin::content-manager.explorer.create', '{}', 'api::research-category.research-category', '{\"fields\":[\"title\",\"slug\",\"summary\",\"reports\"]}', '[\"admin::is-creator\"]', '2026-04-11 12:42:13.895000', '2026-04-11 12:42:13.895000', NULL, NULL),
(146, 'plugin::content-manager.explorer.create', '{}', 'api::research-report.research-report', '{\"fields\":[\"title\",\"slug\",\"summary\",\"content\",\"coverImage\",\"reportType\",\"publishDate\",\"featured\",\"category\",\"author\",\"tags\",\"documents\",\"seo.metaTitle\",\"seo.metaDescription\",\"seo.canonicalUrl\",\"seo.metaRobots\",\"seo.ogTitle\",\"seo.ogDescription\",\"seo.ogImage\",\"seo.twitterCard\",\"seo.keywords\"]}', '[\"admin::is-creator\"]', '2026-04-11 12:42:13.896000', '2026-04-11 12:42:13.896000', NULL, NULL),
(147, 'plugin::content-manager.explorer.create', '{}', 'api::seo-default.seo-default', '{\"fields\":[\"meta.metaTitle\",\"meta.metaDescription\",\"meta.canonicalUrl\",\"meta.metaRobots\",\"meta.ogTitle\",\"meta.ogDescription\",\"meta.ogImage\",\"meta.twitterCard\",\"meta.keywords\",\"siteUrl\",\"defaultOgImage\",\"organizationSchema\"]}', '[\"admin::is-creator\"]', '2026-04-11 12:42:13.897000', '2026-04-11 12:42:13.897000', NULL, NULL),
(148, 'plugin::content-manager.explorer.create', '{}', 'api::service.service', '{\"fields\":[\"title\",\"slug\",\"summary\",\"description\",\"coverImage\",\"thumbnail\",\"featured\",\"sortOrder\",\"publishDate\",\"status\",\"category\",\"tags\",\"documents\",\"seo.metaTitle\",\"seo.metaDescription\",\"seo.canonicalUrl\",\"seo.metaRobots\",\"seo.ogTitle\",\"seo.ogDescription\",\"seo.ogImage\",\"seo.twitterCard\",\"seo.keywords\"]}', '[\"admin::is-creator\"]', '2026-04-11 12:42:13.897000', '2026-04-11 12:42:13.897000', NULL, NULL),
(149, 'plugin::content-manager.explorer.create', '{}', 'api::service-category.service-category', '{\"fields\":[\"title\",\"slug\",\"summary\",\"sortOrder\",\"services\"]}', '[\"admin::is-creator\"]', '2026-04-11 12:42:13.898000', '2026-04-11 12:42:13.898000', NULL, NULL),
(150, 'plugin::content-manager.explorer.create', '{}', 'api::tag.tag', '{\"fields\":[\"name\",\"slug\",\"description\"]}', '[\"admin::is-creator\"]', '2026-04-11 12:42:13.899000', '2026-04-11 12:42:13.899000', NULL, NULL),
(151, 'plugin::content-manager.explorer.read', '{}', 'api::announcement.announcement', '{\"fields\":[\"title\",\"slug\",\"summary\",\"content\",\"publishDate\",\"priority\",\"featured\",\"seo.metaTitle\",\"seo.metaDescription\",\"seo.canonicalUrl\",\"seo.metaRobots\",\"seo.ogTitle\",\"seo.ogDescription\",\"seo.ogImage\",\"seo.twitterCard\",\"seo.keywords\"]}', '[\"admin::is-creator\"]', '2026-04-11 12:42:13.899000', '2026-04-11 12:42:13.899000', NULL, NULL),
(152, 'plugin::content-manager.explorer.read', '{}', 'api::author.author', '{\"fields\":[\"name\",\"slug\",\"title\",\"bio\",\"avatar\",\"email\",\"linkedin\"]}', '[\"admin::is-creator\"]', '2026-04-11 12:42:13.900000', '2026-04-11 12:42:13.900000', NULL, NULL),
(153, 'plugin::content-manager.explorer.read', '{}', 'api::banner.banner', '{\"fields\":[\"title\",\"slug\",\"summary\",\"image\",\"mobileImage\",\"placement\",\"priority\",\"active\",\"button.label\",\"button.href\",\"button.variant\",\"button.target\"]}', '[\"admin::is-creator\"]', '2026-04-11 12:42:13.901000', '2026-04-11 12:42:13.901000', NULL, NULL),
(154, 'plugin::content-manager.explorer.read', '{}', 'api::career-job.career-job', '{\"fields\":[\"title\",\"slug\",\"summary\",\"description\",\"department\",\"location\",\"employmentType\",\"salaryRange\",\"publishDate\",\"applicationDeadline\",\"featured\",\"status\",\"applyUrl\",\"seo.metaTitle\",\"seo.metaDescription\",\"seo.canonicalUrl\",\"seo.metaRobots\",\"seo.ogTitle\",\"seo.ogDescription\",\"seo.ogImage\",\"seo.twitterCard\",\"seo.keywords\"]}', '[\"admin::is-creator\"]', '2026-04-11 12:42:13.901000', '2026-04-11 12:42:13.901000', NULL, NULL),
(155, 'plugin::content-manager.explorer.read', '{}', 'api::contact-page-setting.contact-page-setting', '{\"fields\":[\"title\",\"summary\",\"recipientEmail\",\"mapEmbedUrl\",\"supportChannels.label\",\"supportChannels.href\",\"supportChannels.target\",\"supportChannels.description\",\"supportChannels.children.label\",\"supportChannels.children.href\",\"supportChannels.children.target\",\"supportChannels.children.description\",\"seo.metaTitle\",\"seo.metaDescription\",\"seo.canonicalUrl\",\"seo.metaRobots\",\"seo.ogTitle\",\"seo.ogDescription\",\"seo.ogImage\",\"seo.twitterCard\",\"seo.keywords\"]}', '[\"admin::is-creator\"]', '2026-04-11 12:42:13.902000', '2026-04-11 13:14:44.380000', NULL, NULL),
(156, 'plugin::content-manager.explorer.read', '{}', 'api::downloadable-document.downloadable-document', '{\"fields\":[\"title\",\"slug\",\"summary\",\"document\",\"thumbnail\",\"documentCategory\",\"publishDate\",\"featured\"]}', '[\"admin::is-creator\"]', '2026-04-11 12:42:13.903000', '2026-04-11 12:42:13.903000', NULL, NULL),
(157, 'plugin::content-manager.explorer.read', '{}', 'api::event.event', '{\"fields\":[\"title\",\"slug\",\"summary\",\"content\",\"coverImage\",\"publishDate\",\"startDate\",\"endDate\",\"location\",\"isOnline\",\"registrationUrl\",\"featured\",\"status\",\"category\",\"tags\",\"seo.metaTitle\",\"seo.metaDescription\",\"seo.canonicalUrl\",\"seo.metaRobots\",\"seo.ogTitle\",\"seo.ogDescription\",\"seo.ogImage\",\"seo.twitterCard\",\"seo.keywords\"]}', '[\"admin::is-creator\"]', '2026-04-11 12:42:13.904000', '2026-04-11 12:42:13.904000', NULL, NULL),
(158, 'plugin::content-manager.explorer.read', '{}', 'api::event-category.event-category', '{\"fields\":[\"title\",\"slug\",\"summary\",\"events\"]}', '[\"admin::is-creator\"]', '2026-04-11 12:42:13.904000', '2026-04-11 12:42:13.904000', NULL, NULL),
(159, 'plugin::content-manager.explorer.read', '{}', 'api::faq-category.faq-category', '{\"fields\":[\"title\",\"slug\",\"summary\",\"sortOrder\",\"items\"]}', '[\"admin::is-creator\"]', '2026-04-11 12:42:13.905000', '2026-04-11 12:42:13.905000', NULL, NULL),
(160, 'plugin::content-manager.explorer.read', '{}', 'api::faq-item.faq-item', '{\"fields\":[\"question\",\"slug\",\"answer\",\"sortOrder\",\"featured\",\"category\",\"seo.metaTitle\",\"seo.metaDescription\",\"seo.canonicalUrl\",\"seo.metaRobots\",\"seo.ogTitle\",\"seo.ogDescription\",\"seo.ogImage\",\"seo.twitterCard\",\"seo.keywords\"]}', '[\"admin::is-creator\"]', '2026-04-11 12:42:13.906000', '2026-04-11 12:42:13.906000', NULL, NULL),
(161, 'plugin::content-manager.explorer.read', '{}', 'api::footer-navigation.footer-navigation', '{\"fields\":[\"columns.label\",\"columns.href\",\"columns.target\",\"columns.description\",\"columns.children.label\",\"columns.children.href\",\"columns.children.target\",\"columns.children.description\",\"copyrightText\",\"legalLinks.label\",\"legalLinks.href\",\"legalLinks.target\",\"legalLinks.description\",\"legalLinks.children.label\",\"legalLinks.children.href\",\"legalLinks.children.target\",\"legalLinks.children.description\"]}', '[\"admin::is-creator\"]', '2026-04-11 12:42:13.906000', '2026-04-11 13:14:44.380000', NULL, NULL),
(162, 'plugin::content-manager.explorer.read', '{}', 'api::global-setting.global-setting', '{\"fields\":[\"siteName\",\"siteTagline\",\"siteDescription\",\"organizationName\",\"logo\",\"favicon\",\"supportHotline\",\"supportEmail\",\"address\",\"socialLinks.label\",\"socialLinks.href\",\"socialLinks.target\",\"socialLinks.description\",\"socialLinks.children.label\",\"socialLinks.children.href\",\"socialLinks.children.target\",\"socialLinks.children.description\",\"defaultSeo.metaTitle\",\"defaultSeo.metaDescription\",\"defaultSeo.canonicalUrl\",\"defaultSeo.metaRobots\",\"defaultSeo.ogTitle\",\"defaultSeo.ogDescription\",\"defaultSeo.ogImage\",\"defaultSeo.twitterCard\",\"defaultSeo.keywords\"]}', '[\"admin::is-creator\"]', '2026-04-11 12:42:13.907000', '2026-04-11 13:14:44.380000', NULL, NULL),
(163, 'plugin::content-manager.explorer.read', '{}', 'api::header-navigation.header-navigation', '{\"fields\":[\"items.label\",\"items.href\",\"items.target\",\"items.description\",\"items.children.label\",\"items.children.href\",\"items.children.target\",\"items.children.description\",\"primaryButton.label\",\"primaryButton.href\",\"primaryButton.variant\",\"primaryButton.target\",\"secondaryButton.label\",\"secondaryButton.href\",\"secondaryButton.variant\",\"secondaryButton.target\"]}', '[\"admin::is-creator\"]', '2026-04-11 12:42:13.908000', '2026-04-11 13:14:44.380000', NULL, NULL),
(164, 'plugin::content-manager.explorer.read', '{}', 'api::homepage.homepage', '{\"fields\":[\"title\",\"summary\",\"hero.kicker\",\"hero.title\",\"hero.subtitle\",\"hero.backgroundImage\",\"hero.primaryButton.label\",\"hero.primaryButton.href\",\"hero.primaryButton.variant\",\"hero.primaryButton.target\",\"hero.secondaryButton.label\",\"hero.secondaryButton.href\",\"hero.secondaryButton.variant\",\"hero.secondaryButton.target\",\"sections\",\"seo.metaTitle\",\"seo.metaDescription\",\"seo.canonicalUrl\",\"seo.metaRobots\",\"seo.ogTitle\",\"seo.ogDescription\",\"seo.ogImage\",\"seo.twitterCard\",\"seo.keywords\"]}', '[\"admin::is-creator\"]', '2026-04-11 12:42:13.909000', '2026-04-11 12:42:13.909000', NULL, NULL);
INSERT INTO `admin_permissions` (`id`, `action`, `action_parameters`, `subject`, `properties`, `conditions`, `created_at`, `updated_at`, `created_by_id`, `updated_by_id`) VALUES
(165, 'plugin::content-manager.explorer.read', '{}', 'api::news-article.news-article', '{\"fields\":[\"title\",\"slug\",\"summary\",\"content\",\"coverImage\",\"thumbnail\",\"publishDate\",\"featured\",\"status\",\"category\",\"author\",\"tags\",\"documents\",\"seo.metaTitle\",\"seo.metaDescription\",\"seo.canonicalUrl\",\"seo.metaRobots\",\"seo.ogTitle\",\"seo.ogDescription\",\"seo.ogImage\",\"seo.twitterCard\",\"seo.keywords\"]}', '[\"admin::is-creator\"]', '2026-04-11 12:42:13.910000', '2026-04-11 12:42:13.910000', NULL, NULL),
(166, 'plugin::content-manager.explorer.read', '{}', 'api::news-category.news-category', '{\"fields\":[\"title\",\"slug\",\"summary\",\"sortOrder\",\"articles\"]}', '[\"admin::is-creator\"]', '2026-04-11 12:42:13.910000', '2026-04-11 12:42:13.910000', NULL, NULL),
(167, 'plugin::content-manager.explorer.read', '{}', 'api::office-location.office-location', '{\"fields\":[\"name\",\"slug\",\"address\",\"city\",\"phone\",\"email\",\"officeType\",\"workingHours\",\"mapUrl\",\"sortOrder\",\"featured\"]}', '[\"admin::is-creator\"]', '2026-04-11 12:42:13.911000', '2026-04-11 12:42:13.911000', NULL, NULL),
(168, 'plugin::content-manager.explorer.read', '{}', 'api::page.page', '{\"fields\":[\"title\",\"slug\",\"summary\",\"pageType\",\"coverImage\",\"sections\",\"breadcrumb.show\",\"breadcrumb.customLabel\",\"seo.metaTitle\",\"seo.metaDescription\",\"seo.canonicalUrl\",\"seo.metaRobots\",\"seo.ogTitle\",\"seo.ogDescription\",\"seo.ogImage\",\"seo.twitterCard\",\"seo.keywords\",\"featured\",\"sortOrder\"]}', '[\"admin::is-creator\"]', '2026-04-11 12:42:13.912000', '2026-04-11 12:42:13.912000', NULL, NULL),
(169, 'plugin::content-manager.explorer.read', '{}', 'api::research-category.research-category', '{\"fields\":[\"title\",\"slug\",\"summary\",\"reports\"]}', '[\"admin::is-creator\"]', '2026-04-11 12:42:13.912000', '2026-04-11 12:42:13.912000', NULL, NULL),
(170, 'plugin::content-manager.explorer.read', '{}', 'api::research-report.research-report', '{\"fields\":[\"title\",\"slug\",\"summary\",\"content\",\"coverImage\",\"reportType\",\"publishDate\",\"featured\",\"category\",\"author\",\"tags\",\"documents\",\"seo.metaTitle\",\"seo.metaDescription\",\"seo.canonicalUrl\",\"seo.metaRobots\",\"seo.ogTitle\",\"seo.ogDescription\",\"seo.ogImage\",\"seo.twitterCard\",\"seo.keywords\"]}', '[\"admin::is-creator\"]', '2026-04-11 12:42:13.913000', '2026-04-11 12:42:13.913000', NULL, NULL),
(171, 'plugin::content-manager.explorer.read', '{}', 'api::seo-default.seo-default', '{\"fields\":[\"meta.metaTitle\",\"meta.metaDescription\",\"meta.canonicalUrl\",\"meta.metaRobots\",\"meta.ogTitle\",\"meta.ogDescription\",\"meta.ogImage\",\"meta.twitterCard\",\"meta.keywords\",\"siteUrl\",\"defaultOgImage\",\"organizationSchema\"]}', '[\"admin::is-creator\"]', '2026-04-11 12:42:13.914000', '2026-04-11 12:42:13.914000', NULL, NULL),
(172, 'plugin::content-manager.explorer.read', '{}', 'api::service.service', '{\"fields\":[\"title\",\"slug\",\"summary\",\"description\",\"coverImage\",\"thumbnail\",\"featured\",\"sortOrder\",\"publishDate\",\"status\",\"category\",\"tags\",\"documents\",\"seo.metaTitle\",\"seo.metaDescription\",\"seo.canonicalUrl\",\"seo.metaRobots\",\"seo.ogTitle\",\"seo.ogDescription\",\"seo.ogImage\",\"seo.twitterCard\",\"seo.keywords\"]}', '[\"admin::is-creator\"]', '2026-04-11 12:42:13.915000', '2026-04-11 12:42:13.915000', NULL, NULL),
(173, 'plugin::content-manager.explorer.read', '{}', 'api::service-category.service-category', '{\"fields\":[\"title\",\"slug\",\"summary\",\"sortOrder\",\"services\"]}', '[\"admin::is-creator\"]', '2026-04-11 12:42:13.915000', '2026-04-11 12:42:13.915000', NULL, NULL),
(174, 'plugin::content-manager.explorer.read', '{}', 'api::tag.tag', '{\"fields\":[\"name\",\"slug\",\"description\"]}', '[\"admin::is-creator\"]', '2026-04-11 12:42:13.916000', '2026-04-11 12:42:13.916000', NULL, NULL),
(175, 'plugin::content-manager.explorer.update', '{}', 'api::announcement.announcement', '{\"fields\":[\"title\",\"slug\",\"summary\",\"content\",\"publishDate\",\"priority\",\"featured\",\"seo.metaTitle\",\"seo.metaDescription\",\"seo.canonicalUrl\",\"seo.metaRobots\",\"seo.ogTitle\",\"seo.ogDescription\",\"seo.ogImage\",\"seo.twitterCard\",\"seo.keywords\"]}', '[\"admin::is-creator\"]', '2026-04-11 12:42:13.917000', '2026-04-11 12:42:13.917000', NULL, NULL),
(176, 'plugin::content-manager.explorer.update', '{}', 'api::author.author', '{\"fields\":[\"name\",\"slug\",\"title\",\"bio\",\"avatar\",\"email\",\"linkedin\"]}', '[\"admin::is-creator\"]', '2026-04-11 12:42:13.917000', '2026-04-11 12:42:13.917000', NULL, NULL),
(177, 'plugin::content-manager.explorer.update', '{}', 'api::banner.banner', '{\"fields\":[\"title\",\"slug\",\"summary\",\"image\",\"mobileImage\",\"placement\",\"priority\",\"active\",\"button.label\",\"button.href\",\"button.variant\",\"button.target\"]}', '[\"admin::is-creator\"]', '2026-04-11 12:42:13.918000', '2026-04-11 12:42:13.918000', NULL, NULL),
(178, 'plugin::content-manager.explorer.update', '{}', 'api::career-job.career-job', '{\"fields\":[\"title\",\"slug\",\"summary\",\"description\",\"department\",\"location\",\"employmentType\",\"salaryRange\",\"publishDate\",\"applicationDeadline\",\"featured\",\"status\",\"applyUrl\",\"seo.metaTitle\",\"seo.metaDescription\",\"seo.canonicalUrl\",\"seo.metaRobots\",\"seo.ogTitle\",\"seo.ogDescription\",\"seo.ogImage\",\"seo.twitterCard\",\"seo.keywords\"]}', '[\"admin::is-creator\"]', '2026-04-11 12:42:13.919000', '2026-04-11 12:42:13.919000', NULL, NULL),
(179, 'plugin::content-manager.explorer.update', '{}', 'api::contact-page-setting.contact-page-setting', '{\"fields\":[\"title\",\"summary\",\"recipientEmail\",\"mapEmbedUrl\",\"supportChannels.label\",\"supportChannels.href\",\"supportChannels.target\",\"supportChannels.description\",\"supportChannels.children.label\",\"supportChannels.children.href\",\"supportChannels.children.target\",\"supportChannels.children.description\",\"seo.metaTitle\",\"seo.metaDescription\",\"seo.canonicalUrl\",\"seo.metaRobots\",\"seo.ogTitle\",\"seo.ogDescription\",\"seo.ogImage\",\"seo.twitterCard\",\"seo.keywords\"]}', '[\"admin::is-creator\"]', '2026-04-11 12:42:13.919000', '2026-04-11 13:14:44.380000', NULL, NULL),
(180, 'plugin::content-manager.explorer.update', '{}', 'api::downloadable-document.downloadable-document', '{\"fields\":[\"title\",\"slug\",\"summary\",\"document\",\"thumbnail\",\"documentCategory\",\"publishDate\",\"featured\"]}', '[\"admin::is-creator\"]', '2026-04-11 12:42:13.920000', '2026-04-11 12:42:13.920000', NULL, NULL),
(181, 'plugin::content-manager.explorer.update', '{}', 'api::event.event', '{\"fields\":[\"title\",\"slug\",\"summary\",\"content\",\"coverImage\",\"publishDate\",\"startDate\",\"endDate\",\"location\",\"isOnline\",\"registrationUrl\",\"featured\",\"status\",\"category\",\"tags\",\"seo.metaTitle\",\"seo.metaDescription\",\"seo.canonicalUrl\",\"seo.metaRobots\",\"seo.ogTitle\",\"seo.ogDescription\",\"seo.ogImage\",\"seo.twitterCard\",\"seo.keywords\"]}', '[\"admin::is-creator\"]', '2026-04-11 12:42:13.921000', '2026-04-11 12:42:13.921000', NULL, NULL),
(182, 'plugin::content-manager.explorer.update', '{}', 'api::event-category.event-category', '{\"fields\":[\"title\",\"slug\",\"summary\",\"events\"]}', '[\"admin::is-creator\"]', '2026-04-11 12:42:13.922000', '2026-04-11 12:42:13.922000', NULL, NULL),
(183, 'plugin::content-manager.explorer.update', '{}', 'api::faq-category.faq-category', '{\"fields\":[\"title\",\"slug\",\"summary\",\"sortOrder\",\"items\"]}', '[\"admin::is-creator\"]', '2026-04-11 12:42:13.923000', '2026-04-11 12:42:13.923000', NULL, NULL),
(184, 'plugin::content-manager.explorer.update', '{}', 'api::faq-item.faq-item', '{\"fields\":[\"question\",\"slug\",\"answer\",\"sortOrder\",\"featured\",\"category\",\"seo.metaTitle\",\"seo.metaDescription\",\"seo.canonicalUrl\",\"seo.metaRobots\",\"seo.ogTitle\",\"seo.ogDescription\",\"seo.ogImage\",\"seo.twitterCard\",\"seo.keywords\"]}', '[\"admin::is-creator\"]', '2026-04-11 12:42:13.924000', '2026-04-11 12:42:13.924000', NULL, NULL),
(185, 'plugin::content-manager.explorer.update', '{}', 'api::footer-navigation.footer-navigation', '{\"fields\":[\"columns.label\",\"columns.href\",\"columns.target\",\"columns.description\",\"columns.children.label\",\"columns.children.href\",\"columns.children.target\",\"columns.children.description\",\"copyrightText\",\"legalLinks.label\",\"legalLinks.href\",\"legalLinks.target\",\"legalLinks.description\",\"legalLinks.children.label\",\"legalLinks.children.href\",\"legalLinks.children.target\",\"legalLinks.children.description\"]}', '[\"admin::is-creator\"]', '2026-04-11 12:42:13.924000', '2026-04-11 13:14:44.380000', NULL, NULL),
(186, 'plugin::content-manager.explorer.update', '{}', 'api::global-setting.global-setting', '{\"fields\":[\"siteName\",\"siteTagline\",\"siteDescription\",\"organizationName\",\"logo\",\"favicon\",\"supportHotline\",\"supportEmail\",\"address\",\"socialLinks.label\",\"socialLinks.href\",\"socialLinks.target\",\"socialLinks.description\",\"socialLinks.children.label\",\"socialLinks.children.href\",\"socialLinks.children.target\",\"socialLinks.children.description\",\"defaultSeo.metaTitle\",\"defaultSeo.metaDescription\",\"defaultSeo.canonicalUrl\",\"defaultSeo.metaRobots\",\"defaultSeo.ogTitle\",\"defaultSeo.ogDescription\",\"defaultSeo.ogImage\",\"defaultSeo.twitterCard\",\"defaultSeo.keywords\"]}', '[\"admin::is-creator\"]', '2026-04-11 12:42:13.925000', '2026-04-11 13:14:44.380000', NULL, NULL),
(187, 'plugin::content-manager.explorer.update', '{}', 'api::header-navigation.header-navigation', '{\"fields\":[\"items.label\",\"items.href\",\"items.target\",\"items.description\",\"items.children.label\",\"items.children.href\",\"items.children.target\",\"items.children.description\",\"primaryButton.label\",\"primaryButton.href\",\"primaryButton.variant\",\"primaryButton.target\",\"secondaryButton.label\",\"secondaryButton.href\",\"secondaryButton.variant\",\"secondaryButton.target\"]}', '[\"admin::is-creator\"]', '2026-04-11 12:42:13.926000', '2026-04-11 13:14:44.380000', NULL, NULL),
(188, 'plugin::content-manager.explorer.update', '{}', 'api::homepage.homepage', '{\"fields\":[\"title\",\"summary\",\"hero.kicker\",\"hero.title\",\"hero.subtitle\",\"hero.backgroundImage\",\"hero.primaryButton.label\",\"hero.primaryButton.href\",\"hero.primaryButton.variant\",\"hero.primaryButton.target\",\"hero.secondaryButton.label\",\"hero.secondaryButton.href\",\"hero.secondaryButton.variant\",\"hero.secondaryButton.target\",\"sections\",\"seo.metaTitle\",\"seo.metaDescription\",\"seo.canonicalUrl\",\"seo.metaRobots\",\"seo.ogTitle\",\"seo.ogDescription\",\"seo.ogImage\",\"seo.twitterCard\",\"seo.keywords\"]}', '[\"admin::is-creator\"]', '2026-04-11 12:42:13.927000', '2026-04-11 12:42:13.927000', NULL, NULL),
(189, 'plugin::content-manager.explorer.update', '{}', 'api::news-article.news-article', '{\"fields\":[\"title\",\"slug\",\"summary\",\"content\",\"coverImage\",\"thumbnail\",\"publishDate\",\"featured\",\"status\",\"category\",\"author\",\"tags\",\"documents\",\"seo.metaTitle\",\"seo.metaDescription\",\"seo.canonicalUrl\",\"seo.metaRobots\",\"seo.ogTitle\",\"seo.ogDescription\",\"seo.ogImage\",\"seo.twitterCard\",\"seo.keywords\"]}', '[\"admin::is-creator\"]', '2026-04-11 12:42:13.928000', '2026-04-11 12:42:13.928000', NULL, NULL),
(190, 'plugin::content-manager.explorer.update', '{}', 'api::news-category.news-category', '{\"fields\":[\"title\",\"slug\",\"summary\",\"sortOrder\",\"articles\"]}', '[\"admin::is-creator\"]', '2026-04-11 12:42:13.929000', '2026-04-11 12:42:13.929000', NULL, NULL),
(191, 'plugin::content-manager.explorer.update', '{}', 'api::office-location.office-location', '{\"fields\":[\"name\",\"slug\",\"address\",\"city\",\"phone\",\"email\",\"officeType\",\"workingHours\",\"mapUrl\",\"sortOrder\",\"featured\"]}', '[\"admin::is-creator\"]', '2026-04-11 12:42:13.930000', '2026-04-11 12:42:13.930000', NULL, NULL),
(192, 'plugin::content-manager.explorer.update', '{}', 'api::page.page', '{\"fields\":[\"title\",\"slug\",\"summary\",\"pageType\",\"coverImage\",\"sections\",\"breadcrumb.show\",\"breadcrumb.customLabel\",\"seo.metaTitle\",\"seo.metaDescription\",\"seo.canonicalUrl\",\"seo.metaRobots\",\"seo.ogTitle\",\"seo.ogDescription\",\"seo.ogImage\",\"seo.twitterCard\",\"seo.keywords\",\"featured\",\"sortOrder\"]}', '[\"admin::is-creator\"]', '2026-04-11 12:42:13.930000', '2026-04-11 12:42:13.930000', NULL, NULL),
(193, 'plugin::content-manager.explorer.update', '{}', 'api::research-category.research-category', '{\"fields\":[\"title\",\"slug\",\"summary\",\"reports\"]}', '[\"admin::is-creator\"]', '2026-04-11 12:42:13.931000', '2026-04-11 12:42:13.931000', NULL, NULL),
(194, 'plugin::content-manager.explorer.update', '{}', 'api::research-report.research-report', '{\"fields\":[\"title\",\"slug\",\"summary\",\"content\",\"coverImage\",\"reportType\",\"publishDate\",\"featured\",\"category\",\"author\",\"tags\",\"documents\",\"seo.metaTitle\",\"seo.metaDescription\",\"seo.canonicalUrl\",\"seo.metaRobots\",\"seo.ogTitle\",\"seo.ogDescription\",\"seo.ogImage\",\"seo.twitterCard\",\"seo.keywords\"]}', '[\"admin::is-creator\"]', '2026-04-11 12:42:13.932000', '2026-04-11 12:42:13.932000', NULL, NULL),
(195, 'plugin::content-manager.explorer.update', '{}', 'api::seo-default.seo-default', '{\"fields\":[\"meta.metaTitle\",\"meta.metaDescription\",\"meta.canonicalUrl\",\"meta.metaRobots\",\"meta.ogTitle\",\"meta.ogDescription\",\"meta.ogImage\",\"meta.twitterCard\",\"meta.keywords\",\"siteUrl\",\"defaultOgImage\",\"organizationSchema\"]}', '[\"admin::is-creator\"]', '2026-04-11 12:42:13.932000', '2026-04-11 12:42:13.932000', NULL, NULL),
(196, 'plugin::content-manager.explorer.update', '{}', 'api::service.service', '{\"fields\":[\"title\",\"slug\",\"summary\",\"description\",\"coverImage\",\"thumbnail\",\"featured\",\"sortOrder\",\"publishDate\",\"status\",\"category\",\"tags\",\"documents\",\"seo.metaTitle\",\"seo.metaDescription\",\"seo.canonicalUrl\",\"seo.metaRobots\",\"seo.ogTitle\",\"seo.ogDescription\",\"seo.ogImage\",\"seo.twitterCard\",\"seo.keywords\"]}', '[\"admin::is-creator\"]', '2026-04-11 12:42:13.933000', '2026-04-11 12:42:13.933000', NULL, NULL),
(197, 'plugin::content-manager.explorer.update', '{}', 'api::service-category.service-category', '{\"fields\":[\"title\",\"slug\",\"summary\",\"sortOrder\",\"services\"]}', '[\"admin::is-creator\"]', '2026-04-11 12:42:13.934000', '2026-04-11 12:42:13.934000', NULL, NULL),
(198, 'plugin::content-manager.explorer.update', '{}', 'api::tag.tag', '{\"fields\":[\"name\",\"slug\",\"description\"]}', '[\"admin::is-creator\"]', '2026-04-11 12:42:13.934000', '2026-04-11 12:42:13.934000', NULL, NULL),
(223, 'plugin::upload.read', '{}', NULL, '{}', '[\"admin::is-creator\"]', '2026-04-11 12:42:13.952000', '2026-04-11 12:42:13.952000', NULL, NULL),
(224, 'plugin::upload.configure-view', '{}', NULL, '{}', '[]', '2026-04-11 12:42:13.953000', '2026-04-11 12:42:13.953000', NULL, NULL),
(225, 'plugin::upload.assets.create', '{}', NULL, '{}', '[]', '2026-04-11 12:42:13.953000', '2026-04-11 12:42:13.953000', NULL, NULL),
(226, 'plugin::upload.assets.update', '{}', NULL, '{}', '[\"admin::is-creator\"]', '2026-04-11 12:42:13.954000', '2026-04-11 12:42:13.954000', NULL, NULL),
(227, 'plugin::upload.assets.download', '{}', NULL, '{}', '[]', '2026-04-11 12:42:13.955000', '2026-04-11 12:42:13.955000', NULL, NULL),
(228, 'plugin::upload.assets.copy-link', '{}', NULL, '{}', '[]', '2026-04-11 12:42:13.955000', '2026-04-11 12:42:13.955000', NULL, NULL),
(229, 'plugin::content-manager.explorer.create', '{}', 'plugin::users-permissions.user', '{\"fields\":[\"username\",\"email\",\"provider\",\"password\",\"resetPasswordToken\",\"confirmationToken\",\"confirmed\",\"blocked\",\"role\"]}', '[]', '2026-04-11 12:42:13.973000', '2026-04-11 12:42:13.973000', NULL, NULL),
(230, 'plugin::content-manager.explorer.create', '{}', 'api::announcement.announcement', '{\"fields\":[\"title\",\"slug\",\"summary\",\"content\",\"publishDate\",\"priority\",\"featured\",\"seo.metaTitle\",\"seo.metaDescription\",\"seo.canonicalUrl\",\"seo.metaRobots\",\"seo.ogTitle\",\"seo.ogDescription\",\"seo.ogImage\",\"seo.twitterCard\",\"seo.keywords\"],\"locales\":[\"en\",\"vi\"]}', '[]', '2026-04-11 12:42:14.300000', '2026-04-11 12:42:14.300000', NULL, NULL),
(231, 'plugin::content-manager.explorer.create', '{}', 'api::author.author', '{\"fields\":[\"name\",\"slug\",\"title\",\"bio\",\"avatar\",\"email\",\"linkedin\"],\"locales\":[\"en\",\"vi\"]}', '[]', '2026-04-11 12:42:14.301000', '2026-04-11 12:42:14.301000', NULL, NULL),
(232, 'plugin::content-manager.explorer.create', '{}', 'api::banner.banner', '{\"fields\":[\"title\",\"slug\",\"summary\",\"image\",\"mobileImage\",\"placement\",\"priority\",\"active\",\"button.label\",\"button.href\",\"button.variant\",\"button.target\"],\"locales\":[\"en\",\"vi\"]}', '[]', '2026-04-11 12:42:14.301000', '2026-04-11 12:42:14.301000', NULL, NULL),
(233, 'plugin::content-manager.explorer.create', '{}', 'api::career-job.career-job', '{\"fields\":[\"title\",\"slug\",\"summary\",\"description\",\"department\",\"location\",\"employmentType\",\"salaryRange\",\"publishDate\",\"applicationDeadline\",\"featured\",\"status\",\"applyUrl\",\"seo.metaTitle\",\"seo.metaDescription\",\"seo.canonicalUrl\",\"seo.metaRobots\",\"seo.ogTitle\",\"seo.ogDescription\",\"seo.ogImage\",\"seo.twitterCard\",\"seo.keywords\"],\"locales\":[\"en\",\"vi\"]}', '[]', '2026-04-11 12:42:14.302000', '2026-04-11 12:42:14.302000', NULL, NULL),
(235, 'plugin::content-manager.explorer.create', '{}', 'api::downloadable-document.downloadable-document', '{\"fields\":[\"title\",\"slug\",\"summary\",\"document\",\"thumbnail\",\"documentCategory\",\"publishDate\",\"featured\"],\"locales\":[\"en\",\"vi\"]}', '[]', '2026-04-11 12:42:14.303000', '2026-04-11 12:42:14.303000', NULL, NULL),
(236, 'plugin::content-manager.explorer.create', '{}', 'api::event.event', '{\"fields\":[\"title\",\"slug\",\"summary\",\"content\",\"coverImage\",\"publishDate\",\"startDate\",\"endDate\",\"location\",\"isOnline\",\"registrationUrl\",\"featured\",\"status\",\"category\",\"tags\",\"seo.metaTitle\",\"seo.metaDescription\",\"seo.canonicalUrl\",\"seo.metaRobots\",\"seo.ogTitle\",\"seo.ogDescription\",\"seo.ogImage\",\"seo.twitterCard\",\"seo.keywords\"],\"locales\":[\"en\",\"vi\"]}', '[]', '2026-04-11 12:42:14.304000', '2026-04-11 12:42:14.304000', NULL, NULL),
(237, 'plugin::content-manager.explorer.create', '{}', 'api::event-category.event-category', '{\"fields\":[\"title\",\"slug\",\"summary\",\"events\"],\"locales\":[\"en\",\"vi\"]}', '[]', '2026-04-11 12:42:14.305000', '2026-04-11 12:42:14.305000', NULL, NULL),
(238, 'plugin::content-manager.explorer.create', '{}', 'api::faq-category.faq-category', '{\"fields\":[\"title\",\"slug\",\"summary\",\"sortOrder\",\"items\"],\"locales\":[\"en\",\"vi\"]}', '[]', '2026-04-11 12:42:14.305000', '2026-04-11 12:42:14.305000', NULL, NULL),
(239, 'plugin::content-manager.explorer.create', '{}', 'api::faq-item.faq-item', '{\"fields\":[\"question\",\"slug\",\"answer\",\"sortOrder\",\"featured\",\"category\",\"seo.metaTitle\",\"seo.metaDescription\",\"seo.canonicalUrl\",\"seo.metaRobots\",\"seo.ogTitle\",\"seo.ogDescription\",\"seo.ogImage\",\"seo.twitterCard\",\"seo.keywords\"],\"locales\":[\"en\",\"vi\"]}', '[]', '2026-04-11 12:42:14.306000', '2026-04-11 12:42:14.306000', NULL, NULL),
(243, 'plugin::content-manager.explorer.create', '{}', 'api::homepage.homepage', '{\"fields\":[\"title\",\"summary\",\"hero.kicker\",\"hero.title\",\"hero.subtitle\",\"hero.backgroundImage\",\"hero.primaryButton.label\",\"hero.primaryButton.href\",\"hero.primaryButton.variant\",\"hero.primaryButton.target\",\"hero.secondaryButton.label\",\"hero.secondaryButton.href\",\"hero.secondaryButton.variant\",\"hero.secondaryButton.target\",\"sections\",\"seo.metaTitle\",\"seo.metaDescription\",\"seo.canonicalUrl\",\"seo.metaRobots\",\"seo.ogTitle\",\"seo.ogDescription\",\"seo.ogImage\",\"seo.twitterCard\",\"seo.keywords\"],\"locales\":[\"en\",\"vi\"]}', '[]', '2026-04-11 12:42:14.308000', '2026-04-11 12:42:14.308000', NULL, NULL),
(244, 'plugin::content-manager.explorer.create', '{}', 'api::news-article.news-article', '{\"fields\":[\"title\",\"slug\",\"summary\",\"content\",\"coverImage\",\"thumbnail\",\"publishDate\",\"featured\",\"status\",\"category\",\"author\",\"tags\",\"documents\",\"seo.metaTitle\",\"seo.metaDescription\",\"seo.canonicalUrl\",\"seo.metaRobots\",\"seo.ogTitle\",\"seo.ogDescription\",\"seo.ogImage\",\"seo.twitterCard\",\"seo.keywords\"],\"locales\":[\"en\",\"vi\"]}', '[]', '2026-04-11 12:42:14.309000', '2026-04-11 12:42:14.309000', NULL, NULL),
(245, 'plugin::content-manager.explorer.create', '{}', 'api::news-category.news-category', '{\"fields\":[\"title\",\"slug\",\"summary\",\"sortOrder\",\"articles\"],\"locales\":[\"en\",\"vi\"]}', '[]', '2026-04-11 12:42:14.309000', '2026-04-11 12:42:14.309000', NULL, NULL),
(246, 'plugin::content-manager.explorer.create', '{}', 'api::office-location.office-location', '{\"fields\":[\"name\",\"slug\",\"address\",\"city\",\"phone\",\"email\",\"officeType\",\"workingHours\",\"mapUrl\",\"sortOrder\",\"featured\"],\"locales\":[\"en\",\"vi\"]}', '[]', '2026-04-11 12:42:14.310000', '2026-04-11 12:42:14.310000', NULL, NULL),
(247, 'plugin::content-manager.explorer.create', '{}', 'api::page.page', '{\"fields\":[\"title\",\"slug\",\"summary\",\"pageType\",\"coverImage\",\"sections\",\"breadcrumb.show\",\"breadcrumb.customLabel\",\"seo.metaTitle\",\"seo.metaDescription\",\"seo.canonicalUrl\",\"seo.metaRobots\",\"seo.ogTitle\",\"seo.ogDescription\",\"seo.ogImage\",\"seo.twitterCard\",\"seo.keywords\",\"featured\",\"sortOrder\"],\"locales\":[\"en\",\"vi\"]}', '[]', '2026-04-11 12:42:14.310000', '2026-04-11 12:42:14.310000', NULL, NULL),
(248, 'plugin::content-manager.explorer.create', '{}', 'api::research-category.research-category', '{\"fields\":[\"title\",\"slug\",\"summary\",\"reports\"],\"locales\":[\"en\",\"vi\"]}', '[]', '2026-04-11 12:42:14.311000', '2026-04-11 12:42:14.311000', NULL, NULL),
(249, 'plugin::content-manager.explorer.create', '{}', 'api::research-report.research-report', '{\"fields\":[\"title\",\"slug\",\"summary\",\"content\",\"coverImage\",\"reportType\",\"publishDate\",\"featured\",\"category\",\"author\",\"tags\",\"documents\",\"seo.metaTitle\",\"seo.metaDescription\",\"seo.canonicalUrl\",\"seo.metaRobots\",\"seo.ogTitle\",\"seo.ogDescription\",\"seo.ogImage\",\"seo.twitterCard\",\"seo.keywords\"],\"locales\":[\"en\",\"vi\"]}', '[]', '2026-04-11 12:42:14.311000', '2026-04-11 12:42:14.311000', NULL, NULL),
(250, 'plugin::content-manager.explorer.create', '{}', 'api::seo-default.seo-default', '{\"fields\":[\"meta.metaTitle\",\"meta.metaDescription\",\"meta.canonicalUrl\",\"meta.metaRobots\",\"meta.ogTitle\",\"meta.ogDescription\",\"meta.ogImage\",\"meta.twitterCard\",\"meta.keywords\",\"siteUrl\",\"defaultOgImage\",\"organizationSchema\"],\"locales\":[\"en\",\"vi\"]}', '[]', '2026-04-11 12:42:14.312000', '2026-04-11 12:42:14.312000', NULL, NULL),
(252, 'plugin::content-manager.explorer.create', '{}', 'api::service-category.service-category', '{\"fields\":[\"title\",\"slug\",\"summary\",\"sortOrder\",\"services\"],\"locales\":[\"en\",\"vi\"]}', '[]', '2026-04-11 12:42:14.313000', '2026-04-11 12:42:14.313000', NULL, NULL),
(253, 'plugin::content-manager.explorer.create', '{}', 'api::tag.tag', '{\"fields\":[\"name\",\"slug\",\"description\"],\"locales\":[\"en\",\"vi\"]}', '[]', '2026-04-11 12:42:14.314000', '2026-04-11 12:42:14.314000', NULL, NULL),
(254, 'plugin::content-manager.explorer.read', '{}', 'plugin::users-permissions.user', '{\"fields\":[\"username\",\"email\",\"provider\",\"password\",\"resetPasswordToken\",\"confirmationToken\",\"confirmed\",\"blocked\",\"role\"]}', '[]', '2026-04-11 12:42:13.990000', '2026-04-11 12:42:13.990000', NULL, NULL),
(255, 'plugin::content-manager.explorer.read', '{}', 'api::announcement.announcement', '{\"fields\":[\"title\",\"slug\",\"summary\",\"content\",\"publishDate\",\"priority\",\"featured\",\"seo.metaTitle\",\"seo.metaDescription\",\"seo.canonicalUrl\",\"seo.metaRobots\",\"seo.ogTitle\",\"seo.ogDescription\",\"seo.ogImage\",\"seo.twitterCard\",\"seo.keywords\"],\"locales\":[\"en\",\"vi\"]}', '[]', '2026-04-11 12:42:14.314000', '2026-04-11 12:42:14.314000', NULL, NULL),
(256, 'plugin::content-manager.explorer.read', '{}', 'api::author.author', '{\"fields\":[\"name\",\"slug\",\"title\",\"bio\",\"avatar\",\"email\",\"linkedin\"],\"locales\":[\"en\",\"vi\"]}', '[]', '2026-04-11 12:42:14.315000', '2026-04-11 12:42:14.315000', NULL, NULL),
(257, 'plugin::content-manager.explorer.read', '{}', 'api::banner.banner', '{\"fields\":[\"title\",\"slug\",\"summary\",\"image\",\"mobileImage\",\"placement\",\"priority\",\"active\",\"button.label\",\"button.href\",\"button.variant\",\"button.target\"],\"locales\":[\"en\",\"vi\"]}', '[]', '2026-04-11 12:42:14.315000', '2026-04-11 12:42:14.315000', NULL, NULL),
(258, 'plugin::content-manager.explorer.read', '{}', 'api::career-job.career-job', '{\"fields\":[\"title\",\"slug\",\"summary\",\"description\",\"department\",\"location\",\"employmentType\",\"salaryRange\",\"publishDate\",\"applicationDeadline\",\"featured\",\"status\",\"applyUrl\",\"seo.metaTitle\",\"seo.metaDescription\",\"seo.canonicalUrl\",\"seo.metaRobots\",\"seo.ogTitle\",\"seo.ogDescription\",\"seo.ogImage\",\"seo.twitterCard\",\"seo.keywords\"],\"locales\":[\"en\",\"vi\"]}', '[]', '2026-04-11 12:42:14.316000', '2026-04-11 12:42:14.316000', NULL, NULL),
(260, 'plugin::content-manager.explorer.read', '{}', 'api::downloadable-document.downloadable-document', '{\"fields\":[\"title\",\"slug\",\"summary\",\"document\",\"thumbnail\",\"documentCategory\",\"publishDate\",\"featured\"],\"locales\":[\"en\",\"vi\"]}', '[]', '2026-04-11 12:42:14.317000', '2026-04-11 12:42:14.317000', NULL, NULL),
(261, 'plugin::content-manager.explorer.read', '{}', 'api::event.event', '{\"fields\":[\"title\",\"slug\",\"summary\",\"content\",\"coverImage\",\"publishDate\",\"startDate\",\"endDate\",\"location\",\"isOnline\",\"registrationUrl\",\"featured\",\"status\",\"category\",\"tags\",\"seo.metaTitle\",\"seo.metaDescription\",\"seo.canonicalUrl\",\"seo.metaRobots\",\"seo.ogTitle\",\"seo.ogDescription\",\"seo.ogImage\",\"seo.twitterCard\",\"seo.keywords\"],\"locales\":[\"en\",\"vi\"]}', '[]', '2026-04-11 12:42:14.317000', '2026-04-11 12:42:14.317000', NULL, NULL),
(262, 'plugin::content-manager.explorer.read', '{}', 'api::event-category.event-category', '{\"fields\":[\"title\",\"slug\",\"summary\",\"events\"],\"locales\":[\"en\",\"vi\"]}', '[]', '2026-04-11 12:42:14.318000', '2026-04-11 12:42:14.318000', NULL, NULL),
(263, 'plugin::content-manager.explorer.read', '{}', 'api::faq-category.faq-category', '{\"fields\":[\"title\",\"slug\",\"summary\",\"sortOrder\",\"items\"],\"locales\":[\"en\",\"vi\"]}', '[]', '2026-04-11 12:42:14.318000', '2026-04-11 12:42:14.318000', NULL, NULL),
(264, 'plugin::content-manager.explorer.read', '{}', 'api::faq-item.faq-item', '{\"fields\":[\"question\",\"slug\",\"answer\",\"sortOrder\",\"featured\",\"category\",\"seo.metaTitle\",\"seo.metaDescription\",\"seo.canonicalUrl\",\"seo.metaRobots\",\"seo.ogTitle\",\"seo.ogDescription\",\"seo.ogImage\",\"seo.twitterCard\",\"seo.keywords\"],\"locales\":[\"en\",\"vi\"]}', '[]', '2026-04-11 12:42:14.320000', '2026-04-11 12:42:14.320000', NULL, NULL),
(268, 'plugin::content-manager.explorer.read', '{}', 'api::homepage.homepage', '{\"fields\":[\"title\",\"summary\",\"hero.kicker\",\"hero.title\",\"hero.subtitle\",\"hero.backgroundImage\",\"hero.primaryButton.label\",\"hero.primaryButton.href\",\"hero.primaryButton.variant\",\"hero.primaryButton.target\",\"hero.secondaryButton.label\",\"hero.secondaryButton.href\",\"hero.secondaryButton.variant\",\"hero.secondaryButton.target\",\"sections\",\"seo.metaTitle\",\"seo.metaDescription\",\"seo.canonicalUrl\",\"seo.metaRobots\",\"seo.ogTitle\",\"seo.ogDescription\",\"seo.ogImage\",\"seo.twitterCard\",\"seo.keywords\"],\"locales\":[\"en\",\"vi\"]}', '[]', '2026-04-11 12:42:14.323000', '2026-04-11 12:42:14.323000', NULL, NULL),
(269, 'plugin::content-manager.explorer.read', '{}', 'api::news-article.news-article', '{\"fields\":[\"title\",\"slug\",\"summary\",\"content\",\"coverImage\",\"thumbnail\",\"publishDate\",\"featured\",\"status\",\"category\",\"author\",\"tags\",\"documents\",\"seo.metaTitle\",\"seo.metaDescription\",\"seo.canonicalUrl\",\"seo.metaRobots\",\"seo.ogTitle\",\"seo.ogDescription\",\"seo.ogImage\",\"seo.twitterCard\",\"seo.keywords\"],\"locales\":[\"en\",\"vi\"]}', '[]', '2026-04-11 12:42:14.323000', '2026-04-11 12:42:14.323000', NULL, NULL),
(270, 'plugin::content-manager.explorer.read', '{}', 'api::news-category.news-category', '{\"fields\":[\"title\",\"slug\",\"summary\",\"sortOrder\",\"articles\"],\"locales\":[\"en\",\"vi\"]}', '[]', '2026-04-11 12:42:14.324000', '2026-04-11 12:42:14.324000', NULL, NULL),
(271, 'plugin::content-manager.explorer.read', '{}', 'api::office-location.office-location', '{\"fields\":[\"name\",\"slug\",\"address\",\"city\",\"phone\",\"email\",\"officeType\",\"workingHours\",\"mapUrl\",\"sortOrder\",\"featured\"],\"locales\":[\"en\",\"vi\"]}', '[]', '2026-04-11 12:42:14.324000', '2026-04-11 12:42:14.324000', NULL, NULL),
(272, 'plugin::content-manager.explorer.read', '{}', 'api::page.page', '{\"fields\":[\"title\",\"slug\",\"summary\",\"pageType\",\"coverImage\",\"sections\",\"breadcrumb.show\",\"breadcrumb.customLabel\",\"seo.metaTitle\",\"seo.metaDescription\",\"seo.canonicalUrl\",\"seo.metaRobots\",\"seo.ogTitle\",\"seo.ogDescription\",\"seo.ogImage\",\"seo.twitterCard\",\"seo.keywords\",\"featured\",\"sortOrder\"],\"locales\":[\"en\",\"vi\"]}', '[]', '2026-04-11 12:42:14.325000', '2026-04-11 12:42:14.325000', NULL, NULL),
(273, 'plugin::content-manager.explorer.read', '{}', 'api::research-category.research-category', '{\"fields\":[\"title\",\"slug\",\"summary\",\"reports\"],\"locales\":[\"en\",\"vi\"]}', '[]', '2026-04-11 12:42:14.325000', '2026-04-11 12:42:14.325000', NULL, NULL),
(274, 'plugin::content-manager.explorer.read', '{}', 'api::research-report.research-report', '{\"fields\":[\"title\",\"slug\",\"summary\",\"content\",\"coverImage\",\"reportType\",\"publishDate\",\"featured\",\"category\",\"author\",\"tags\",\"documents\",\"seo.metaTitle\",\"seo.metaDescription\",\"seo.canonicalUrl\",\"seo.metaRobots\",\"seo.ogTitle\",\"seo.ogDescription\",\"seo.ogImage\",\"seo.twitterCard\",\"seo.keywords\"],\"locales\":[\"en\",\"vi\"]}', '[]', '2026-04-11 12:42:14.326000', '2026-04-11 12:42:14.326000', NULL, NULL),
(275, 'plugin::content-manager.explorer.read', '{}', 'api::seo-default.seo-default', '{\"fields\":[\"meta.metaTitle\",\"meta.metaDescription\",\"meta.canonicalUrl\",\"meta.metaRobots\",\"meta.ogTitle\",\"meta.ogDescription\",\"meta.ogImage\",\"meta.twitterCard\",\"meta.keywords\",\"siteUrl\",\"defaultOgImage\",\"organizationSchema\"],\"locales\":[\"en\",\"vi\"]}', '[]', '2026-04-11 12:42:14.326000', '2026-04-11 12:42:14.326000', NULL, NULL),
(277, 'plugin::content-manager.explorer.read', '{}', 'api::service-category.service-category', '{\"fields\":[\"title\",\"slug\",\"summary\",\"sortOrder\",\"services\"],\"locales\":[\"en\",\"vi\"]}', '[]', '2026-04-11 12:42:14.328000', '2026-04-11 12:42:14.328000', NULL, NULL),
(278, 'plugin::content-manager.explorer.read', '{}', 'api::tag.tag', '{\"fields\":[\"name\",\"slug\",\"description\"],\"locales\":[\"en\",\"vi\"]}', '[]', '2026-04-11 12:42:14.328000', '2026-04-11 12:42:14.328000', NULL, NULL),
(279, 'plugin::content-manager.explorer.update', '{}', 'plugin::users-permissions.user', '{\"fields\":[\"username\",\"email\",\"provider\",\"password\",\"resetPasswordToken\",\"confirmationToken\",\"confirmed\",\"blocked\",\"role\"]}', '[]', '2026-04-11 12:42:14.011000', '2026-04-11 12:42:14.011000', NULL, NULL),
(280, 'plugin::content-manager.explorer.update', '{}', 'api::announcement.announcement', '{\"fields\":[\"title\",\"slug\",\"summary\",\"content\",\"publishDate\",\"priority\",\"featured\",\"seo.metaTitle\",\"seo.metaDescription\",\"seo.canonicalUrl\",\"seo.metaRobots\",\"seo.ogTitle\",\"seo.ogDescription\",\"seo.ogImage\",\"seo.twitterCard\",\"seo.keywords\"],\"locales\":[\"en\",\"vi\"]}', '[]', '2026-04-11 12:42:14.329000', '2026-04-11 12:42:14.329000', NULL, NULL),
(281, 'plugin::content-manager.explorer.update', '{}', 'api::author.author', '{\"fields\":[\"name\",\"slug\",\"title\",\"bio\",\"avatar\",\"email\",\"linkedin\"],\"locales\":[\"en\",\"vi\"]}', '[]', '2026-04-11 12:42:14.329000', '2026-04-11 12:42:14.329000', NULL, NULL),
(282, 'plugin::content-manager.explorer.update', '{}', 'api::banner.banner', '{\"fields\":[\"title\",\"slug\",\"summary\",\"image\",\"mobileImage\",\"placement\",\"priority\",\"active\",\"button.label\",\"button.href\",\"button.variant\",\"button.target\"],\"locales\":[\"en\",\"vi\"]}', '[]', '2026-04-11 12:42:14.330000', '2026-04-11 12:42:14.330000', NULL, NULL),
(283, 'plugin::content-manager.explorer.update', '{}', 'api::career-job.career-job', '{\"fields\":[\"title\",\"slug\",\"summary\",\"description\",\"department\",\"location\",\"employmentType\",\"salaryRange\",\"publishDate\",\"applicationDeadline\",\"featured\",\"status\",\"applyUrl\",\"seo.metaTitle\",\"seo.metaDescription\",\"seo.canonicalUrl\",\"seo.metaRobots\",\"seo.ogTitle\",\"seo.ogDescription\",\"seo.ogImage\",\"seo.twitterCard\",\"seo.keywords\"],\"locales\":[\"en\",\"vi\"]}', '[]', '2026-04-11 12:42:14.330000', '2026-04-11 12:42:14.330000', NULL, NULL),
(285, 'plugin::content-manager.explorer.update', '{}', 'api::downloadable-document.downloadable-document', '{\"fields\":[\"title\",\"slug\",\"summary\",\"document\",\"thumbnail\",\"documentCategory\",\"publishDate\",\"featured\"],\"locales\":[\"en\",\"vi\"]}', '[]', '2026-04-11 12:42:14.331000', '2026-04-11 12:42:14.331000', NULL, NULL),
(286, 'plugin::content-manager.explorer.update', '{}', 'api::event.event', '{\"fields\":[\"title\",\"slug\",\"summary\",\"content\",\"coverImage\",\"publishDate\",\"startDate\",\"endDate\",\"location\",\"isOnline\",\"registrationUrl\",\"featured\",\"status\",\"category\",\"tags\",\"seo.metaTitle\",\"seo.metaDescription\",\"seo.canonicalUrl\",\"seo.metaRobots\",\"seo.ogTitle\",\"seo.ogDescription\",\"seo.ogImage\",\"seo.twitterCard\",\"seo.keywords\"],\"locales\":[\"en\",\"vi\"]}', '[]', '2026-04-11 12:42:14.332000', '2026-04-11 12:42:14.332000', NULL, NULL),
(287, 'plugin::content-manager.explorer.update', '{}', 'api::event-category.event-category', '{\"fields\":[\"title\",\"slug\",\"summary\",\"events\"],\"locales\":[\"en\",\"vi\"]}', '[]', '2026-04-11 12:42:14.333000', '2026-04-11 12:42:14.333000', NULL, NULL),
(288, 'plugin::content-manager.explorer.update', '{}', 'api::faq-category.faq-category', '{\"fields\":[\"title\",\"slug\",\"summary\",\"sortOrder\",\"items\"],\"locales\":[\"en\",\"vi\"]}', '[]', '2026-04-11 12:42:14.333000', '2026-04-11 12:42:14.333000', NULL, NULL),
(289, 'plugin::content-manager.explorer.update', '{}', 'api::faq-item.faq-item', '{\"fields\":[\"question\",\"slug\",\"answer\",\"sortOrder\",\"featured\",\"category\",\"seo.metaTitle\",\"seo.metaDescription\",\"seo.canonicalUrl\",\"seo.metaRobots\",\"seo.ogTitle\",\"seo.ogDescription\",\"seo.ogImage\",\"seo.twitterCard\",\"seo.keywords\"],\"locales\":[\"en\",\"vi\"]}', '[]', '2026-04-11 12:42:14.334000', '2026-04-11 12:42:14.334000', NULL, NULL),
(293, 'plugin::content-manager.explorer.update', '{}', 'api::homepage.homepage', '{\"fields\":[\"title\",\"summary\",\"hero.kicker\",\"hero.title\",\"hero.subtitle\",\"hero.backgroundImage\",\"hero.primaryButton.label\",\"hero.primaryButton.href\",\"hero.primaryButton.variant\",\"hero.primaryButton.target\",\"hero.secondaryButton.label\",\"hero.secondaryButton.href\",\"hero.secondaryButton.variant\",\"hero.secondaryButton.target\",\"sections\",\"seo.metaTitle\",\"seo.metaDescription\",\"seo.canonicalUrl\",\"seo.metaRobots\",\"seo.ogTitle\",\"seo.ogDescription\",\"seo.ogImage\",\"seo.twitterCard\",\"seo.keywords\"],\"locales\":[\"en\",\"vi\"]}', '[]', '2026-04-11 12:42:14.337000', '2026-04-11 12:42:14.337000', NULL, NULL),
(294, 'plugin::content-manager.explorer.update', '{}', 'api::news-article.news-article', '{\"fields\":[\"title\",\"slug\",\"summary\",\"content\",\"coverImage\",\"thumbnail\",\"publishDate\",\"featured\",\"status\",\"category\",\"author\",\"tags\",\"documents\",\"seo.metaTitle\",\"seo.metaDescription\",\"seo.canonicalUrl\",\"seo.metaRobots\",\"seo.ogTitle\",\"seo.ogDescription\",\"seo.ogImage\",\"seo.twitterCard\",\"seo.keywords\"],\"locales\":[\"en\",\"vi\"]}', '[]', '2026-04-11 12:42:14.337000', '2026-04-11 12:42:14.337000', NULL, NULL),
(295, 'plugin::content-manager.explorer.update', '{}', 'api::news-category.news-category', '{\"fields\":[\"title\",\"slug\",\"summary\",\"sortOrder\",\"articles\"],\"locales\":[\"en\",\"vi\"]}', '[]', '2026-04-11 12:42:14.338000', '2026-04-11 12:42:14.338000', NULL, NULL),
(296, 'plugin::content-manager.explorer.update', '{}', 'api::office-location.office-location', '{\"fields\":[\"name\",\"slug\",\"address\",\"city\",\"phone\",\"email\",\"officeType\",\"workingHours\",\"mapUrl\",\"sortOrder\",\"featured\"],\"locales\":[\"en\",\"vi\"]}', '[]', '2026-04-11 12:42:14.339000', '2026-04-11 12:42:14.339000', NULL, NULL),
(297, 'plugin::content-manager.explorer.update', '{}', 'api::page.page', '{\"fields\":[\"title\",\"slug\",\"summary\",\"pageType\",\"coverImage\",\"sections\",\"breadcrumb.show\",\"breadcrumb.customLabel\",\"seo.metaTitle\",\"seo.metaDescription\",\"seo.canonicalUrl\",\"seo.metaRobots\",\"seo.ogTitle\",\"seo.ogDescription\",\"seo.ogImage\",\"seo.twitterCard\",\"seo.keywords\",\"featured\",\"sortOrder\"],\"locales\":[\"en\",\"vi\"]}', '[]', '2026-04-11 12:42:14.339000', '2026-04-11 12:42:14.339000', NULL, NULL),
(298, 'plugin::content-manager.explorer.update', '{}', 'api::research-category.research-category', '{\"fields\":[\"title\",\"slug\",\"summary\",\"reports\"],\"locales\":[\"en\",\"vi\"]}', '[]', '2026-04-11 12:42:14.340000', '2026-04-11 12:42:14.340000', NULL, NULL),
(299, 'plugin::content-manager.explorer.update', '{}', 'api::research-report.research-report', '{\"fields\":[\"title\",\"slug\",\"summary\",\"content\",\"coverImage\",\"reportType\",\"publishDate\",\"featured\",\"category\",\"author\",\"tags\",\"documents\",\"seo.metaTitle\",\"seo.metaDescription\",\"seo.canonicalUrl\",\"seo.metaRobots\",\"seo.ogTitle\",\"seo.ogDescription\",\"seo.ogImage\",\"seo.twitterCard\",\"seo.keywords\"],\"locales\":[\"en\",\"vi\"]}', '[]', '2026-04-11 12:42:14.341000', '2026-04-11 12:42:14.341000', NULL, NULL),
(300, 'plugin::content-manager.explorer.update', '{}', 'api::seo-default.seo-default', '{\"fields\":[\"meta.metaTitle\",\"meta.metaDescription\",\"meta.canonicalUrl\",\"meta.metaRobots\",\"meta.ogTitle\",\"meta.ogDescription\",\"meta.ogImage\",\"meta.twitterCard\",\"meta.keywords\",\"siteUrl\",\"defaultOgImage\",\"organizationSchema\"],\"locales\":[\"en\",\"vi\"]}', '[]', '2026-04-11 12:42:14.341000', '2026-04-11 12:42:14.341000', NULL, NULL),
(302, 'plugin::content-manager.explorer.update', '{}', 'api::service-category.service-category', '{\"fields\":[\"title\",\"slug\",\"summary\",\"sortOrder\",\"services\"],\"locales\":[\"en\",\"vi\"]}', '[]', '2026-04-11 12:42:14.342000', '2026-04-11 12:42:14.342000', NULL, NULL),
(303, 'plugin::content-manager.explorer.update', '{}', 'api::tag.tag', '{\"fields\":[\"name\",\"slug\",\"description\"],\"locales\":[\"en\",\"vi\"]}', '[]', '2026-04-11 12:42:14.343000', '2026-04-11 12:42:14.343000', NULL, NULL),
(304, 'plugin::content-manager.explorer.delete', '{}', 'plugin::users-permissions.user', '{}', '[]', '2026-04-11 12:42:14.027000', '2026-04-11 12:42:14.027000', NULL, NULL),
(305, 'plugin::content-manager.explorer.delete', '{}', 'api::announcement.announcement', '{\"locales\":[\"en\",\"vi\"]}', '[]', '2026-04-11 12:42:14.343000', '2026-04-11 12:42:14.343000', NULL, NULL),
(306, 'plugin::content-manager.explorer.delete', '{}', 'api::author.author', '{\"locales\":[\"en\",\"vi\"]}', '[]', '2026-04-11 12:42:14.344000', '2026-04-11 12:42:14.344000', NULL, NULL),
(307, 'plugin::content-manager.explorer.delete', '{}', 'api::banner.banner', '{\"locales\":[\"en\",\"vi\"]}', '[]', '2026-04-11 12:42:14.345000', '2026-04-11 12:42:14.345000', NULL, NULL),
(308, 'plugin::content-manager.explorer.delete', '{}', 'api::career-job.career-job', '{\"locales\":[\"en\",\"vi\"]}', '[]', '2026-04-11 12:42:14.345000', '2026-04-11 12:42:14.345000', NULL, NULL),
(309, 'plugin::content-manager.explorer.delete', '{}', 'api::contact-page-setting.contact-page-setting', '{\"locales\":[\"en\",\"vi\"]}', '[]', '2026-04-11 12:42:14.346000', '2026-04-11 12:42:14.346000', NULL, NULL),
(310, 'plugin::content-manager.explorer.delete', '{}', 'api::downloadable-document.downloadable-document', '{\"locales\":[\"en\",\"vi\"]}', '[]', '2026-04-11 12:42:14.346000', '2026-04-11 12:42:14.346000', NULL, NULL),
(311, 'plugin::content-manager.explorer.delete', '{}', 'api::event.event', '{\"locales\":[\"en\",\"vi\"]}', '[]', '2026-04-11 12:42:14.347000', '2026-04-11 12:42:14.347000', NULL, NULL),
(312, 'plugin::content-manager.explorer.delete', '{}', 'api::event-category.event-category', '{\"locales\":[\"en\",\"vi\"]}', '[]', '2026-04-11 12:42:14.347000', '2026-04-11 12:42:14.347000', NULL, NULL),
(313, 'plugin::content-manager.explorer.delete', '{}', 'api::faq-category.faq-category', '{\"locales\":[\"en\",\"vi\"]}', '[]', '2026-04-11 12:42:14.348000', '2026-04-11 12:42:14.348000', NULL, NULL),
(314, 'plugin::content-manager.explorer.delete', '{}', 'api::faq-item.faq-item', '{\"locales\":[\"en\",\"vi\"]}', '[]', '2026-04-11 12:42:14.348000', '2026-04-11 12:42:14.348000', NULL, NULL),
(315, 'plugin::content-manager.explorer.delete', '{}', 'api::footer-navigation.footer-navigation', '{\"locales\":[\"en\",\"vi\"]}', '[]', '2026-04-11 12:42:14.349000', '2026-04-11 12:42:14.349000', NULL, NULL),
(316, 'plugin::content-manager.explorer.delete', '{}', 'api::global-setting.global-setting', '{\"locales\":[\"en\",\"vi\"]}', '[]', '2026-04-11 12:42:14.350000', '2026-04-11 12:42:14.350000', NULL, NULL),
(317, 'plugin::content-manager.explorer.delete', '{}', 'api::header-navigation.header-navigation', '{\"locales\":[\"en\",\"vi\"]}', '[]', '2026-04-11 12:42:14.351000', '2026-04-11 12:42:14.351000', NULL, NULL),
(318, 'plugin::content-manager.explorer.delete', '{}', 'api::homepage.homepage', '{\"locales\":[\"en\",\"vi\"]}', '[]', '2026-04-11 12:42:14.351000', '2026-04-11 12:42:14.351000', NULL, NULL),
(319, 'plugin::content-manager.explorer.delete', '{}', 'api::news-article.news-article', '{\"locales\":[\"en\",\"vi\"]}', '[]', '2026-04-11 12:42:14.352000', '2026-04-11 12:42:14.352000', NULL, NULL),
(320, 'plugin::content-manager.explorer.delete', '{}', 'api::news-category.news-category', '{\"locales\":[\"en\",\"vi\"]}', '[]', '2026-04-11 12:42:14.352000', '2026-04-11 12:42:14.352000', NULL, NULL),
(321, 'plugin::content-manager.explorer.delete', '{}', 'api::office-location.office-location', '{\"locales\":[\"en\",\"vi\"]}', '[]', '2026-04-11 12:42:14.353000', '2026-04-11 12:42:14.353000', NULL, NULL),
(322, 'plugin::content-manager.explorer.delete', '{}', 'api::page.page', '{\"locales\":[\"en\",\"vi\"]}', '[]', '2026-04-11 12:42:14.353000', '2026-04-11 12:42:14.353000', NULL, NULL),
(323, 'plugin::content-manager.explorer.delete', '{}', 'api::research-category.research-category', '{\"locales\":[\"en\",\"vi\"]}', '[]', '2026-04-11 12:42:14.354000', '2026-04-11 12:42:14.354000', NULL, NULL),
(324, 'plugin::content-manager.explorer.delete', '{}', 'api::research-report.research-report', '{\"locales\":[\"en\",\"vi\"]}', '[]', '2026-04-11 12:42:14.354000', '2026-04-11 12:42:14.354000', NULL, NULL),
(325, 'plugin::content-manager.explorer.delete', '{}', 'api::seo-default.seo-default', '{\"locales\":[\"en\",\"vi\"]}', '[]', '2026-04-11 12:42:14.355000', '2026-04-11 12:42:14.355000', NULL, NULL),
(326, 'plugin::content-manager.explorer.delete', '{}', 'api::service.service', '{\"locales\":[\"en\",\"vi\"]}', '[]', '2026-04-11 12:42:14.355000', '2026-04-11 12:42:14.355000', NULL, NULL),
(327, 'plugin::content-manager.explorer.delete', '{}', 'api::service-category.service-category', '{\"locales\":[\"en\",\"vi\"]}', '[]', '2026-04-11 12:42:14.356000', '2026-04-11 12:42:14.356000', NULL, NULL),
(328, 'plugin::content-manager.explorer.delete', '{}', 'api::tag.tag', '{\"locales\":[\"en\",\"vi\"]}', '[]', '2026-04-11 12:42:14.356000', '2026-04-11 12:42:14.356000', NULL, NULL),
(329, 'plugin::content-manager.explorer.publish', '{}', 'api::announcement.announcement', '{\"locales\":[\"en\",\"vi\"]}', '[]', '2026-04-11 12:42:14.357000', '2026-04-11 12:42:14.357000', NULL, NULL),
(330, 'plugin::content-manager.explorer.publish', '{}', 'api::author.author', '{\"locales\":[\"en\",\"vi\"]}', '[]', '2026-04-11 12:42:14.358000', '2026-04-11 12:42:14.358000', NULL, NULL),
(331, 'plugin::content-manager.explorer.publish', '{}', 'api::banner.banner', '{\"locales\":[\"en\",\"vi\"]}', '[]', '2026-04-11 12:42:14.358000', '2026-04-11 12:42:14.358000', NULL, NULL),
(332, 'plugin::content-manager.explorer.publish', '{}', 'api::career-job.career-job', '{\"locales\":[\"en\",\"vi\"]}', '[]', '2026-04-11 12:42:14.359000', '2026-04-11 12:42:14.359000', NULL, NULL),
(333, 'plugin::content-manager.explorer.publish', '{}', 'api::contact-page-setting.contact-page-setting', '{\"locales\":[\"en\",\"vi\"]}', '[]', '2026-04-11 12:42:14.359000', '2026-04-11 12:42:14.359000', NULL, NULL),
(334, 'plugin::content-manager.explorer.publish', '{}', 'api::downloadable-document.downloadable-document', '{\"locales\":[\"en\",\"vi\"]}', '[]', '2026-04-11 12:42:14.360000', '2026-04-11 12:42:14.360000', NULL, NULL),
(335, 'plugin::content-manager.explorer.publish', '{}', 'api::event.event', '{\"locales\":[\"en\",\"vi\"]}', '[]', '2026-04-11 12:42:14.360000', '2026-04-11 12:42:14.360000', NULL, NULL),
(336, 'plugin::content-manager.explorer.publish', '{}', 'api::event-category.event-category', '{\"locales\":[\"en\",\"vi\"]}', '[]', '2026-04-11 12:42:14.361000', '2026-04-11 12:42:14.361000', NULL, NULL),
(337, 'plugin::content-manager.explorer.publish', '{}', 'api::faq-category.faq-category', '{\"locales\":[\"en\",\"vi\"]}', '[]', '2026-04-11 12:42:14.361000', '2026-04-11 12:42:14.361000', NULL, NULL),
(338, 'plugin::content-manager.explorer.publish', '{}', 'api::faq-item.faq-item', '{\"locales\":[\"en\",\"vi\"]}', '[]', '2026-04-11 12:42:14.362000', '2026-04-11 12:42:14.362000', NULL, NULL),
(339, 'plugin::content-manager.explorer.publish', '{}', 'api::footer-navigation.footer-navigation', '{\"locales\":[\"en\",\"vi\"]}', '[]', '2026-04-11 12:42:14.362000', '2026-04-11 12:42:14.362000', NULL, NULL),
(340, 'plugin::content-manager.explorer.publish', '{}', 'api::global-setting.global-setting', '{\"locales\":[\"en\",\"vi\"]}', '[]', '2026-04-11 12:42:14.363000', '2026-04-11 12:42:14.363000', NULL, NULL),
(341, 'plugin::content-manager.explorer.publish', '{}', 'api::header-navigation.header-navigation', '{\"locales\":[\"en\",\"vi\"]}', '[]', '2026-04-11 12:42:14.363000', '2026-04-11 12:42:14.363000', NULL, NULL),
(342, 'plugin::content-manager.explorer.publish', '{}', 'api::homepage.homepage', '{\"locales\":[\"en\",\"vi\"]}', '[]', '2026-04-11 12:42:14.364000', '2026-04-11 12:42:14.364000', NULL, NULL),
(343, 'plugin::content-manager.explorer.publish', '{}', 'api::news-article.news-article', '{\"locales\":[\"en\",\"vi\"]}', '[]', '2026-04-11 12:42:14.365000', '2026-04-11 12:42:14.365000', NULL, NULL),
(344, 'plugin::content-manager.explorer.publish', '{}', 'api::news-category.news-category', '{\"locales\":[\"en\",\"vi\"]}', '[]', '2026-04-11 12:42:14.365000', '2026-04-11 12:42:14.365000', NULL, NULL),
(345, 'plugin::content-manager.explorer.publish', '{}', 'api::office-location.office-location', '{\"locales\":[\"en\",\"vi\"]}', '[]', '2026-04-11 12:42:14.366000', '2026-04-11 12:42:14.366000', NULL, NULL),
(346, 'plugin::content-manager.explorer.publish', '{}', 'api::page.page', '{\"locales\":[\"en\",\"vi\"]}', '[]', '2026-04-11 12:42:14.366000', '2026-04-11 12:42:14.366000', NULL, NULL),
(347, 'plugin::content-manager.explorer.publish', '{}', 'api::research-category.research-category', '{\"locales\":[\"en\",\"vi\"]}', '[]', '2026-04-11 12:42:14.367000', '2026-04-11 12:42:14.367000', NULL, NULL),
(348, 'plugin::content-manager.explorer.publish', '{}', 'api::research-report.research-report', '{\"locales\":[\"en\",\"vi\"]}', '[]', '2026-04-11 12:42:14.367000', '2026-04-11 12:42:14.367000', NULL, NULL),
(349, 'plugin::content-manager.explorer.publish', '{}', 'api::seo-default.seo-default', '{\"locales\":[\"en\",\"vi\"]}', '[]', '2026-04-11 12:42:14.368000', '2026-04-11 12:42:14.368000', NULL, NULL),
(350, 'plugin::content-manager.explorer.publish', '{}', 'api::service.service', '{\"locales\":[\"en\",\"vi\"]}', '[]', '2026-04-11 12:42:14.368000', '2026-04-11 12:42:14.368000', NULL, NULL),
(351, 'plugin::content-manager.explorer.publish', '{}', 'api::service-category.service-category', '{\"locales\":[\"en\",\"vi\"]}', '[]', '2026-04-11 12:42:14.369000', '2026-04-11 12:42:14.369000', NULL, NULL),
(352, 'plugin::content-manager.explorer.publish', '{}', 'api::tag.tag', '{\"locales\":[\"en\",\"vi\"]}', '[]', '2026-04-11 12:42:14.369000', '2026-04-11 12:42:14.369000', NULL, NULL),
(353, 'plugin::content-manager.single-types.configure-view', '{}', NULL, '{}', '[]', '2026-04-11 12:42:14.057000', '2026-04-11 12:42:14.057000', NULL, NULL),
(354, 'plugin::content-manager.collection-types.configure-view', '{}', NULL, '{}', '[]', '2026-04-11 12:42:14.057000', '2026-04-11 12:42:14.057000', NULL, NULL);
INSERT INTO `admin_permissions` (`id`, `action`, `action_parameters`, `subject`, `properties`, `conditions`, `created_at`, `updated_at`, `created_by_id`, `updated_by_id`) VALUES
(355, 'plugin::content-manager.components.configure-layout', '{}', NULL, '{}', '[]', '2026-04-11 12:42:14.058000', '2026-04-11 12:42:14.058000', NULL, NULL),
(356, 'plugin::content-type-builder.read', '{}', NULL, '{}', '[]', '2026-04-11 12:42:14.059000', '2026-04-11 12:42:14.059000', NULL, NULL),
(357, 'plugin::email.settings.read', '{}', NULL, '{}', '[]', '2026-04-11 12:42:14.059000', '2026-04-11 12:42:14.059000', NULL, NULL),
(358, 'plugin::upload.read', '{}', NULL, '{}', '[]', '2026-04-11 12:42:14.060000', '2026-04-11 12:42:14.060000', NULL, NULL),
(359, 'plugin::upload.assets.create', '{}', NULL, '{}', '[]', '2026-04-11 12:42:14.060000', '2026-04-11 12:42:14.060000', NULL, NULL),
(360, 'plugin::upload.assets.update', '{}', NULL, '{}', '[]', '2026-04-11 12:42:14.061000', '2026-04-11 12:42:14.061000', NULL, NULL),
(361, 'plugin::upload.assets.download', '{}', NULL, '{}', '[]', '2026-04-11 12:42:14.062000', '2026-04-11 12:42:14.062000', NULL, NULL),
(362, 'plugin::upload.assets.copy-link', '{}', NULL, '{}', '[]', '2026-04-11 12:42:14.062000', '2026-04-11 12:42:14.062000', NULL, NULL),
(363, 'plugin::upload.configure-view', '{}', NULL, '{}', '[]', '2026-04-11 12:42:14.063000', '2026-04-11 12:42:14.063000', NULL, NULL),
(364, 'plugin::upload.settings.read', '{}', NULL, '{}', '[]', '2026-04-11 12:42:14.063000', '2026-04-11 12:42:14.063000', NULL, NULL),
(365, 'plugin::i18n.locale.create', '{}', NULL, '{}', '[]', '2026-04-11 12:42:14.064000', '2026-04-11 12:42:14.064000', NULL, NULL),
(366, 'plugin::i18n.locale.read', '{}', NULL, '{}', '[]', '2026-04-11 12:42:14.064000', '2026-04-11 12:42:14.064000', NULL, NULL),
(367, 'plugin::i18n.locale.update', '{}', NULL, '{}', '[]', '2026-04-11 12:42:14.065000', '2026-04-11 12:42:14.065000', NULL, NULL),
(368, 'plugin::i18n.locale.delete', '{}', NULL, '{}', '[]', '2026-04-11 12:42:14.065000', '2026-04-11 12:42:14.065000', NULL, NULL),
(369, 'plugin::users-permissions.roles.create', '{}', NULL, '{}', '[]', '2026-04-11 12:42:14.066000', '2026-04-11 12:42:14.066000', NULL, NULL),
(370, 'plugin::users-permissions.roles.read', '{}', NULL, '{}', '[]', '2026-04-11 12:42:14.066000', '2026-04-11 12:42:14.066000', NULL, NULL),
(371, 'plugin::users-permissions.roles.update', '{}', NULL, '{}', '[]', '2026-04-11 12:42:14.067000', '2026-04-11 12:42:14.067000', NULL, NULL),
(372, 'plugin::users-permissions.roles.delete', '{}', NULL, '{}', '[]', '2026-04-11 12:42:14.067000', '2026-04-11 12:42:14.067000', NULL, NULL),
(373, 'plugin::users-permissions.providers.read', '{}', NULL, '{}', '[]', '2026-04-11 12:42:14.068000', '2026-04-11 12:42:14.068000', NULL, NULL),
(374, 'plugin::users-permissions.providers.update', '{}', NULL, '{}', '[]', '2026-04-11 12:42:14.068000', '2026-04-11 12:42:14.068000', NULL, NULL),
(375, 'plugin::users-permissions.email-templates.read', '{}', NULL, '{}', '[]', '2026-04-11 12:42:14.069000', '2026-04-11 12:42:14.069000', NULL, NULL),
(376, 'plugin::users-permissions.email-templates.update', '{}', NULL, '{}', '[]', '2026-04-11 12:42:14.070000', '2026-04-11 12:42:14.070000', NULL, NULL),
(377, 'plugin::users-permissions.advanced-settings.read', '{}', NULL, '{}', '[]', '2026-04-11 12:42:14.070000', '2026-04-11 12:42:14.070000', NULL, NULL),
(378, 'plugin::users-permissions.advanced-settings.update', '{}', NULL, '{}', '[]', '2026-04-11 12:42:14.071000', '2026-04-11 12:42:14.071000', NULL, NULL),
(379, 'admin::marketplace.read', '{}', NULL, '{}', '[]', '2026-04-11 12:42:14.071000', '2026-04-11 12:42:14.071000', NULL, NULL),
(380, 'admin::webhooks.create', '{}', NULL, '{}', '[]', '2026-04-11 12:42:14.072000', '2026-04-11 12:42:14.072000', NULL, NULL),
(381, 'admin::webhooks.read', '{}', NULL, '{}', '[]', '2026-04-11 12:42:14.072000', '2026-04-11 12:42:14.072000', NULL, NULL),
(382, 'admin::webhooks.update', '{}', NULL, '{}', '[]', '2026-04-11 12:42:14.073000', '2026-04-11 12:42:14.073000', NULL, NULL),
(383, 'admin::webhooks.delete', '{}', NULL, '{}', '[]', '2026-04-11 12:42:14.074000', '2026-04-11 12:42:14.074000', NULL, NULL),
(384, 'admin::users.create', '{}', NULL, '{}', '[]', '2026-04-11 12:42:14.075000', '2026-04-11 12:42:14.075000', NULL, NULL),
(385, 'admin::users.read', '{}', NULL, '{}', '[]', '2026-04-11 12:42:14.076000', '2026-04-11 12:42:14.076000', NULL, NULL),
(386, 'admin::users.update', '{}', NULL, '{}', '[]', '2026-04-11 12:42:14.076000', '2026-04-11 12:42:14.076000', NULL, NULL),
(387, 'admin::users.delete', '{}', NULL, '{}', '[]', '2026-04-11 12:42:14.077000', '2026-04-11 12:42:14.077000', NULL, NULL),
(388, 'admin::roles.create', '{}', NULL, '{}', '[]', '2026-04-11 12:42:14.078000', '2026-04-11 12:42:14.078000', NULL, NULL),
(389, 'admin::roles.read', '{}', NULL, '{}', '[]', '2026-04-11 12:42:14.078000', '2026-04-11 12:42:14.078000', NULL, NULL),
(390, 'admin::roles.update', '{}', NULL, '{}', '[]', '2026-04-11 12:42:14.079000', '2026-04-11 12:42:14.079000', NULL, NULL),
(391, 'admin::roles.delete', '{}', NULL, '{}', '[]', '2026-04-11 12:42:14.079000', '2026-04-11 12:42:14.079000', NULL, NULL),
(392, 'admin::api-tokens.access', '{}', NULL, '{}', '[]', '2026-04-11 12:42:14.080000', '2026-04-11 12:42:14.080000', NULL, NULL),
(393, 'admin::api-tokens.create', '{}', NULL, '{}', '[]', '2026-04-11 12:42:14.081000', '2026-04-11 12:42:14.081000', NULL, NULL),
(394, 'admin::api-tokens.read', '{}', NULL, '{}', '[]', '2026-04-11 12:42:14.081000', '2026-04-11 12:42:14.081000', NULL, NULL),
(395, 'admin::api-tokens.update', '{}', NULL, '{}', '[]', '2026-04-11 12:42:14.082000', '2026-04-11 12:42:14.082000', NULL, NULL),
(396, 'admin::api-tokens.regenerate', '{}', NULL, '{}', '[]', '2026-04-11 12:42:14.082000', '2026-04-11 12:42:14.082000', NULL, NULL),
(397, 'admin::api-tokens.delete', '{}', NULL, '{}', '[]', '2026-04-11 12:42:14.083000', '2026-04-11 12:42:14.083000', NULL, NULL),
(398, 'admin::project-settings.update', '{}', NULL, '{}', '[]', '2026-04-11 12:42:14.083000', '2026-04-11 12:42:14.083000', NULL, NULL),
(399, 'admin::project-settings.read', '{}', NULL, '{}', '[]', '2026-04-11 12:42:14.084000', '2026-04-11 12:42:14.084000', NULL, NULL),
(400, 'admin::transfer.tokens.access', '{}', NULL, '{}', '[]', '2026-04-11 12:42:14.084000', '2026-04-11 12:42:14.084000', NULL, NULL),
(401, 'admin::transfer.tokens.create', '{}', NULL, '{}', '[]', '2026-04-11 12:42:14.085000', '2026-04-11 12:42:14.085000', NULL, NULL),
(402, 'admin::transfer.tokens.read', '{}', NULL, '{}', '[]', '2026-04-11 12:42:14.086000', '2026-04-11 12:42:14.086000', NULL, NULL),
(403, 'admin::transfer.tokens.update', '{}', NULL, '{}', '[]', '2026-04-11 12:42:14.086000', '2026-04-11 12:42:14.086000', NULL, NULL),
(404, 'admin::transfer.tokens.regenerate', '{}', NULL, '{}', '[]', '2026-04-11 12:42:14.087000', '2026-04-11 12:42:14.087000', NULL, NULL),
(405, 'admin::transfer.tokens.delete', '{}', NULL, '{}', '[]', '2026-04-11 12:42:14.087000', '2026-04-11 12:42:14.087000', NULL, NULL),
(406, 'plugin::content-manager.explorer.create', '{}', 'api::contact-page-setting.contact-page-setting', '{\"fields\":[\"title\",\"summary\",\"recipientEmail\",\"mapEmbedUrl\",\"supportChannels.label\",\"supportChannels.href\",\"supportChannels.target\",\"supportChannels.description\",\"supportChannels.children.label\",\"supportChannels.children.href\",\"supportChannels.children.target\",\"supportChannels.children.description\",\"seo.metaTitle\",\"seo.metaDescription\",\"seo.canonicalUrl\",\"seo.metaRobots\",\"seo.ogTitle\",\"seo.ogDescription\",\"seo.ogImage\",\"seo.twitterCard\",\"seo.keywords\"],\"locales\":[\"en\",\"vi\"]}', '[]', '2026-04-11 13:14:44.326000', '2026-04-11 13:14:44.326000', NULL, NULL),
(407, 'plugin::content-manager.explorer.create', '{}', 'api::footer-navigation.footer-navigation', '{\"fields\":[\"columns.label\",\"columns.href\",\"columns.target\",\"columns.description\",\"columns.children.label\",\"columns.children.href\",\"columns.children.target\",\"columns.children.description\",\"copyrightText\",\"legalLinks.label\",\"legalLinks.href\",\"legalLinks.target\",\"legalLinks.description\",\"legalLinks.children.label\",\"legalLinks.children.href\",\"legalLinks.children.target\",\"legalLinks.children.description\"],\"locales\":[\"en\",\"vi\"]}', '[]', '2026-04-11 13:14:44.328000', '2026-04-11 13:14:44.328000', NULL, NULL),
(408, 'plugin::content-manager.explorer.create', '{}', 'api::global-setting.global-setting', '{\"fields\":[\"siteName\",\"siteTagline\",\"siteDescription\",\"organizationName\",\"logo\",\"favicon\",\"supportHotline\",\"supportEmail\",\"address\",\"socialLinks.label\",\"socialLinks.href\",\"socialLinks.target\",\"socialLinks.description\",\"socialLinks.children.label\",\"socialLinks.children.href\",\"socialLinks.children.target\",\"socialLinks.children.description\",\"defaultSeo.metaTitle\",\"defaultSeo.metaDescription\",\"defaultSeo.canonicalUrl\",\"defaultSeo.metaRobots\",\"defaultSeo.ogTitle\",\"defaultSeo.ogDescription\",\"defaultSeo.ogImage\",\"defaultSeo.twitterCard\",\"defaultSeo.keywords\"],\"locales\":[\"en\",\"vi\"]}', '[]', '2026-04-11 13:14:44.330000', '2026-04-11 13:14:44.330000', NULL, NULL),
(409, 'plugin::content-manager.explorer.create', '{}', 'api::header-navigation.header-navigation', '{\"fields\":[\"items.label\",\"items.href\",\"items.target\",\"items.description\",\"items.children.label\",\"items.children.href\",\"items.children.target\",\"items.children.description\",\"primaryButton.label\",\"primaryButton.href\",\"primaryButton.variant\",\"primaryButton.target\",\"secondaryButton.label\",\"secondaryButton.href\",\"secondaryButton.variant\",\"secondaryButton.target\"],\"locales\":[\"en\",\"vi\"]}', '[]', '2026-04-11 13:14:44.331000', '2026-04-11 13:14:44.331000', NULL, NULL),
(410, 'plugin::content-manager.explorer.read', '{}', 'api::contact-page-setting.contact-page-setting', '{\"fields\":[\"title\",\"summary\",\"recipientEmail\",\"mapEmbedUrl\",\"supportChannels.label\",\"supportChannels.href\",\"supportChannels.target\",\"supportChannels.description\",\"supportChannels.children.label\",\"supportChannels.children.href\",\"supportChannels.children.target\",\"supportChannels.children.description\",\"seo.metaTitle\",\"seo.metaDescription\",\"seo.canonicalUrl\",\"seo.metaRobots\",\"seo.ogTitle\",\"seo.ogDescription\",\"seo.ogImage\",\"seo.twitterCard\",\"seo.keywords\"],\"locales\":[\"en\",\"vi\"]}', '[]', '2026-04-11 13:14:44.333000', '2026-04-11 13:14:44.333000', NULL, NULL),
(411, 'plugin::content-manager.explorer.read', '{}', 'api::footer-navigation.footer-navigation', '{\"fields\":[\"columns.label\",\"columns.href\",\"columns.target\",\"columns.description\",\"columns.children.label\",\"columns.children.href\",\"columns.children.target\",\"columns.children.description\",\"copyrightText\",\"legalLinks.label\",\"legalLinks.href\",\"legalLinks.target\",\"legalLinks.description\",\"legalLinks.children.label\",\"legalLinks.children.href\",\"legalLinks.children.target\",\"legalLinks.children.description\"],\"locales\":[\"en\",\"vi\"]}', '[]', '2026-04-11 13:14:44.335000', '2026-04-11 13:14:44.335000', NULL, NULL),
(412, 'plugin::content-manager.explorer.read', '{}', 'api::global-setting.global-setting', '{\"fields\":[\"siteName\",\"siteTagline\",\"siteDescription\",\"organizationName\",\"logo\",\"favicon\",\"supportHotline\",\"supportEmail\",\"address\",\"socialLinks.label\",\"socialLinks.href\",\"socialLinks.target\",\"socialLinks.description\",\"socialLinks.children.label\",\"socialLinks.children.href\",\"socialLinks.children.target\",\"socialLinks.children.description\",\"defaultSeo.metaTitle\",\"defaultSeo.metaDescription\",\"defaultSeo.canonicalUrl\",\"defaultSeo.metaRobots\",\"defaultSeo.ogTitle\",\"defaultSeo.ogDescription\",\"defaultSeo.ogImage\",\"defaultSeo.twitterCard\",\"defaultSeo.keywords\"],\"locales\":[\"en\",\"vi\"]}', '[]', '2026-04-11 13:14:44.336000', '2026-04-11 13:14:44.336000', NULL, NULL),
(413, 'plugin::content-manager.explorer.read', '{}', 'api::header-navigation.header-navigation', '{\"fields\":[\"items.label\",\"items.href\",\"items.target\",\"items.description\",\"items.children.label\",\"items.children.href\",\"items.children.target\",\"items.children.description\",\"primaryButton.label\",\"primaryButton.href\",\"primaryButton.variant\",\"primaryButton.target\",\"secondaryButton.label\",\"secondaryButton.href\",\"secondaryButton.variant\",\"secondaryButton.target\"],\"locales\":[\"en\",\"vi\"]}', '[]', '2026-04-11 13:14:44.337000', '2026-04-11 13:14:44.337000', NULL, NULL),
(414, 'plugin::content-manager.explorer.update', '{}', 'api::contact-page-setting.contact-page-setting', '{\"fields\":[\"title\",\"summary\",\"recipientEmail\",\"mapEmbedUrl\",\"supportChannels.label\",\"supportChannels.href\",\"supportChannels.target\",\"supportChannels.description\",\"supportChannels.children.label\",\"supportChannels.children.href\",\"supportChannels.children.target\",\"supportChannels.children.description\",\"seo.metaTitle\",\"seo.metaDescription\",\"seo.canonicalUrl\",\"seo.metaRobots\",\"seo.ogTitle\",\"seo.ogDescription\",\"seo.ogImage\",\"seo.twitterCard\",\"seo.keywords\"],\"locales\":[\"en\",\"vi\"]}', '[]', '2026-04-11 13:14:44.339000', '2026-04-11 13:14:44.339000', NULL, NULL),
(415, 'plugin::content-manager.explorer.update', '{}', 'api::footer-navigation.footer-navigation', '{\"fields\":[\"columns.label\",\"columns.href\",\"columns.target\",\"columns.description\",\"columns.children.label\",\"columns.children.href\",\"columns.children.target\",\"columns.children.description\",\"copyrightText\",\"legalLinks.label\",\"legalLinks.href\",\"legalLinks.target\",\"legalLinks.description\",\"legalLinks.children.label\",\"legalLinks.children.href\",\"legalLinks.children.target\",\"legalLinks.children.description\"],\"locales\":[\"en\",\"vi\"]}', '[]', '2026-04-11 13:14:44.340000', '2026-04-11 13:14:44.340000', NULL, NULL),
(416, 'plugin::content-manager.explorer.update', '{}', 'api::global-setting.global-setting', '{\"fields\":[\"siteName\",\"siteTagline\",\"siteDescription\",\"organizationName\",\"logo\",\"favicon\",\"supportHotline\",\"supportEmail\",\"address\",\"socialLinks.label\",\"socialLinks.href\",\"socialLinks.target\",\"socialLinks.description\",\"socialLinks.children.label\",\"socialLinks.children.href\",\"socialLinks.children.target\",\"socialLinks.children.description\",\"defaultSeo.metaTitle\",\"defaultSeo.metaDescription\",\"defaultSeo.canonicalUrl\",\"defaultSeo.metaRobots\",\"defaultSeo.ogTitle\",\"defaultSeo.ogDescription\",\"defaultSeo.ogImage\",\"defaultSeo.twitterCard\",\"defaultSeo.keywords\"],\"locales\":[\"en\",\"vi\"]}', '[]', '2026-04-11 13:14:44.342000', '2026-04-11 13:14:44.342000', NULL, NULL),
(417, 'plugin::content-manager.explorer.update', '{}', 'api::header-navigation.header-navigation', '{\"fields\":[\"items.label\",\"items.href\",\"items.target\",\"items.description\",\"items.children.label\",\"items.children.href\",\"items.children.target\",\"items.children.description\",\"primaryButton.label\",\"primaryButton.href\",\"primaryButton.variant\",\"primaryButton.target\",\"secondaryButton.label\",\"secondaryButton.href\",\"secondaryButton.variant\",\"secondaryButton.target\"],\"locales\":[\"en\",\"vi\"]}', '[]', '2026-04-11 13:14:44.344000', '2026-04-11 13:14:44.344000', NULL, NULL),
(421, 'plugin::content-manager.explorer.create', '{}', 'api::service.service', '{\"fields\":[\"title\",\"slug\",\"summary\",\"description\",\"coverImage\",\"thumbnail\",\"featured\",\"sortOrder\",\"publishDate\",\"status\",\"category\",\"tags\",\"documents\",\"advisorSectionTitle\",\"advisorSectionDescription\",\"advisorSectionBackgroundImage\",\"advisors.name\",\"advisors.quote\",\"advisors.cert\",\"advisors.experience\",\"advisors.phone\",\"advisors.avatar\",\"advisors.badge\",\"advisors.ctaLabel\",\"advisors.ctaHref\",\"seo.metaTitle\",\"seo.metaDescription\",\"seo.canonicalUrl\",\"seo.metaRobots\",\"seo.ogTitle\",\"seo.ogDescription\",\"seo.ogImage\",\"seo.twitterCard\",\"seo.keywords\"],\"locales\":[\"en\",\"vi\"]}', '[]', '2026-04-19 12:27:09.869000', '2026-04-19 12:27:09.869000', NULL, NULL),
(422, 'plugin::content-manager.explorer.read', '{}', 'api::service.service', '{\"fields\":[\"title\",\"slug\",\"summary\",\"description\",\"coverImage\",\"thumbnail\",\"featured\",\"sortOrder\",\"publishDate\",\"status\",\"category\",\"tags\",\"documents\",\"advisorSectionTitle\",\"advisorSectionDescription\",\"advisorSectionBackgroundImage\",\"advisors.name\",\"advisors.quote\",\"advisors.cert\",\"advisors.experience\",\"advisors.phone\",\"advisors.avatar\",\"advisors.badge\",\"advisors.ctaLabel\",\"advisors.ctaHref\",\"seo.metaTitle\",\"seo.metaDescription\",\"seo.canonicalUrl\",\"seo.metaRobots\",\"seo.ogTitle\",\"seo.ogDescription\",\"seo.ogImage\",\"seo.twitterCard\",\"seo.keywords\"],\"locales\":[\"en\",\"vi\"]}', '[]', '2026-04-19 12:27:09.872000', '2026-04-19 12:27:09.872000', NULL, NULL),
(423, 'plugin::content-manager.explorer.update', '{}', 'api::service.service', '{\"fields\":[\"title\",\"slug\",\"summary\",\"description\",\"coverImage\",\"thumbnail\",\"featured\",\"sortOrder\",\"publishDate\",\"status\",\"category\",\"tags\",\"documents\",\"advisorSectionTitle\",\"advisorSectionDescription\",\"advisorSectionBackgroundImage\",\"advisors.name\",\"advisors.quote\",\"advisors.cert\",\"advisors.experience\",\"advisors.phone\",\"advisors.avatar\",\"advisors.badge\",\"advisors.ctaLabel\",\"advisors.ctaHref\",\"seo.metaTitle\",\"seo.metaDescription\",\"seo.canonicalUrl\",\"seo.metaRobots\",\"seo.ogTitle\",\"seo.ogDescription\",\"seo.ogImage\",\"seo.twitterCard\",\"seo.keywords\"],\"locales\":[\"en\",\"vi\"]}', '[]', '2026-04-19 12:27:09.874000', '2026-04-19 12:27:09.874000', NULL, NULL),
(424, 'plugin::content-manager.explorer.create', '{}', 'api::document-category.document-category', '{\"fields\":[\"title\",\"slug\",\"summary\",\"sortOrder\",\"documents\"],\"locales\":[\"en\",\"vi\"]}', '[]', '2026-04-20 10:27:43.480000', '2026-04-20 10:27:43.480000', NULL, NULL),
(425, 'plugin::content-manager.explorer.create', '{}', 'api::employment-type.employment-type', '{\"fields\":[\"title\",\"slug\",\"summary\",\"sortOrder\",\"jobs\"],\"locales\":[\"en\",\"vi\"]}', '[]', '2026-04-20 10:27:43.484000', '2026-04-20 10:27:43.484000', NULL, NULL),
(426, 'plugin::content-manager.explorer.create', '{}', 'api::page-type.page-type', '{\"fields\":[\"title\",\"slug\",\"summary\",\"sortOrder\",\"pages\"],\"locales\":[\"en\",\"vi\"]}', '[]', '2026-04-20 10:27:43.495000', '2026-04-20 10:27:43.495000', NULL, NULL),
(427, 'plugin::content-manager.explorer.create', '{}', 'api::research-report-type.research-report-type', '{\"fields\":[\"title\",\"slug\",\"summary\",\"sortOrder\",\"reports\"],\"locales\":[\"en\",\"vi\"]}', '[]', '2026-04-20 10:27:43.496000', '2026-04-20 10:27:43.496000', NULL, NULL),
(428, 'plugin::content-manager.explorer.read', '{}', 'api::document-category.document-category', '{\"fields\":[\"title\",\"slug\",\"summary\",\"sortOrder\",\"documents\"],\"locales\":[\"en\",\"vi\"]}', '[]', '2026-04-20 10:27:43.498000', '2026-04-20 10:27:43.498000', NULL, NULL),
(429, 'plugin::content-manager.explorer.read', '{}', 'api::employment-type.employment-type', '{\"fields\":[\"title\",\"slug\",\"summary\",\"sortOrder\",\"jobs\"],\"locales\":[\"en\",\"vi\"]}', '[]', '2026-04-20 10:27:43.501000', '2026-04-20 10:27:43.501000', NULL, NULL),
(430, 'plugin::content-manager.explorer.read', '{}', 'api::page-type.page-type', '{\"fields\":[\"title\",\"slug\",\"summary\",\"sortOrder\",\"pages\"],\"locales\":[\"en\",\"vi\"]}', '[]', '2026-04-20 10:27:43.504000', '2026-04-20 10:27:43.504000', NULL, NULL),
(431, 'plugin::content-manager.explorer.read', '{}', 'api::research-report-type.research-report-type', '{\"fields\":[\"title\",\"slug\",\"summary\",\"sortOrder\",\"reports\"],\"locales\":[\"en\",\"vi\"]}', '[]', '2026-04-20 10:27:43.506000', '2026-04-20 10:27:43.506000', NULL, NULL),
(432, 'plugin::content-manager.explorer.update', '{}', 'api::document-category.document-category', '{\"fields\":[\"title\",\"slug\",\"summary\",\"sortOrder\",\"documents\"],\"locales\":[\"en\",\"vi\"]}', '[]', '2026-04-20 10:27:43.509000', '2026-04-20 10:27:43.509000', NULL, NULL),
(433, 'plugin::content-manager.explorer.update', '{}', 'api::employment-type.employment-type', '{\"fields\":[\"title\",\"slug\",\"summary\",\"sortOrder\",\"jobs\"],\"locales\":[\"en\",\"vi\"]}', '[]', '2026-04-20 10:27:43.511000', '2026-04-20 10:27:43.511000', NULL, NULL),
(434, 'plugin::content-manager.explorer.update', '{}', 'api::page-type.page-type', '{\"fields\":[\"title\",\"slug\",\"summary\",\"sortOrder\",\"pages\"],\"locales\":[\"en\",\"vi\"]}', '[]', '2026-04-20 10:27:43.513000', '2026-04-20 10:27:43.513000', NULL, NULL),
(435, 'plugin::content-manager.explorer.update', '{}', 'api::research-report-type.research-report-type', '{\"fields\":[\"title\",\"slug\",\"summary\",\"sortOrder\",\"reports\"],\"locales\":[\"en\",\"vi\"]}', '[]', '2026-04-20 10:27:43.514000', '2026-04-20 10:27:43.514000', NULL, NULL),
(436, 'plugin::content-manager.explorer.delete', '{}', 'api::document-category.document-category', '{\"locales\":[\"en\",\"vi\"]}', '[]', '2026-04-20 10:27:43.516000', '2026-04-20 10:27:43.516000', NULL, NULL),
(437, 'plugin::content-manager.explorer.delete', '{}', 'api::employment-type.employment-type', '{\"locales\":[\"en\",\"vi\"]}', '[]', '2026-04-20 10:27:43.518000', '2026-04-20 10:27:43.518000', NULL, NULL),
(438, 'plugin::content-manager.explorer.delete', '{}', 'api::page-type.page-type', '{\"locales\":[\"en\",\"vi\"]}', '[]', '2026-04-20 10:27:43.519000', '2026-04-20 10:27:43.519000', NULL, NULL),
(439, 'plugin::content-manager.explorer.delete', '{}', 'api::research-report-type.research-report-type', '{\"locales\":[\"en\",\"vi\"]}', '[]', '2026-04-20 10:27:43.521000', '2026-04-20 10:27:43.521000', NULL, NULL),
(440, 'plugin::content-manager.explorer.publish', '{}', 'api::document-category.document-category', '{\"locales\":[\"en\",\"vi\"]}', '[]', '2026-04-20 10:27:43.523000', '2026-04-20 10:27:43.523000', NULL, NULL),
(441, 'plugin::content-manager.explorer.publish', '{}', 'api::employment-type.employment-type', '{\"locales\":[\"en\",\"vi\"]}', '[]', '2026-04-20 10:27:43.524000', '2026-04-20 10:27:43.524000', NULL, NULL),
(442, 'plugin::content-manager.explorer.publish', '{}', 'api::page-type.page-type', '{\"locales\":[\"en\",\"vi\"]}', '[]', '2026-04-20 10:27:43.526000', '2026-04-20 10:27:43.526000', NULL, NULL),
(443, 'plugin::content-manager.explorer.publish', '{}', 'api::research-report-type.research-report-type', '{\"locales\":[\"en\",\"vi\"]}', '[]', '2026-04-20 10:27:43.528000', '2026-04-20 10:27:43.528000', NULL, NULL),
(444, 'plugin::content-manager.explorer.create', '{}', 'api::banner-placement.banner-placement', '{\"fields\":[\"title\",\"slug\",\"summary\",\"sortOrder\",\"banners\"],\"locales\":[\"en\",\"vi\"]}', '[]', '2026-04-20 10:56:12.588000', '2026-04-20 10:56:12.588000', NULL, NULL),
(445, 'plugin::content-manager.explorer.create', '{}', 'api::office-type.office-type', '{\"fields\":[\"title\",\"slug\",\"summary\",\"sortOrder\",\"offices\"],\"locales\":[\"en\",\"vi\"]}', '[]', '2026-04-20 10:56:12.594000', '2026-04-20 10:56:12.594000', NULL, NULL),
(446, 'plugin::content-manager.explorer.create', '{}', 'api::related-content-type.related-content-type', '{\"fields\":[\"title\",\"slug\",\"summary\",\"sortOrder\"],\"locales\":[\"en\",\"vi\"]}', '[]', '2026-04-20 10:56:12.596000', '2026-04-20 10:56:12.596000', NULL, NULL),
(447, 'plugin::content-manager.explorer.read', '{}', 'api::banner-placement.banner-placement', '{\"fields\":[\"title\",\"slug\",\"summary\",\"sortOrder\",\"banners\"],\"locales\":[\"en\",\"vi\"]}', '[]', '2026-04-20 10:56:12.598000', '2026-04-20 10:56:12.598000', NULL, NULL),
(448, 'plugin::content-manager.explorer.read', '{}', 'api::office-type.office-type', '{\"fields\":[\"title\",\"slug\",\"summary\",\"sortOrder\",\"offices\"],\"locales\":[\"en\",\"vi\"]}', '[]', '2026-04-20 10:56:12.599000', '2026-04-20 10:56:12.599000', NULL, NULL),
(449, 'plugin::content-manager.explorer.read', '{}', 'api::related-content-type.related-content-type', '{\"fields\":[\"title\",\"slug\",\"summary\",\"sortOrder\"],\"locales\":[\"en\",\"vi\"]}', '[]', '2026-04-20 10:56:12.601000', '2026-04-20 10:56:12.601000', NULL, NULL),
(450, 'plugin::content-manager.explorer.update', '{}', 'api::banner-placement.banner-placement', '{\"fields\":[\"title\",\"slug\",\"summary\",\"sortOrder\",\"banners\"],\"locales\":[\"en\",\"vi\"]}', '[]', '2026-04-20 10:56:12.604000', '2026-04-20 10:56:12.604000', NULL, NULL),
(451, 'plugin::content-manager.explorer.update', '{}', 'api::office-type.office-type', '{\"fields\":[\"title\",\"slug\",\"summary\",\"sortOrder\",\"offices\"],\"locales\":[\"en\",\"vi\"]}', '[]', '2026-04-20 10:56:12.606000', '2026-04-20 10:56:12.606000', NULL, NULL),
(452, 'plugin::content-manager.explorer.update', '{}', 'api::related-content-type.related-content-type', '{\"fields\":[\"title\",\"slug\",\"summary\",\"sortOrder\"],\"locales\":[\"en\",\"vi\"]}', '[]', '2026-04-20 10:56:12.607000', '2026-04-20 10:56:12.607000', NULL, NULL),
(453, 'plugin::content-manager.explorer.delete', '{}', 'api::banner-placement.banner-placement', '{\"locales\":[\"en\",\"vi\"]}', '[]', '2026-04-20 10:56:12.608000', '2026-04-20 10:56:12.608000', NULL, NULL),
(454, 'plugin::content-manager.explorer.delete', '{}', 'api::office-type.office-type', '{\"locales\":[\"en\",\"vi\"]}', '[]', '2026-04-20 10:56:12.609000', '2026-04-20 10:56:12.609000', NULL, NULL),
(455, 'plugin::content-manager.explorer.delete', '{}', 'api::related-content-type.related-content-type', '{\"locales\":[\"en\",\"vi\"]}', '[]', '2026-04-20 10:56:12.610000', '2026-04-20 10:56:12.610000', NULL, NULL),
(456, 'plugin::content-manager.explorer.publish', '{}', 'api::banner-placement.banner-placement', '{\"locales\":[\"en\",\"vi\"]}', '[]', '2026-04-20 10:56:12.611000', '2026-04-20 10:56:12.611000', NULL, NULL),
(457, 'plugin::content-manager.explorer.publish', '{}', 'api::office-type.office-type', '{\"locales\":[\"en\",\"vi\"]}', '[]', '2026-04-20 10:56:12.612000', '2026-04-20 10:56:12.612000', NULL, NULL),
(458, 'plugin::content-manager.explorer.publish', '{}', 'api::related-content-type.related-content-type', '{\"locales\":[\"en\",\"vi\"]}', '[]', '2026-04-20 10:56:12.613000', '2026-04-20 10:56:12.613000', NULL, NULL);

-- --------------------------------------------------------

--
-- Table structure for table `admin_permissions_role_links`
--

CREATE TABLE `admin_permissions_role_links` (
  `id` int(10) UNSIGNED NOT NULL,
  `permission_id` int(10) UNSIGNED DEFAULT NULL,
  `role_id` int(10) UNSIGNED DEFAULT NULL,
  `permission_order` double UNSIGNED DEFAULT NULL
) ENGINE=InnoDB DEFAULT CHARSET=utf8mb4 COLLATE=utf8mb4_unicode_ci;

--
-- Dumping data for table `admin_permissions_role_links`
--

INSERT INTO `admin_permissions_role_links` (`id`, `permission_id`, `role_id`, `permission_order`) VALUES
(1, 1, 2, 1),
(2, 2, 2, 2),
(3, 3, 2, 3),
(4, 4, 2, 4),
(5, 5, 2, 5),
(6, 6, 2, 6),
(7, 7, 2, 7),
(8, 8, 2, 8),
(9, 9, 2, 9),
(10, 10, 2, 10),
(11, 11, 2, 11),
(12, 12, 2, 12),
(13, 13, 2, 13),
(14, 14, 2, 14),
(15, 15, 2, 15),
(16, 16, 2, 16),
(17, 17, 2, 17),
(18, 18, 2, 18),
(19, 19, 2, 19),
(20, 20, 2, 20),
(21, 21, 2, 21),
(22, 22, 2, 22),
(23, 23, 2, 23),
(24, 24, 2, 24),
(25, 25, 2, 25),
(26, 26, 2, 26),
(27, 27, 2, 27),
(28, 28, 2, 28),
(29, 29, 2, 29),
(30, 30, 2, 30),
(31, 31, 2, 31),
(32, 32, 2, 32),
(33, 33, 2, 33),
(34, 34, 2, 34),
(35, 35, 2, 35),
(36, 36, 2, 36),
(37, 37, 2, 37),
(38, 38, 2, 38),
(39, 39, 2, 39),
(40, 40, 2, 40),
(41, 41, 2, 41),
(42, 42, 2, 42),
(43, 43, 2, 43),
(44, 44, 2, 44),
(45, 45, 2, 45),
(46, 46, 2, 46),
(47, 47, 2, 47),
(48, 48, 2, 48),
(49, 49, 2, 49),
(50, 50, 2, 50),
(51, 51, 2, 51),
(52, 52, 2, 52),
(53, 53, 2, 53),
(54, 54, 2, 54),
(55, 55, 2, 55),
(56, 56, 2, 56),
(57, 57, 2, 57),
(58, 58, 2, 58),
(59, 59, 2, 59),
(60, 60, 2, 60),
(61, 61, 2, 61),
(62, 62, 2, 62),
(63, 63, 2, 63),
(64, 64, 2, 64),
(65, 65, 2, 65),
(66, 66, 2, 66),
(67, 67, 2, 67),
(68, 68, 2, 68),
(69, 69, 2, 69),
(70, 70, 2, 70),
(71, 71, 2, 71),
(72, 72, 2, 72),
(121, 121, 2, 121),
(122, 122, 2, 122),
(123, 123, 2, 123),
(124, 124, 2, 124),
(125, 125, 2, 125),
(126, 126, 2, 126),
(127, 127, 3, 1),
(128, 128, 3, 2),
(129, 129, 3, 3),
(130, 130, 3, 4),
(131, 131, 3, 5),
(132, 132, 3, 6),
(133, 133, 3, 7),
(134, 134, 3, 8),
(135, 135, 3, 9),
(136, 136, 3, 10),
(137, 137, 3, 11),
(138, 138, 3, 12),
(139, 139, 3, 13),
(140, 140, 3, 14),
(141, 141, 3, 15),
(142, 142, 3, 16),
(143, 143, 3, 17),
(144, 144, 3, 18),
(145, 145, 3, 19),
(146, 146, 3, 20),
(147, 147, 3, 21),
(148, 148, 3, 22),
(149, 149, 3, 23),
(150, 150, 3, 24),
(151, 151, 3, 25),
(152, 152, 3, 26),
(153, 153, 3, 27),
(154, 154, 3, 28),
(155, 155, 3, 29),
(156, 156, 3, 30),
(157, 157, 3, 31),
(158, 158, 3, 32),
(159, 159, 3, 33),
(160, 160, 3, 34),
(161, 161, 3, 35),
(162, 162, 3, 36),
(163, 163, 3, 37),
(164, 164, 3, 38),
(165, 165, 3, 39),
(166, 166, 3, 40),
(167, 167, 3, 41),
(168, 168, 3, 42),
(169, 169, 3, 43),
(170, 170, 3, 44),
(171, 171, 3, 45),
(172, 172, 3, 46),
(173, 173, 3, 47),
(174, 174, 3, 48),
(175, 175, 3, 49),
(176, 176, 3, 50),
(177, 177, 3, 51),
(178, 178, 3, 52),
(179, 179, 3, 53),
(180, 180, 3, 54),
(181, 181, 3, 55),
(182, 182, 3, 56),
(183, 183, 3, 57),
(184, 184, 3, 58),
(185, 185, 3, 59),
(186, 186, 3, 60),
(187, 187, 3, 61),
(188, 188, 3, 62),
(189, 189, 3, 63),
(190, 190, 3, 64),
(191, 191, 3, 65),
(192, 192, 3, 66),
(193, 193, 3, 67),
(194, 194, 3, 68),
(195, 195, 3, 69),
(196, 196, 3, 70),
(197, 197, 3, 71),
(198, 198, 3, 72),
(223, 223, 3, 97),
(224, 224, 3, 98),
(225, 225, 3, 99),
(226, 226, 3, 100),
(227, 227, 3, 101),
(228, 228, 3, 102),
(229, 229, 1, 1),
(254, 254, 1, 26),
(279, 279, 1, 51),
(304, 304, 1, 76),
(353, 353, 1, 125),
(354, 354, 1, 126),
(355, 355, 1, 127),
(356, 356, 1, 128),
(357, 357, 1, 129),
(358, 358, 1, 130),
(359, 359, 1, 131),
(360, 360, 1, 132),
(361, 361, 1, 133),
(362, 362, 1, 134),
(363, 363, 1, 135),
(364, 364, 1, 136),
(365, 365, 1, 137),
(366, 366, 1, 138),
(367, 367, 1, 139),
(368, 368, 1, 140),
(369, 369, 1, 141),
(370, 370, 1, 142),
(371, 371, 1, 143),
(372, 372, 1, 144),
(373, 373, 1, 145),
(374, 374, 1, 146),
(375, 375, 1, 147),
(376, 376, 1, 148),
(377, 377, 1, 149),
(378, 378, 1, 150),
(379, 379, 1, 151),
(380, 380, 1, 152),
(381, 381, 1, 153),
(382, 382, 1, 154),
(383, 383, 1, 155),
(384, 384, 1, 156),
(385, 385, 1, 157),
(386, 386, 1, 158),
(387, 387, 1, 159),
(388, 388, 1, 160),
(389, 389, 1, 161),
(390, 390, 1, 162),
(391, 391, 1, 163),
(392, 392, 1, 164),
(393, 393, 1, 165),
(394, 394, 1, 166),
(395, 395, 1, 167),
(396, 396, 1, 168),
(397, 397, 1, 169),
(398, 398, 1, 170),
(399, 399, 1, 171),
(400, 400, 1, 172),
(401, 401, 1, 173),
(402, 402, 1, 174),
(403, 403, 1, 175),
(404, 404, 1, 176),
(405, 405, 1, 177),
(406, 230, 1, 178),
(407, 231, 1, 179),
(408, 232, 1, 180),
(409, 233, 1, 181),
(411, 235, 1, 183),
(412, 236, 1, 184),
(413, 237, 1, 185),
(414, 238, 1, 186),
(415, 239, 1, 187),
(419, 243, 1, 191),
(420, 244, 1, 192),
(421, 245, 1, 193),
(422, 246, 1, 194),
(423, 247, 1, 195),
(424, 248, 1, 196),
(425, 249, 1, 197),
(426, 250, 1, 198),
(428, 252, 1, 200),
(429, 253, 1, 201),
(430, 255, 1, 202),
(431, 256, 1, 203),
(432, 257, 1, 204),
(433, 258, 1, 205),
(435, 260, 1, 207),
(436, 261, 1, 208),
(437, 262, 1, 209),
(438, 263, 1, 210),
(439, 264, 1, 211),
(443, 268, 1, 215),
(444, 269, 1, 216),
(445, 270, 1, 217),
(446, 271, 1, 218),
(447, 272, 1, 219),
(448, 273, 1, 220),
(449, 274, 1, 221),
(450, 275, 1, 222),
(452, 277, 1, 224),
(453, 278, 1, 225),
(454, 280, 1, 226),
(455, 281, 1, 227),
(456, 282, 1, 228),
(457, 283, 1, 229),
(459, 285, 1, 231),
(460, 286, 1, 232),
(461, 287, 1, 233),
(462, 288, 1, 234),
(463, 289, 1, 235),
(467, 293, 1, 239),
(468, 294, 1, 240),
(469, 295, 1, 241),
(470, 296, 1, 242),
(471, 297, 1, 243),
(472, 298, 1, 244),
(473, 299, 1, 245),
(474, 300, 1, 246),
(476, 302, 1, 248),
(477, 303, 1, 249),
(478, 305, 1, 250),
(479, 306, 1, 251),
(480, 307, 1, 252),
(481, 308, 1, 253),
(482, 309, 1, 254),
(483, 310, 1, 255),
(484, 311, 1, 256),
(485, 312, 1, 257),
(486, 313, 1, 258),
(487, 314, 1, 259),
(488, 315, 1, 260),
(489, 316, 1, 261),
(490, 317, 1, 262),
(491, 318, 1, 263),
(492, 319, 1, 264),
(493, 320, 1, 265),
(494, 321, 1, 266),
(495, 322, 1, 267),
(496, 323, 1, 268),
(497, 324, 1, 269),
(498, 325, 1, 270),
(499, 326, 1, 271),
(500, 327, 1, 272),
(501, 328, 1, 273),
(502, 329, 1, 274),
(503, 330, 1, 275),
(504, 331, 1, 276),
(505, 332, 1, 277),
(506, 333, 1, 278),
(507, 334, 1, 279),
(508, 335, 1, 280),
(509, 336, 1, 281),
(510, 337, 1, 282),
(511, 338, 1, 283),
(512, 339, 1, 284),
(513, 340, 1, 285),
(514, 341, 1, 286),
(515, 342, 1, 287),
(516, 343, 1, 288),
(517, 344, 1, 289),
(518, 345, 1, 290),
(519, 346, 1, 291),
(520, 347, 1, 292),
(521, 348, 1, 293),
(522, 349, 1, 294),
(523, 350, 1, 295),
(524, 351, 1, 296),
(525, 352, 1, 297),
(526, 406, 1, 298),
(527, 407, 1, 299),
(528, 408, 1, 300),
(529, 409, 1, 301),
(530, 410, 1, 302),
(531, 411, 1, 303),
(532, 412, 1, 304),
(533, 413, 1, 305),
(534, 414, 1, 306),
(535, 415, 1, 307),
(536, 416, 1, 308),
(537, 417, 1, 309),
(541, 421, 1, 310),
(542, 422, 1, 311),
(543, 423, 1, 312),
(544, 424, 1, 313),
(545, 425, 1, 314),
(546, 426, 1, 315),
(547, 427, 1, 316),
(548, 428, 1, 317),
(549, 429, 1, 318),
(550, 430, 1, 319),
(551, 431, 1, 320),
(552, 432, 1, 321),
(553, 433, 1, 322),
(554, 434, 1, 323),
(555, 435, 1, 324),
(556, 436, 1, 325),
(557, 437, 1, 326),
(558, 438, 1, 327),
(559, 439, 1, 328),
(560, 440, 1, 329),
(561, 441, 1, 330),
(562, 442, 1, 331),
(563, 443, 1, 332),
(564, 444, 1, 333),
(565, 445, 1, 334),
(566, 446, 1, 335),
(567, 447, 1, 336),
(568, 448, 1, 337),
(569, 449, 1, 338),
(570, 450, 1, 339),
(571, 451, 1, 340),
(572, 452, 1, 341),
(573, 453, 1, 342),
(574, 454, 1, 343),
(575, 455, 1, 344),
(576, 456, 1, 345),
(577, 457, 1, 346),
(578, 458, 1, 347);

-- --------------------------------------------------------

--
-- Table structure for table `admin_roles`
--

CREATE TABLE `admin_roles` (
  `id` int(10) UNSIGNED NOT NULL,
  `name` varchar(255) DEFAULT NULL,
  `code` varchar(255) DEFAULT NULL,
  `description` varchar(255) DEFAULT NULL,
  `created_at` datetime(6) DEFAULT NULL,
  `updated_at` datetime(6) DEFAULT NULL,
  `created_by_id` int(10) UNSIGNED DEFAULT NULL,
  `updated_by_id` int(10) UNSIGNED DEFAULT NULL
) ENGINE=InnoDB DEFAULT CHARSET=utf8mb4 COLLATE=utf8mb4_unicode_ci;

--
-- Dumping data for table `admin_roles`
--

INSERT INTO `admin_roles` (`id`, `name`, `code`, `description`, `created_at`, `updated_at`, `created_by_id`, `updated_by_id`) VALUES
(1, 'Super Admin', 'strapi-super-admin', 'Super Admins can access and manage all features and settings.', '2026-04-11 12:42:13.746000', '2026-04-11 12:42:13.746000', NULL, NULL),
(2, 'Editor', 'strapi-editor', 'Editors can manage and publish contents including those of other users.', '2026-04-11 12:42:13.749000', '2026-04-11 12:42:13.749000', NULL, NULL),
(3, 'Author', 'strapi-author', 'Authors can manage the content they have created.', '2026-04-11 12:42:13.753000', '2026-04-11 12:42:13.753000', NULL, NULL);

-- --------------------------------------------------------

--
-- Table structure for table `admin_users`
--

CREATE TABLE `admin_users` (
  `id` int(10) UNSIGNED NOT NULL,
  `firstname` varchar(255) DEFAULT NULL,
  `lastname` varchar(255) DEFAULT NULL,
  `username` varchar(255) DEFAULT NULL,
  `email` varchar(255) DEFAULT NULL,
  `password` varchar(255) DEFAULT NULL,
  `reset_password_token` varchar(255) DEFAULT NULL,
  `registration_token` varchar(255) DEFAULT NULL,
  `is_active` tinyint(1) DEFAULT NULL,
  `blocked` tinyint(1) DEFAULT NULL,
  `prefered_language` varchar(255) DEFAULT NULL,
  `created_at` datetime(6) DEFAULT NULL,
  `updated_at` datetime(6) DEFAULT NULL,
  `created_by_id` int(10) UNSIGNED DEFAULT NULL,
  `updated_by_id` int(10) UNSIGNED DEFAULT NULL
) ENGINE=InnoDB DEFAULT CHARSET=utf8mb4 COLLATE=utf8mb4_unicode_ci;

--
-- Dumping data for table `admin_users`
--

INSERT INTO `admin_users` (`id`, `firstname`, `lastname`, `username`, `email`, `password`, `reset_password_token`, `registration_token`, `is_active`, `blocked`, `prefered_language`, `created_at`, `updated_at`, `created_by_id`, `updated_by_id`) VALUES
(1, 'admin', 'Khoa', NULL, 'nguyendangkhoa.2112.cntt@gmail.com', '$2a$10$BY.M7fxbN8aETnoj1M7l2OV5osz12spw/838vnSrhNZACV9k0qJoW', NULL, NULL, 1, 0, NULL, '2026-04-11 12:49:18.858000', '2026-04-11 12:49:18.858000', NULL, NULL);

-- --------------------------------------------------------

--
-- Table structure for table `admin_users_roles_links`
--

CREATE TABLE `admin_users_roles_links` (
  `id` int(10) UNSIGNED NOT NULL,
  `user_id` int(10) UNSIGNED DEFAULT NULL,
  `role_id` int(10) UNSIGNED DEFAULT NULL,
  `role_order` double UNSIGNED DEFAULT NULL,
  `user_order` double UNSIGNED DEFAULT NULL
) ENGINE=InnoDB DEFAULT CHARSET=utf8mb4 COLLATE=utf8mb4_unicode_ci;

--
-- Dumping data for table `admin_users_roles_links`
--

INSERT INTO `admin_users_roles_links` (`id`, `user_id`, `role_id`, `role_order`, `user_order`) VALUES
(1, 1, 1, 1, 1);

-- --------------------------------------------------------

--
-- Table structure for table `announcements`
--

CREATE TABLE `announcements` (
  `id` int(10) UNSIGNED NOT NULL,
  `title` varchar(255) DEFAULT NULL,
  `slug` varchar(255) DEFAULT NULL,
  `summary` longtext DEFAULT NULL,
  `content` longtext DEFAULT NULL,
  `publish_date` datetime(6) DEFAULT NULL,
  `priority` varchar(255) DEFAULT NULL,
  `featured` tinyint(1) DEFAULT NULL,
  `created_at` datetime(6) DEFAULT NULL,
  `updated_at` datetime(6) DEFAULT NULL,
  `published_at` datetime(6) DEFAULT NULL,
  `created_by_id` int(10) UNSIGNED DEFAULT NULL,
  `updated_by_id` int(10) UNSIGNED DEFAULT NULL,
  `locale` varchar(255) DEFAULT NULL
) ENGINE=InnoDB DEFAULT CHARSET=utf8mb4 COLLATE=utf8mb4_unicode_ci;

--
-- Dumping data for table `announcements`
--

INSERT INTO `announcements` (`id`, `title`, `slug`, `summary`, `content`, `publish_date`, `priority`, `featured`, `created_at`, `updated_at`, `published_at`, `created_by_id`, `updated_by_id`, `locale`) VALUES
(1, 'Thông báo lịch nghỉ lễ 30/4 - 1/5', 'thong-bao-lich-nghi-le-30-4', 'Thông báo vận hành dành cho khách hàng và đối tác.', '<p>Nội dung thông báo mẫu về lịch giao dịch, thời gian hỗ trợ và cập nhật hệ thống.</p>', '2026-04-20 16:47:59.478000', 'high', 1, '2026-04-11 12:42:14.589000', '2026-04-20 16:48:03.227000', '2026-04-20 16:47:59.478000', NULL, NULL, 'vi'),
(2, 'Thông báo bảo trì hệ thống cuối tuần', 'thong-bao-cap-nhat-he-thong-cuoi-tuan', 'Thông báo vận hành dành cho khách hàng và đối tác.', '<p>Nội dung thông báo mẫu về lịch giao dịch, thời gian hỗ trợ và cập nhật hệ thống.</p>', '2026-04-20 16:47:59.478000', 'medium', 0, '2026-04-11 12:42:14.591000', '2026-04-20 16:48:03.237000', '2026-04-20 16:47:59.478000', NULL, NULL, 'vi'),
(3, 'Holiday notice for April 30 - May 1', 'holiday-notice-april-30-may-1', 'Operational notice for clients and partners.', '<p>Sample announcement on trading calendar, support timing, and platform updates.</p>', '2026-04-20 16:47:59.478000', 'high', 1, '2026-04-11 12:42:14.775000', '2026-04-20 16:48:06.160000', '2026-04-20 16:47:59.478000', NULL, NULL, 'en'),
(4, 'Weekend system maintenance notice', 'weekend-maintenance-notice', 'Operational notice for clients and partners.', '<p>Sample announcement on trading calendar, support timing, and platform updates.</p>', '2026-04-20 16:47:59.478000', 'medium', 0, '2026-04-11 12:42:14.776000', '2026-04-20 16:48:06.191000', '2026-04-20 16:47:59.478000', NULL, NULL, 'en');

-- --------------------------------------------------------

--
-- Table structure for table `announcements_components`
--

CREATE TABLE `announcements_components` (
  `id` int(10) UNSIGNED NOT NULL,
  `entity_id` int(10) UNSIGNED DEFAULT NULL,
  `component_id` int(10) UNSIGNED DEFAULT NULL,
  `component_type` varchar(255) DEFAULT NULL,
  `field` varchar(255) DEFAULT NULL,
  `order` double UNSIGNED DEFAULT NULL
) ENGINE=InnoDB DEFAULT CHARSET=utf8mb4 COLLATE=utf8mb4_unicode_ci;

--
-- Dumping data for table `announcements_components`
--

INSERT INTO `announcements_components` (`id`, `entity_id`, `component_id`, `component_type`, `field`, `order`) VALUES
(215, 1, 5447, 'shared.seo-meta', 'seo', NULL),
(216, 2, 5448, 'shared.seo-meta', 'seo', NULL),
(217, 3, 5499, 'shared.seo-meta', 'seo', NULL),
(218, 4, 5500, 'shared.seo-meta', 'seo', NULL);

-- --------------------------------------------------------

--
-- Table structure for table `announcements_localizations_links`
--

CREATE TABLE `announcements_localizations_links` (
  `id` int(10) UNSIGNED NOT NULL,
  `announcement_id` int(10) UNSIGNED DEFAULT NULL,
  `inv_announcement_id` int(10) UNSIGNED DEFAULT NULL,
  `announcement_order` double UNSIGNED DEFAULT NULL
) ENGINE=InnoDB DEFAULT CHARSET=utf8mb4 COLLATE=utf8mb4_unicode_ci;

-- --------------------------------------------------------

--
-- Table structure for table `authors`
--

CREATE TABLE `authors` (
  `id` int(10) UNSIGNED NOT NULL,
  `name` varchar(255) DEFAULT NULL,
  `slug` varchar(255) DEFAULT NULL,
  `title` varchar(255) DEFAULT NULL,
  `bio` longtext DEFAULT NULL,
  `email` varchar(255) DEFAULT NULL,
  `linkedin` varchar(255) DEFAULT NULL,
  `created_at` datetime(6) DEFAULT NULL,
  `updated_at` datetime(6) DEFAULT NULL,
  `published_at` datetime(6) DEFAULT NULL,
  `created_by_id` int(10) UNSIGNED DEFAULT NULL,
  `updated_by_id` int(10) UNSIGNED DEFAULT NULL,
  `locale` varchar(255) DEFAULT NULL
) ENGINE=InnoDB DEFAULT CHARSET=utf8mb4 COLLATE=utf8mb4_unicode_ci;

--
-- Dumping data for table `authors`
--

INSERT INTO `authors` (`id`, `name`, `slug`, `title`, `bio`, `email`, `linkedin`, `created_at`, `updated_at`, `published_at`, `created_by_id`, `updated_by_id`, `locale`) VALUES
(1, 'Nguyễn Khánh Linh', 'nguyen-khanh-linh', 'Giám đốc Phân tích', 'Phụ trách chiến lược đầu tư và định hướng nghiên cứu vĩ mô.', NULL, NULL, '2026-04-11 12:42:14.496000', '2026-04-20 16:48:02.273000', '2026-04-20 16:47:59.478000', NULL, NULL, 'vi'),
(2, 'Trần Quốc Bảo', 'tran-quoc-bao', 'Trưởng nhóm Phân tích ngành', 'Chuyên sâu nhóm ngành ngân hàng, tiêu dùng và hạ tầng.', NULL, NULL, '2026-04-11 12:42:14.497000', '2026-04-20 16:48:02.277000', '2026-04-20 16:47:59.478000', NULL, NULL, 'vi'),
(3, 'Linh Nguyen', 'linh-nguyen', 'Director of Research', 'Leads top-down strategy and macro research direction.', NULL, NULL, '2026-04-11 12:42:14.691000', '2026-04-20 16:48:05.236000', '2026-04-20 16:47:59.478000', NULL, NULL, 'en'),
(4, 'Bao Tran', 'bao-tran', 'Head of Sector Research', 'Covers banking, consumer and infrastructure sectors.', NULL, NULL, '2026-04-11 12:42:14.692000', '2026-04-20 16:48:05.238000', '2026-04-20 16:47:59.478000', NULL, NULL, 'en');

-- --------------------------------------------------------

--
-- Table structure for table `authors_localizations_links`
--

CREATE TABLE `authors_localizations_links` (
  `id` int(10) UNSIGNED NOT NULL,
  `author_id` int(10) UNSIGNED DEFAULT NULL,
  `inv_author_id` int(10) UNSIGNED DEFAULT NULL,
  `author_order` double UNSIGNED DEFAULT NULL
) ENGINE=InnoDB DEFAULT CHARSET=utf8mb4 COLLATE=utf8mb4_unicode_ci;

-- --------------------------------------------------------

--
-- Table structure for table `banners`
--

CREATE TABLE `banners` (
  `id` int(10) UNSIGNED NOT NULL,
  `title` varchar(255) DEFAULT NULL,
  `slug` varchar(255) DEFAULT NULL,
  `summary` longtext DEFAULT NULL,
  `priority` int(11) DEFAULT NULL,
  `active` tinyint(1) DEFAULT NULL,
  `created_at` datetime(6) DEFAULT NULL,
  `updated_at` datetime(6) DEFAULT NULL,
  `published_at` datetime(6) DEFAULT NULL,
  `created_by_id` int(10) UNSIGNED DEFAULT NULL,
  `updated_by_id` int(10) UNSIGNED DEFAULT NULL,
  `locale` varchar(255) DEFAULT NULL
) ENGINE=InnoDB DEFAULT CHARSET=utf8mb4 COLLATE=utf8mb4_unicode_ci;

--
-- Dumping data for table `banners`
--

INSERT INTO `banners` (`id`, `title`, `slug`, `summary`, `priority`, `active`, `created_at`, `updated_at`, `published_at`, `created_by_id`, `updated_by_id`, `locale`) VALUES
(1, 'Mở tài khoản trong vài phút', 'uu-dai-mo-tai-khoan-moi', 'Hoàn tất eKYC online và bắt đầu hành trình đầu tư ngay hôm nay.', 1, 1, '2026-04-11 12:42:14.621000', '2026-04-20 16:48:04.015000', '2026-04-20 16:47:59.478000', NULL, NULL, 'vi'),
(2, 'Open your account in minutes', 'new-account-offer', 'Complete eKYC online and start your investing journey today.', 1, 1, '2026-04-11 12:42:14.803000', '2026-04-20 16:48:07.771000', '2026-04-20 16:47:59.478000', NULL, NULL, 'en'),
(3, 'Giao dịch số nhanh và an toàn', 'trai-nghiem-giao-dich-so', 'Khám phá nền tảng giao dịch web và mobile với cảnh báo thông minh và quản trị tài khoản linh hoạt.', 2, 1, '2026-04-18 16:05:16.171000', '2026-04-20 16:48:04.029000', '2026-04-20 16:47:59.478000', NULL, NULL, 'vi'),
(4, 'Báo cáo và khuyến nghị mới nhất', 'nghien-cuu-dau-tu-noi-bat', 'Cập nhật báo cáo chiến lược, thị trường và khuyến nghị cổ phiếu từ đội ngũ phân tích.', 3, 1, '2026-04-18 16:05:16.177000', '2026-04-20 16:48:04.043000', '2026-04-20 16:47:59.478000', NULL, NULL, 'vi'),
(5, 'Fast and secure digital trading', 'digital-trading-experience', 'Explore the web and mobile trading stack with smart alerts and flexible account control.', 2, 1, '2026-04-18 16:05:17.395000', '2026-04-20 16:48:07.786000', '2026-04-20 16:47:59.478000', NULL, NULL, 'en'),
(6, 'Latest research and stock ideas', 'featured-research-insights', 'Fresh strategy notes, market updates, and stock recommendations from our research team.', 3, 1, '2026-04-18 16:05:17.397000', '2026-04-20 16:48:07.797000', '2026-04-20 16:47:59.478000', NULL, NULL, 'en');

-- --------------------------------------------------------

--
-- Table structure for table `banners_components`
--

CREATE TABLE `banners_components` (
  `id` int(10) UNSIGNED NOT NULL,
  `entity_id` int(10) UNSIGNED DEFAULT NULL,
  `component_id` int(10) UNSIGNED DEFAULT NULL,
  `component_type` varchar(255) DEFAULT NULL,
  `field` varchar(255) DEFAULT NULL,
  `order` double UNSIGNED DEFAULT NULL
) ENGINE=InnoDB DEFAULT CHARSET=utf8mb4 COLLATE=utf8mb4_unicode_ci;

--
-- Dumping data for table `banners_components`
--

INSERT INTO `banners_components` (`id`, `entity_id`, `component_id`, `component_type`, `field`, `order`) VALUES
(291, 1, 1348, 'shared.button-config', 'button', NULL),
(292, 3, 1349, 'shared.button-config', 'button', NULL),
(293, 4, 1350, 'shared.button-config', 'button', NULL),
(294, 2, 1361, 'shared.button-config', 'button', NULL),
(295, 5, 1362, 'shared.button-config', 'button', NULL),
(296, 6, 1363, 'shared.button-config', 'button', NULL);

-- --------------------------------------------------------

--
-- Table structure for table `banners_localizations_links`
--

CREATE TABLE `banners_localizations_links` (
  `id` int(10) UNSIGNED NOT NULL,
  `banner_id` int(10) UNSIGNED DEFAULT NULL,
  `inv_banner_id` int(10) UNSIGNED DEFAULT NULL,
  `banner_order` double UNSIGNED DEFAULT NULL
) ENGINE=InnoDB DEFAULT CHARSET=utf8mb4 COLLATE=utf8mb4_unicode_ci;

-- --------------------------------------------------------

--
-- Table structure for table `banners_placement_links`
--

CREATE TABLE `banners_placement_links` (
  `id` int(10) UNSIGNED NOT NULL,
  `banner_id` int(10) UNSIGNED DEFAULT NULL,
  `banner_placement_id` int(10) UNSIGNED DEFAULT NULL,
  `banner_order` double UNSIGNED DEFAULT NULL
) ENGINE=InnoDB DEFAULT CHARSET=utf8mb4 COLLATE=utf8mb4_unicode_ci;

--
-- Dumping data for table `banners_placement_links`
--

INSERT INTO `banners_placement_links` (`id`, `banner_id`, `banner_placement_id`, `banner_order`) VALUES
(1, 1, 1, 1),
(2, 3, 1, 2),
(3, 4, 1, 3),
(4, 2, 4, 1),
(5, 5, 4, 2),
(6, 6, 4, 3);

-- --------------------------------------------------------

--
-- Table structure for table `banner_placements`
--

CREATE TABLE `banner_placements` (
  `id` int(10) UNSIGNED NOT NULL,
  `title` varchar(255) DEFAULT NULL,
  `slug` varchar(255) DEFAULT NULL,
  `summary` longtext DEFAULT NULL,
  `sort_order` int(11) DEFAULT NULL,
  `created_at` datetime(6) DEFAULT NULL,
  `updated_at` datetime(6) DEFAULT NULL,
  `published_at` datetime(6) DEFAULT NULL,
  `created_by_id` int(10) UNSIGNED DEFAULT NULL,
  `updated_by_id` int(10) UNSIGNED DEFAULT NULL,
  `locale` varchar(255) DEFAULT NULL
) ENGINE=InnoDB DEFAULT CHARSET=utf8mb4 COLLATE=utf8mb4_unicode_ci;

--
-- Dumping data for table `banner_placements`
--

INSERT INTO `banner_placements` (`id`, `title`, `slug`, `summary`, `sort_order`, `created_at`, `updated_at`, `published_at`, `created_by_id`, `updated_by_id`, `locale`) VALUES
(1, 'Banner chính', 'home_hero', 'Khu vực banner chính ở trang chủ.', 1, '2026-04-20 10:56:12.939000', '2026-04-20 16:48:02.154000', '2026-04-20 16:47:59.478000', NULL, NULL, 'vi'),
(2, 'Banner nội dung', 'section', 'Banner dùng trong các khối nội dung.', 2, '2026-04-20 10:56:12.940000', '2026-04-20 16:48:02.157000', '2026-04-20 16:47:59.478000', NULL, NULL, 'vi'),
(3, 'Banner bên lề', 'sidebar', 'Banner hiển thị ở cột phụ.', 3, '2026-04-20 10:56:12.942000', '2026-04-20 16:48:02.161000', '2026-04-20 16:47:59.478000', NULL, NULL, 'vi'),
(4, 'Hero banner', 'home_hero', 'Primary home page banner area.', 1, '2026-04-20 10:56:13.702000', '2026-04-20 16:48:05.076000', '2026-04-20 16:47:59.478000', NULL, NULL, 'en'),
(5, 'Content banner', 'section', 'Banner used inside content sections.', 2, '2026-04-20 10:56:13.703000', '2026-04-20 16:48:05.082000', '2026-04-20 16:47:59.478000', NULL, NULL, 'en'),
(6, 'Sidebar banner', 'sidebar', 'Banner used in side rails.', 3, '2026-04-20 10:56:13.704000', '2026-04-20 16:48:05.092000', '2026-04-20 16:47:59.478000', NULL, NULL, 'en');

-- --------------------------------------------------------

--
-- Table structure for table `banner_placements_localizations_links`
--

CREATE TABLE `banner_placements_localizations_links` (
  `id` int(10) UNSIGNED NOT NULL,
  `banner_placement_id` int(10) UNSIGNED DEFAULT NULL,
  `inv_banner_placement_id` int(10) UNSIGNED DEFAULT NULL,
  `banner_placement_order` double UNSIGNED DEFAULT NULL
) ENGINE=InnoDB DEFAULT CHARSET=utf8mb4 COLLATE=utf8mb4_unicode_ci;

-- --------------------------------------------------------

--
-- Table structure for table `career_jobs`
--

CREATE TABLE `career_jobs` (
  `id` int(10) UNSIGNED NOT NULL,
  `title` varchar(255) DEFAULT NULL,
  `slug` varchar(255) DEFAULT NULL,
  `summary` longtext DEFAULT NULL,
  `description` longtext DEFAULT NULL,
  `department` varchar(255) DEFAULT NULL,
  `location` varchar(255) DEFAULT NULL,
  `salary_range` varchar(255) DEFAULT NULL,
  `publish_date` datetime(6) DEFAULT NULL,
  `application_deadline` date DEFAULT NULL,
  `featured` tinyint(1) DEFAULT NULL,
  `status` varchar(255) DEFAULT NULL,
  `apply_url` varchar(255) DEFAULT NULL,
  `created_at` datetime(6) DEFAULT NULL,
  `updated_at` datetime(6) DEFAULT NULL,
  `published_at` datetime(6) DEFAULT NULL,
  `created_by_id` int(10) UNSIGNED DEFAULT NULL,
  `updated_by_id` int(10) UNSIGNED DEFAULT NULL,
  `locale` varchar(255) DEFAULT NULL
) ENGINE=InnoDB DEFAULT CHARSET=utf8mb4 COLLATE=utf8mb4_unicode_ci;

--
-- Dumping data for table `career_jobs`
--

INSERT INTO `career_jobs` (`id`, `title`, `slug`, `summary`, `description`, `department`, `location`, `salary_range`, `publish_date`, `application_deadline`, `featured`, `status`, `apply_url`, `created_at`, `updated_at`, `published_at`, `created_by_id`, `updated_by_id`, `locale`) VALUES
(1, 'Chuyên viên Tư vấn đầu tư', 'chuyen-vien-tu-van-dau-tu', 'Vị trí tuyển dụng toàn thời gian trong môi trường tài chính chuyên nghiệp.', '<p>Mô tả công việc mẫu bao gồm trách nhiệm chính, yêu cầu năng lực và quyền lợi.</p>', 'Khối Khách hàng', 'TP. Hồ Chí Minh', 'Thỏa thuận theo năng lực', '2026-04-20 16:47:59.478000', '2026-05-10', 1, 'open', 'mailto:careers@fintrust.vn', '2026-04-11 12:42:14.578000', '2026-04-20 16:48:03.164000', '2026-04-20 16:47:59.478000', NULL, NULL, 'vi'),
(2, 'Chuyên viên Phân tích ngành', 'chuyen-vien-phan-tich-nganh', 'Vị trí tuyển dụng toàn thời gian trong môi trường tài chính chuyên nghiệp.', '<p>Mô tả công việc mẫu bao gồm trách nhiệm chính, yêu cầu năng lực và quyền lợi.</p>', 'Khối Khách hàng', 'TP. Hồ Chí Minh', 'Thỏa thuận theo năng lực', '2026-04-20 16:47:59.478000', '2026-05-10', 0, 'open', 'mailto:careers@fintrust.vn', '2026-04-11 12:42:14.580000', '2026-04-20 16:48:03.180000', '2026-04-20 16:47:59.478000', NULL, NULL, 'vi'),
(3, 'Chuyên viên Vận hành hệ thống giao dịch', 'chuyen-vien-van-hanh-he-thong', 'Vị trí tuyển dụng toàn thời gian trong môi trường tài chính chuyên nghiệp.', '<p>Mô tả công việc mẫu bao gồm trách nhiệm chính, yêu cầu năng lực và quyền lợi.</p>', 'Khối Khách hàng', 'TP. Hồ Chí Minh', 'Thỏa thuận theo năng lực', '2026-04-20 16:47:59.478000', '2026-05-10', 0, 'open', 'mailto:careers@fintrust.vn', '2026-04-11 12:42:14.582000', '2026-04-20 16:48:03.193000', '2026-04-20 16:47:59.478000', NULL, NULL, 'vi'),
(4, 'Investment Advisory Specialist', 'investment-advisory-specialist', 'Full-time position in a high-standard financial services environment.', '<p>Sample job description with responsibilities, qualifications, and compensation framework.</p>', 'Client Division', 'Ho Chi Minh City', 'Competitive package', '2026-04-20 16:47:59.478000', '2026-05-10', 1, 'open', 'mailto:careers@fintrust.vn', '2026-04-11 12:42:14.765000', '2026-04-20 16:48:05.989000', '2026-04-20 16:47:59.478000', NULL, NULL, 'en'),
(5, 'Sector Research Analyst', 'sector-research-analyst', 'Full-time position in a high-standard financial services environment.', '<p>Sample job description with responsibilities, qualifications, and compensation framework.</p>', 'Client Division', 'Ho Chi Minh City', 'Competitive package', '2026-04-20 16:47:59.478000', '2026-05-10', 0, 'open', 'mailto:careers@fintrust.vn', '2026-04-11 12:42:14.767000', '2026-04-20 16:48:06.023000', '2026-04-20 16:47:59.478000', NULL, NULL, 'en'),
(6, 'Trading Platform Operations Specialist', 'trading-platform-operations-specialist', 'Full-time position in a high-standard financial services environment.', '<p>Sample job description with responsibilities, qualifications, and compensation framework.</p>', 'Client Division', 'Ho Chi Minh City', 'Competitive package', '2026-04-20 16:47:59.478000', '2026-05-10', 0, 'open', 'mailto:careers@fintrust.vn', '2026-04-11 12:42:14.769000', '2026-04-20 16:48:06.056000', '2026-04-20 16:47:59.478000', NULL, NULL, 'en');

-- --------------------------------------------------------

--
-- Table structure for table `career_jobs_components`
--

CREATE TABLE `career_jobs_components` (
  `id` int(10) UNSIGNED NOT NULL,
  `entity_id` int(10) UNSIGNED DEFAULT NULL,
  `component_id` int(10) UNSIGNED DEFAULT NULL,
  `component_type` varchar(255) DEFAULT NULL,
  `field` varchar(255) DEFAULT NULL,
  `order` double UNSIGNED DEFAULT NULL
) ENGINE=InnoDB DEFAULT CHARSET=utf8mb4 COLLATE=utf8mb4_unicode_ci;

--
-- Dumping data for table `career_jobs_components`
--

INSERT INTO `career_jobs_components` (`id`, `entity_id`, `component_id`, `component_type`, `field`, `order`) VALUES
(322, 1, 5444, 'shared.seo-meta', 'seo', NULL),
(323, 2, 5445, 'shared.seo-meta', 'seo', NULL),
(324, 3, 5446, 'shared.seo-meta', 'seo', NULL),
(325, 4, 5496, 'shared.seo-meta', 'seo', NULL),
(326, 5, 5497, 'shared.seo-meta', 'seo', NULL),
(327, 6, 5498, 'shared.seo-meta', 'seo', NULL);

-- --------------------------------------------------------

--
-- Table structure for table `career_jobs_employment_type_links`
--

CREATE TABLE `career_jobs_employment_type_links` (
  `id` int(10) UNSIGNED NOT NULL,
  `career_job_id` int(10) UNSIGNED DEFAULT NULL,
  `employment_type_id` int(10) UNSIGNED DEFAULT NULL,
  `career_job_order` double UNSIGNED DEFAULT NULL
) ENGINE=InnoDB DEFAULT CHARSET=utf8mb4 COLLATE=utf8mb4_unicode_ci;

--
-- Dumping data for table `career_jobs_employment_type_links`
--

INSERT INTO `career_jobs_employment_type_links` (`id`, `career_job_id`, `employment_type_id`, `career_job_order`) VALUES
(1, 1, 1, 1),
(2, 2, 1, 2),
(3, 3, 1, 3),
(4, 4, 5, 1),
(5, 5, 5, 2),
(6, 6, 5, 3);

-- --------------------------------------------------------

--
-- Table structure for table `career_jobs_localizations_links`
--

CREATE TABLE `career_jobs_localizations_links` (
  `id` int(10) UNSIGNED NOT NULL,
  `career_job_id` int(10) UNSIGNED DEFAULT NULL,
  `inv_career_job_id` int(10) UNSIGNED DEFAULT NULL,
  `career_job_order` double UNSIGNED DEFAULT NULL
) ENGINE=InnoDB DEFAULT CHARSET=utf8mb4 COLLATE=utf8mb4_unicode_ci;

-- --------------------------------------------------------

--
-- Table structure for table `components_advisor_cards`
--

CREATE TABLE `components_advisor_cards` (
  `id` int(10) UNSIGNED NOT NULL,
  `name` varchar(255) DEFAULT NULL,
  `quote` longtext DEFAULT NULL,
  `cert` varchar(255) DEFAULT NULL,
  `experience` varchar(255) DEFAULT NULL,
  `phone` varchar(255) DEFAULT NULL,
  `badge` varchar(255) DEFAULT NULL,
  `cta_label` varchar(255) DEFAULT NULL,
  `cta_href` varchar(255) DEFAULT NULL
) ENGINE=InnoDB DEFAULT CHARSET=utf8mb4 COLLATE=utf8mb4_unicode_ci;

--
-- Dumping data for table `components_advisor_cards`
--

INSERT INTO `components_advisor_cards` (`id`, `name`, `quote`, `cert`, `experience`, `phone`, `badge`, `cta_label`, `cta_href`) VALUES
(163, 'Nguyễn Quang Trường', 'Tuân thủ 1 chiến lược đầu tư quan trọng hơn việc chiến lược đó là gì.', '003559/MGCK', '2007-2021', '1900 6868', 'Tư vấn viên tiêu biểu của tháng', 'Nhận tư vấn', '/vi/contact'),
(164, 'Nguyễn Thị Thành Uyên', 'Chiến lược đầu tư tập trung', '003559/MGCK', '2007-2021', '1900 6868', 'Tư vấn viên tiêu biểu của tháng', 'Nhận tư vấn', '/vi/contact'),
(165, 'Nguyen Quang Truong', 'The discipline of a strategy matters more than the strategy itself.', '003559/MGCK', '2007-2021', '1900 6868', 'Featured advisor of the month', 'Request advice', '/en/contact'),
(166, 'Nguyen Thi Thanh Uyen', 'Focused investing strategy', '003559/MGCK', '2007-2021', '1900 6868', 'Featured advisor of the month', 'Request advice', '/en/contact');

-- --------------------------------------------------------

--
-- Table structure for table `components_home_ai_stack_sections`
--

CREATE TABLE `components_home_ai_stack_sections` (
  `id` int(10) UNSIGNED NOT NULL,
  `eyebrow` varchar(255) DEFAULT NULL,
  `title` varchar(255) DEFAULT NULL,
  `position_index` int(11) DEFAULT NULL
) ENGINE=InnoDB DEFAULT CHARSET=utf8mb4 COLLATE=utf8mb4_unicode_ci;

--
-- Dumping data for table `components_home_ai_stack_sections`
--

INSERT INTO `components_home_ai_stack_sections` (`id`, `eyebrow`, `title`, `position_index`) VALUES
(88, 'Hạ tầng AI & dữ liệu', 'Quyết định nhanh hơn với tín hiệu thông minh và luồng dữ liệu thời gian thực', 200),
(89, 'AI & data infrastructure', 'Faster decisions with intelligent signals and realtime market streams', 200);

-- --------------------------------------------------------

--
-- Table structure for table `components_home_ai_stack_sections_components`
--

CREATE TABLE `components_home_ai_stack_sections_components` (
  `id` int(10) UNSIGNED NOT NULL,
  `entity_id` int(10) UNSIGNED DEFAULT NULL,
  `component_id` int(10) UNSIGNED DEFAULT NULL,
  `component_type` varchar(255) DEFAULT NULL,
  `field` varchar(255) DEFAULT NULL,
  `order` double UNSIGNED DEFAULT NULL
) ENGINE=InnoDB DEFAULT CHARSET=utf8mb4 COLLATE=utf8mb4_unicode_ci;

--
-- Dumping data for table `components_home_ai_stack_sections_components`
--

INSERT INTO `components_home_ai_stack_sections_components` (`id`, `entity_id`, `component_id`, `component_type`, `field`, `order`) VALUES
(295, 88, 262, 'shared.home-ai-card', 'cards', 1),
(296, 88, 263, 'shared.home-ai-card', 'cards', 2),
(297, 88, 264, 'shared.home-ai-card', 'cards', 3),
(298, 89, 265, 'shared.home-ai-card', 'cards', 1),
(299, 89, 266, 'shared.home-ai-card', 'cards', 2),
(300, 89, 267, 'shared.home-ai-card', 'cards', 3);

-- --------------------------------------------------------

--
-- Table structure for table `components_home_ecosystem_sections`
--

CREATE TABLE `components_home_ecosystem_sections` (
  `id` int(10) UNSIGNED NOT NULL,
  `eyebrow` varchar(255) DEFAULT NULL,
  `title` varchar(255) DEFAULT NULL,
  `description` longtext DEFAULT NULL,
  `market_label` varchar(255) DEFAULT NULL,
  `position_index` int(11) DEFAULT NULL
) ENGINE=InnoDB DEFAULT CHARSET=utf8mb4 COLLATE=utf8mb4_unicode_ci;

--
-- Dumping data for table `components_home_ecosystem_sections`
--

INSERT INTO `components_home_ecosystem_sections` (`id`, `eyebrow`, `title`, `description`, `market_label`, `position_index`) VALUES
(88, 'Hệ sinh thái đầu tư', 'Hệ sinh thái đầu tư đồng bộ', 'Kết hợp công nghệ giao dịch, dữ liệu theo thời gian thực và đội ngũ chuyên gia để tối ưu trải nghiệm đầu tư cho cá nhân và tổ chức.', 'Tổng quan thị trường', 300),
(89, 'Investment ecosystem', 'Integrated ecosystem for modern investing', 'Combining trading technology, realtime data streams, and expert support for both retail and institutional investors.', 'Market overview', 300);

-- --------------------------------------------------------

--
-- Table structure for table `components_home_ecosystem_sections_components`
--

CREATE TABLE `components_home_ecosystem_sections_components` (
  `id` int(10) UNSIGNED NOT NULL,
  `entity_id` int(10) UNSIGNED DEFAULT NULL,
  `component_id` int(10) UNSIGNED DEFAULT NULL,
  `component_type` varchar(255) DEFAULT NULL,
  `field` varchar(255) DEFAULT NULL,
  `order` double UNSIGNED DEFAULT NULL
) ENGINE=InnoDB DEFAULT CHARSET=utf8mb4 COLLATE=utf8mb4_unicode_ci;

--
-- Dumping data for table `components_home_ecosystem_sections_components`
--

INSERT INTO `components_home_ecosystem_sections_components` (`id`, `entity_id`, `component_id`, `component_type`, `field`, `order`) VALUES
(785, 88, 1342, 'shared.button-config', 'primaryButton', 1),
(786, 88, 1343, 'shared.button-config', 'secondaryButton', 8),
(787, 88, 3947, 'shared.link-item', 'quickLinks', 2),
(788, 88, 3948, 'shared.link-item', 'quickLinks', 3),
(789, 88, 3949, 'shared.link-item', 'quickLinks', 5),
(790, 88, 3950, 'shared.link-item', 'quickLinks', 6),
(791, 88, 3951, 'shared.link-item', 'shortcutLinks', 1),
(792, 88, 3952, 'shared.link-item', 'shortcutLinks', 2),
(793, 89, 1355, 'shared.button-config', 'primaryButton', 1),
(794, 89, 1356, 'shared.button-config', 'secondaryButton', 8),
(795, 89, 3984, 'shared.link-item', 'quickLinks', 2),
(796, 89, 3985, 'shared.link-item', 'quickLinks', 3),
(797, 89, 3986, 'shared.link-item', 'quickLinks', 5),
(798, 89, 3987, 'shared.link-item', 'quickLinks', 6),
(799, 89, 3988, 'shared.link-item', 'shortcutLinks', 1),
(800, 89, 3989, 'shared.link-item', 'shortcutLinks', 2);

-- --------------------------------------------------------

--
-- Table structure for table `components_home_market_strip_sections`
--

CREATE TABLE `components_home_market_strip_sections` (
  `id` int(10) UNSIGNED NOT NULL,
  `position_index` int(11) DEFAULT NULL
) ENGINE=InnoDB DEFAULT CHARSET=utf8mb4 COLLATE=utf8mb4_unicode_ci;

--
-- Dumping data for table `components_home_market_strip_sections`
--

INSERT INTO `components_home_market_strip_sections` (`id`, `position_index`) VALUES
(25, 50),
(26, 50);

-- --------------------------------------------------------

--
-- Table structure for table `components_home_one_shinhan_sections`
--

CREATE TABLE `components_home_one_shinhan_sections` (
  `id` int(10) UNSIGNED NOT NULL,
  `kicker` varchar(255) DEFAULT NULL,
  `title` varchar(255) DEFAULT NULL,
  `subtitle` longtext DEFAULT NULL,
  `logo_alt` varchar(255) DEFAULT NULL,
  `visit_label` varchar(255) DEFAULT NULL,
  `carousel_label` varchar(255) DEFAULT NULL,
  `profile_label` varchar(255) DEFAULT NULL,
  `ecosystem_label` varchar(255) DEFAULT NULL,
  `office_count_label` varchar(255) DEFAULT NULL,
  `office_location_primary` varchar(255) DEFAULT NULL,
  `office_location_secondary` varchar(255) DEFAULT NULL,
  `footer_title` varchar(255) DEFAULT NULL,
  `footer_description` longtext DEFAULT NULL,
  `position_index` int(11) DEFAULT NULL
) ENGINE=InnoDB DEFAULT CHARSET=utf8mb4 COLLATE=utf8mb4_unicode_ci;

--
-- Dumping data for table `components_home_one_shinhan_sections`
--

INSERT INTO `components_home_one_shinhan_sections` (`id`, `kicker`, `title`, `subtitle`, `logo_alt`, `visit_label`, `carousel_label`, `profile_label`, `ecosystem_label`, `office_count_label`, `office_location_primary`, `office_location_secondary`, `footer_title`, `footer_description`, `position_index`) VALUES
(88, 'Hệ sinh thái One Shinhan', 'Kết nối với hệ sinh thái tài chính Shinhan', 'Một trung tâm cho ngân hàng, chứng khoán, công nghệ, bảo hiểm và tài chính tiêu dùng.', NULL, 'Truy cập ngay', 'One Shinhan', 'Hồ sơ đối tác', 'Hệ sinh thái Shinhan', 'văn phòng', 'Hồ Chí Minh', 'Hà Nội', 'One Shinhan', 'Kết nối đồng bộ giữa ngân hàng, chứng khoán và bảo hiểm để theo dõi tài sản, giao dịch và thông tin đầu tư trong một luồng.', 500),
(89, 'One Shinhan ecosystem', 'Connect with the Shinhan financial ecosystem', 'A single touchpoint for banking, securities, technology, insurance, and consumer finance.', NULL, 'Visit now', 'One Shinhan ecosystem', 'Partner profile', 'Shinhan ecosystem', 'offices', 'Ho Chi Minh City', 'Ha Noi', 'One Shinhan', 'A unified journey across banking, securities, and insurance for seamless tracking of assets, trading, and investment information.', 500);

-- --------------------------------------------------------

--
-- Table structure for table `components_home_one_shinhan_sections_components`
--

CREATE TABLE `components_home_one_shinhan_sections_components` (
  `id` int(10) UNSIGNED NOT NULL,
  `entity_id` int(10) UNSIGNED DEFAULT NULL,
  `component_id` int(10) UNSIGNED DEFAULT NULL,
  `component_type` varchar(255) DEFAULT NULL,
  `field` varchar(255) DEFAULT NULL,
  `order` double UNSIGNED DEFAULT NULL
) ENGINE=InnoDB DEFAULT CHARSET=utf8mb4 COLLATE=utf8mb4_unicode_ci;

--
-- Dumping data for table `components_home_one_shinhan_sections_components`
--

INSERT INTO `components_home_one_shinhan_sections_components` (`id`, `entity_id`, `component_id`, `component_type`, `field`, `order`) VALUES
(662, 88, 139, 'shared.home-highlight-item', 'highlights', 1),
(663, 88, 140, 'shared.home-highlight-item', 'highlights', 2),
(664, 88, 141, 'shared.home-highlight-item', 'highlights', 4),
(665, 88, 436, 'shared.home-partner-item', 'partners', 1),
(666, 88, 437, 'shared.home-partner-item', 'partners', 2),
(667, 88, 438, 'shared.home-partner-item', 'partners', 3),
(668, 88, 439, 'shared.home-partner-item', 'partners', 4),
(669, 88, 440, 'shared.home-partner-item', 'partners', 5),
(670, 89, 142, 'shared.home-highlight-item', 'highlights', 1),
(671, 89, 143, 'shared.home-highlight-item', 'highlights', 2),
(672, 89, 144, 'shared.home-highlight-item', 'highlights', 4),
(673, 89, 441, 'shared.home-partner-item', 'partners', 1),
(674, 89, 442, 'shared.home-partner-item', 'partners', 2),
(675, 89, 443, 'shared.home-partner-item', 'partners', 3),
(676, 89, 444, 'shared.home-partner-item', 'partners', 4),
(677, 89, 445, 'shared.home-partner-item', 'partners', 5);

-- --------------------------------------------------------

--
-- Table structure for table `components_home_price_board_sections`
--

CREATE TABLE `components_home_price_board_sections` (
  `id` int(10) UNSIGNED NOT NULL,
  `position_index` int(11) DEFAULT NULL
) ENGINE=InnoDB DEFAULT CHARSET=utf8mb4 COLLATE=utf8mb4_unicode_ci;

--
-- Dumping data for table `components_home_price_board_sections`
--

INSERT INTO `components_home_price_board_sections` (`id`, `position_index`) VALUES
(19, 500),
(20, 500);

-- --------------------------------------------------------

--
-- Table structure for table `components_sections_contact_sections`
--

CREATE TABLE `components_sections_contact_sections` (
  `id` int(10) UNSIGNED NOT NULL,
  `title` varchar(255) DEFAULT NULL,
  `description` longtext DEFAULT NULL,
  `phone` varchar(255) DEFAULT NULL,
  `email` varchar(255) DEFAULT NULL,
  `address` longtext DEFAULT NULL
) ENGINE=InnoDB DEFAULT CHARSET=utf8mb4 COLLATE=utf8mb4_unicode_ci;

-- --------------------------------------------------------

--
-- Table structure for table `components_sections_cta_sections`
--

CREATE TABLE `components_sections_cta_sections` (
  `id` int(10) UNSIGNED NOT NULL,
  `title` varchar(255) DEFAULT NULL,
  `description` longtext DEFAULT NULL,
  `position_index` int(11) DEFAULT NULL
) ENGINE=InnoDB DEFAULT CHARSET=utf8mb4 COLLATE=utf8mb4_unicode_ci;

--
-- Dumping data for table `components_sections_cta_sections`
--

INSERT INTO `components_sections_cta_sections` (`id`, `title`, `description`, `position_index`) VALUES
(218, 'Sẵn sàng bắt đầu hành trình đầu tư?', 'Đăng ký mở tài khoản hoặc đặt lịch tư vấn với chuyên gia của FinTrust.', 1100),
(219, 'Liên hệ và tìm hiểu thêm', 'Khám phá thêm về công ty, cơ hội nghề nghiệp và hệ sinh thái One Shinhan tại Việt Nam.', 1100),
(220, 'Ready to start your investment journey?', 'Open an account or schedule a consultation with a FinTrust advisor.', 1100),
(221, 'Get in touch and explore more', 'Discover more about the company, career opportunities, and the One Shinhan ecosystem in Vietnam.', 1100);

-- --------------------------------------------------------

--
-- Table structure for table `components_sections_cta_sections_components`
--

CREATE TABLE `components_sections_cta_sections_components` (
  `id` int(10) UNSIGNED NOT NULL,
  `entity_id` int(10) UNSIGNED DEFAULT NULL,
  `component_id` int(10) UNSIGNED DEFAULT NULL,
  `component_type` varchar(255) DEFAULT NULL,
  `field` varchar(255) DEFAULT NULL,
  `order` double UNSIGNED DEFAULT NULL
) ENGINE=InnoDB DEFAULT CHARSET=utf8mb4 COLLATE=utf8mb4_unicode_ci;

--
-- Dumping data for table `components_sections_cta_sections_components`
--

INSERT INTO `components_sections_cta_sections_components` (`id`, `entity_id`, `component_id`, `component_type`, `field`, `order`) VALUES
(451, 218, 1344, 'shared.button-config', 'primaryButton', NULL),
(452, 218, 1345, 'shared.button-config', 'secondaryButton', NULL),
(453, 219, 1346, 'shared.button-config', 'primaryButton', NULL),
(454, 219, 1347, 'shared.button-config', 'secondaryButton', NULL),
(455, 220, 1357, 'shared.button-config', 'primaryButton', NULL),
(456, 220, 1358, 'shared.button-config', 'secondaryButton', NULL),
(457, 221, 1359, 'shared.button-config', 'primaryButton', NULL),
(458, 221, 1360, 'shared.button-config', 'secondaryButton', NULL);

-- --------------------------------------------------------

--
-- Table structure for table `components_sections_download_list_sections`
--

CREATE TABLE `components_sections_download_list_sections` (
  `id` int(10) UNSIGNED NOT NULL,
  `title` varchar(255) DEFAULT NULL,
  `description` longtext DEFAULT NULL,
  `document_category` varchar(255) DEFAULT NULL,
  `limit` int(11) DEFAULT NULL
) ENGINE=InnoDB DEFAULT CHARSET=utf8mb4 COLLATE=utf8mb4_unicode_ci;

-- --------------------------------------------------------

--
-- Table structure for table `components_sections_embed_blocks`
--

CREATE TABLE `components_sections_embed_blocks` (
  `id` int(10) UNSIGNED NOT NULL,
  `title` varchar(255) DEFAULT NULL,
  `embed_url` varchar(255) DEFAULT NULL,
  `embed_code` longtext DEFAULT NULL
) ENGINE=InnoDB DEFAULT CHARSET=utf8mb4 COLLATE=utf8mb4_unicode_ci;

-- --------------------------------------------------------

--
-- Table structure for table `components_sections_faq_sections`
--

CREATE TABLE `components_sections_faq_sections` (
  `id` int(10) UNSIGNED NOT NULL,
  `title` varchar(255) DEFAULT NULL,
  `description` longtext DEFAULT NULL,
  `faq_category_slug` varchar(255) DEFAULT NULL,
  `limit` int(11) DEFAULT NULL,
  `position_index` int(11) DEFAULT NULL
) ENGINE=InnoDB DEFAULT CHARSET=utf8mb4 COLLATE=utf8mb4_unicode_ci;

--
-- Dumping data for table `components_sections_faq_sections`
--

INSERT INTO `components_sections_faq_sections` (`id`, `title`, `description`, `faq_category_slug`, `limit`, `position_index`) VALUES
(500, 'Câu hỏi thường gặp', 'Giải đáp nhanh các quy trình phổ biến.', NULL, 5, 1000),
(501, 'Câu hỏi thường gặp', NULL, NULL, 6, 1000),
(502, 'Câu hỏi thường gặp', NULL, NULL, 4, 1000),
(503, 'Câu hỏi thường gặp', NULL, NULL, 4, 1000),
(504, 'Nhóm câu hỏi phổ biến', NULL, NULL, 8, 1000),
(505, 'Frequently asked questions', 'Answers to common onboarding and service questions.', NULL, 5, 1000),
(506, 'Frequently asked questions', NULL, NULL, 6, 1000),
(507, 'Frequently asked questions', NULL, NULL, 4, 1000),
(508, 'Frequently asked questions', NULL, NULL, 4, 1000),
(509, 'Common questions', NULL, NULL, 8, 1000);

-- --------------------------------------------------------

--
-- Table structure for table `components_sections_feature_card_sections`
--

CREATE TABLE `components_sections_feature_card_sections` (
  `id` int(10) UNSIGNED NOT NULL,
  `title` varchar(255) DEFAULT NULL,
  `description` longtext DEFAULT NULL,
  `position_index` int(11) DEFAULT NULL
) ENGINE=InnoDB DEFAULT CHARSET=utf8mb4 COLLATE=utf8mb4_unicode_ci;

--
-- Dumping data for table `components_sections_feature_card_sections`
--

INSERT INTO `components_sections_feature_card_sections` (`id`, `title`, `description`, `position_index`) VALUES
(1086, 'Dịch vụ trọng tâm', 'Danh mục dịch vụ được thiết kế cho cá nhân, doanh nghiệp và định chế.', 400),
(1087, 'Lĩnh vực kinh doanh', 'Hai trụ cột kinh doanh trọng tâm được triển khai theo mô hình dịch vụ tài chính tích hợp.', 400),
(1088, 'One Shinhan', 'Shinhan Vietnam hướng tới xây dựng “Tập đoàn Tài chính Shinhan thứ 2” dựa trên mạng lưới One Shinhan vững mạnh.', 400),
(1089, 'Trung tâm hỗ trợ', NULL, 400),
(1090, 'Bạn cần chuẩn bị', 'Các giấy tờ và thiết bị cần có trước khi bắt đầu.', 400),
(1091, 'Trọng tâm nội dung', 'Những thao tác người dùng cần biết trước khi giao dịch.', 400),
(1092, 'Nội dung cần theo dõi', 'Các nhóm thông báo ảnh hưởng trực tiếp tới giao dịch và tài khoản.', 400),
(1093, 'Điều kiện và lưu ý', 'Những điểm cần nắm trước khi đăng ký dịch vụ.', 400),
(1094, 'Hai nhóm trọng tâm', 'Tổng quan nhanh các nhóm sản phẩm chính trên website.', 400),
(1095, 'Cách đọc dòng tin', 'Tập trung vào những nhóm nội dung có tác động trực tiếp tới quyết định giao dịch.', 400),
(1096, 'Lịch sự kiện', 'Tập trung theo nhu cầu học sản phẩm, cập nhật thị trường và kết nối cộng đồng.', 400),
(1097, 'Core services', 'A service portfolio designed for retail, corporate, and institutional clients.', 400),
(1098, 'Business lines', 'Two major business pillars delivered through an integrated financial service model.', 400),
(1099, 'One Shinhan', 'Shinhan Vietnam aims to build the second Shinhan Financial Group based on a strong One Shinhan network.', 400),
(1100, 'Help Center', NULL, 400),
(1101, 'What to prepare', 'Documents and devices to have ready before starting.', 400),
(1102, 'Key topics', 'The actions users need to know before trading.', 400),
(1103, 'Topics to follow', 'Notice categories that directly affect trading and accounts.', 400),
(1104, 'Conditions and notes', 'What to know before registering for the service.', 400),
(1105, 'Two core groups', 'A quick overview of the main service clusters on the website.', 400),
(1106, 'How to read the feed', 'Focused on the content clusters that influence trading decisions most directly.', 400),
(1107, 'Event calendar', 'Focused on product education, market updates, and community engagement.', 400);

-- --------------------------------------------------------

--
-- Table structure for table `components_sections_feature_card_sections_components`
--

CREATE TABLE `components_sections_feature_card_sections_components` (
  `id` int(10) UNSIGNED NOT NULL,
  `entity_id` int(10) UNSIGNED DEFAULT NULL,
  `component_id` int(10) UNSIGNED DEFAULT NULL,
  `component_type` varchar(255) DEFAULT NULL,
  `field` varchar(255) DEFAULT NULL,
  `order` double UNSIGNED DEFAULT NULL
) ENGINE=InnoDB DEFAULT CHARSET=utf8mb4 COLLATE=utf8mb4_unicode_ci;

--
-- Dumping data for table `components_sections_feature_card_sections_components`
--

INSERT INTO `components_sections_feature_card_sections_components` (`id`, `entity_id`, `component_id`, `component_type`, `field`, `order`) VALUES
(3290, 1086, 3257, 'shared.feature-item', 'items', 1),
(3291, 1086, 3258, 'shared.feature-item', 'items', 2),
(3292, 1086, 3259, 'shared.feature-item', 'items', 3),
(3293, 1087, 3260, 'shared.feature-item', 'items', 1),
(3294, 1087, 3261, 'shared.feature-item', 'items', 2),
(3295, 1088, 3262, 'shared.feature-item', 'items', 1),
(3296, 1088, 3263, 'shared.feature-item', 'items', 2),
(3297, 1088, 3264, 'shared.feature-item', 'items', 3),
(3298, 1088, 3265, 'shared.feature-item', 'items', 4),
(3299, 1088, 3266, 'shared.feature-item', 'items', 5),
(3300, 1089, 3267, 'shared.feature-item', 'items', 1),
(3301, 1089, 3268, 'shared.feature-item', 'items', 2),
(3302, 1089, 3269, 'shared.feature-item', 'items', 3),
(3303, 1090, 3270, 'shared.feature-item', 'items', 1),
(3304, 1090, 3271, 'shared.feature-item', 'items', 2),
(3305, 1090, 3272, 'shared.feature-item', 'items', 3),
(3306, 1091, 3273, 'shared.feature-item', 'items', 1),
(3307, 1091, 3274, 'shared.feature-item', 'items', 2),
(3308, 1091, 3275, 'shared.feature-item', 'items', 3),
(3309, 1092, 3276, 'shared.feature-item', 'items', 1),
(3310, 1092, 3277, 'shared.feature-item', 'items', 2),
(3311, 1092, 3278, 'shared.feature-item', 'items', 3),
(3312, 1093, 3279, 'shared.feature-item', 'items', 1),
(3313, 1093, 3280, 'shared.feature-item', 'items', 2),
(3314, 1093, 3281, 'shared.feature-item', 'items', 3),
(3315, 1094, 3282, 'shared.feature-item', 'items', 1),
(3316, 1094, 3283, 'shared.feature-item', 'items', 2),
(3317, 1095, 3284, 'shared.feature-item', 'items', 1),
(3318, 1095, 3285, 'shared.feature-item', 'items', 2),
(3319, 1095, 3286, 'shared.feature-item', 'items', 3),
(3320, 1096, 3287, 'shared.feature-item', 'items', 1),
(3321, 1096, 3288, 'shared.feature-item', 'items', 2),
(3322, 1096, 3289, 'shared.feature-item', 'items', 3),
(3323, 1097, 3290, 'shared.feature-item', 'items', 1),
(3324, 1097, 3291, 'shared.feature-item', 'items', 2),
(3325, 1097, 3292, 'shared.feature-item', 'items', 3),
(3326, 1098, 3293, 'shared.feature-item', 'items', 1),
(3327, 1098, 3294, 'shared.feature-item', 'items', 2),
(3328, 1099, 3295, 'shared.feature-item', 'items', 1),
(3329, 1099, 3296, 'shared.feature-item', 'items', 2),
(3330, 1099, 3297, 'shared.feature-item', 'items', 3),
(3331, 1099, 3298, 'shared.feature-item', 'items', 4),
(3332, 1099, 3299, 'shared.feature-item', 'items', 5),
(3333, 1100, 3300, 'shared.feature-item', 'items', 1),
(3334, 1100, 3301, 'shared.feature-item', 'items', 2),
(3335, 1100, 3302, 'shared.feature-item', 'items', 3),
(3336, 1101, 3303, 'shared.feature-item', 'items', 1),
(3337, 1101, 3304, 'shared.feature-item', 'items', 2),
(3338, 1101, 3305, 'shared.feature-item', 'items', 3),
(3339, 1102, 3306, 'shared.feature-item', 'items', 1),
(3340, 1102, 3307, 'shared.feature-item', 'items', 2),
(3341, 1102, 3308, 'shared.feature-item', 'items', 3),
(3342, 1103, 3309, 'shared.feature-item', 'items', 1),
(3343, 1103, 3310, 'shared.feature-item', 'items', 2),
(3344, 1103, 3311, 'shared.feature-item', 'items', 3),
(3345, 1104, 3312, 'shared.feature-item', 'items', 1),
(3346, 1104, 3313, 'shared.feature-item', 'items', 2),
(3347, 1104, 3314, 'shared.feature-item', 'items', 3),
(3348, 1105, 3315, 'shared.feature-item', 'items', 1),
(3349, 1105, 3316, 'shared.feature-item', 'items', 2),
(3350, 1106, 3317, 'shared.feature-item', 'items', 1),
(3351, 1106, 3318, 'shared.feature-item', 'items', 2),
(3352, 1106, 3319, 'shared.feature-item', 'items', 3),
(3353, 1107, 3320, 'shared.feature-item', 'items', 1),
(3354, 1107, 3321, 'shared.feature-item', 'items', 2),
(3355, 1107, 3322, 'shared.feature-item', 'items', 3);

-- --------------------------------------------------------

--
-- Table structure for table `components_sections_hero_blocks`
--

CREATE TABLE `components_sections_hero_blocks` (
  `id` int(10) UNSIGNED NOT NULL,
  `kicker` varchar(255) DEFAULT NULL,
  `title` varchar(255) DEFAULT NULL,
  `subtitle` longtext DEFAULT NULL
) ENGINE=InnoDB DEFAULT CHARSET=utf8mb4 COLLATE=utf8mb4_unicode_ci;

--
-- Dumping data for table `components_sections_hero_blocks`
--

INSERT INTO `components_sections_hero_blocks` (`id`, `kicker`, `title`, `subtitle`) VALUES
(1064, 'Doanh nghiệp tài chính uy tín', 'Giải pháp chứng khoán toàn diện cho nhà đầu tư hiện đại', 'Tối ưu quyết định đầu tư bằng dữ liệu, nghiên cứu và nền tảng giao dịch hiệu suất cao.'),
(1065, 'Về chúng tôi', 'Đối tác tin tưởng cùng đồng hành với bạn trên thị trường chứng khoán', 'Shinhan Investment đã mua lại cổ phần Chứng khoán Nam An vào tháng 7/2015 và thành lập Công ty TNHH Chứng khoán Shinhan Việt Nam vào tháng 2/2016.'),
(1066, 'Hỗ trợ', 'Mở tài khoản trực tuyến trong vài bước', 'Khách hàng cá nhân có thể hoàn tất eKYC ngay trên thiết bị di động hoặc máy tính có camera.'),
(1067, 'Hỗ trợ', 'Các thao tác giao dịch phổ biến', 'Nội dung được nhóm theo luồng thực tế: đăng nhập, funding và quản lý tài khoản.'),
(1068, 'Hỗ trợ', 'Các quy tắc cốt lõi trước khi đặt lệnh', 'Khung giờ, bước giá, lô giao dịch và thanh toán được hệ thống hóa để dễ tra cứu.'),
(1069, 'Hỗ trợ', 'Tìm nhanh câu trả lời cho những thắc mắc phổ biến', 'Tổng hợp các câu hỏi thường gặp theo nhóm vấn đề để người dùng tra cứu nhanh hơn.'),
(1070, 'Hỗ trợ', 'Thông báo vận hành và cập nhật quan trọng', 'Khách hàng nên kiểm tra thường xuyên để nắm sớm thay đổi về giao dịch, quy định và lịch nghỉ.'),
(1071, 'Hỗ trợ', 'Đăng ký giao dịch ký quỹ', 'Trang này tóm tắt điều kiện, quy trình và lưu ý chính khi sử dụng dịch vụ margin.'),
(1072, 'Sản phẩm & Dịch vụ', 'Giải pháp đầu tư cho từng nhu cầu', 'Từ môi giới chứng khoán, giao dịch trực tuyến đến ngân hàng đầu tư, nội dung được sắp xếp theo đúng hành trình sử dụng của khách hàng.'),
(1073, 'Tin tức', 'Dòng tin giúp nhà đầu tư đi trước thị trường', 'Tổng hợp thông báo vận hành, chương trình ưu đãi và cập nhật thị trường theo một trục thông tin duy nhất.'),
(1074, 'Sự kiện', 'Kết nối với cập nhật chiến lược và cộng đồng đầu tư', 'Các buổi workshop, briefing thị trường và hoạt động cộng đồng được tổ chức thành một luồng nội dung thống nhất.'),
(1075, 'Trusted financial institution', 'End-to-end securities solutions for modern investors', 'Make better investment decisions with trusted data, research, and high-performance trading systems.'),
(1076, 'About us', 'A trusted partner accompanying your journey in equity markets', 'Shinhan Investment acquired Nam An Securities in July 2015 and established Shinhan Securities Vietnam in February 2016.'),
(1077, 'Support', 'Open your account online in a few steps', 'Domestic individual customers can complete eKYC on a mobile device or a computer with a camera.'),
(1078, 'Support', 'Common trading actions', 'Content is grouped by the real workflow: login, funding, and account management.'),
(1079, 'Support', 'Core rules before placing an order', 'Trading hours, price steps, lot sizes, and settlement are organized for quick reference.'),
(1080, 'Support', 'Find quick answers to common questions', 'Frequently asked questions are grouped by topic so users can search faster.'),
(1081, 'Support', 'Operational notices and key updates', 'Customers should check regularly for changes to trading, rules and holiday schedules.'),
(1082, 'Support', 'Register for margin trading', 'This page summarizes the main conditions, process and notes for using margin services.'),
(1083, 'Products & Services', 'Investment solutions for every client need', 'From securities brokerage and online trading to investment banking, the content is structured around the customer journey.'),
(1084, 'News', 'A feed that helps investors stay ahead', 'Operational notices, promotions and market updates are grouped into one consistent information stream.'),
(1085, 'Events', 'Connect with strategy updates and the investor community', 'Workshops, market briefings and community activities are organized into a single editorial track.');

-- --------------------------------------------------------

--
-- Table structure for table `components_sections_hero_blocks_components`
--

CREATE TABLE `components_sections_hero_blocks_components` (
  `id` int(10) UNSIGNED NOT NULL,
  `entity_id` int(10) UNSIGNED DEFAULT NULL,
  `component_id` int(10) UNSIGNED DEFAULT NULL,
  `component_type` varchar(255) DEFAULT NULL,
  `field` varchar(255) DEFAULT NULL,
  `order` double UNSIGNED DEFAULT NULL
) ENGINE=InnoDB DEFAULT CHARSET=utf8mb4 COLLATE=utf8mb4_unicode_ci;

--
-- Dumping data for table `components_sections_hero_blocks_components`
--

INSERT INTO `components_sections_hero_blocks_components` (`id`, `entity_id`, `component_id`, `component_type`, `field`, `order`) VALUES
(243, 1064, 1340, 'shared.button-config', 'primaryButton', NULL),
(244, 1064, 1341, 'shared.button-config', 'secondaryButton', NULL),
(245, 1075, 1353, 'shared.button-config', 'primaryButton', NULL),
(246, 1075, 1354, 'shared.button-config', 'secondaryButton', NULL);

-- --------------------------------------------------------

--
-- Table structure for table `components_sections_news_list_sections`
--

CREATE TABLE `components_sections_news_list_sections` (
  `id` int(10) UNSIGNED NOT NULL,
  `title` varchar(255) DEFAULT NULL,
  `description` longtext DEFAULT NULL,
  `limit` int(11) DEFAULT NULL,
  `featured_only` tinyint(1) DEFAULT NULL,
  `position_index` int(11) DEFAULT NULL
) ENGINE=InnoDB DEFAULT CHARSET=utf8mb4 COLLATE=utf8mb4_unicode_ci;

--
-- Dumping data for table `components_sections_news_list_sections`
--

INSERT INTO `components_sections_news_list_sections` (`id`, `title`, `description`, `limit`, `featured_only`, `position_index`) VALUES
(111, 'Tin tức mới nhất', 'Cập nhật thị trường và hoạt động doanh nghiệp.', 4, 0, 800),
(112, 'Latest updates', 'Market and corporate updates.', 4, 0, 800);

-- --------------------------------------------------------

--
-- Table structure for table `components_sections_office_list_sections`
--

CREATE TABLE `components_sections_office_list_sections` (
  `id` int(10) UNSIGNED NOT NULL,
  `title` varchar(255) DEFAULT NULL,
  `description` longtext DEFAULT NULL,
  `show_map_placeholder` tinyint(1) DEFAULT NULL,
  `position_index` int(11) DEFAULT NULL
) ENGINE=InnoDB DEFAULT CHARSET=utf8mb4 COLLATE=utf8mb4_unicode_ci;

--
-- Dumping data for table `components_sections_office_list_sections`
--

INSERT INTO `components_sections_office_list_sections` (`id`, `title`, `description`, `show_map_placeholder`, `position_index`) VALUES
(111, 'Mạng lưới văn phòng', 'Hệ thống chi nhánh hỗ trợ trên toàn quốc.', 1, 1200),
(112, 'Office network', 'Branch network supporting clients nationwide.', 1, 1200);

-- --------------------------------------------------------

--
-- Table structure for table `components_sections_quote_sections`
--

CREATE TABLE `components_sections_quote_sections` (
  `id` int(10) UNSIGNED NOT NULL,
  `quote` longtext DEFAULT NULL,
  `author` varchar(255) DEFAULT NULL,
  `role` varchar(255) DEFAULT NULL
) ENGINE=InnoDB DEFAULT CHARSET=utf8mb4 COLLATE=utf8mb4_unicode_ci;

--
-- Dumping data for table `components_sections_quote_sections`
--

INSERT INTO `components_sections_quote_sections` (`id`, `quote`, `author`, `role`) VALUES
(106, 'Công Ty Chứng khoán Shinhan Việt Nam đang ngày càng phát triển trên thị trường vốn Việt Nam bằng cách kết hợp cơ cấu tài chính và quản trị doanh nghiệp vững chắc và ổn định với các kỹ thuật quản lý tiên tiến.', 'Han Bokhee', 'Tổng Giám Đốc - Chứng khoán Shinhan Việt Nam'),
(107, 'We are committed to becoming a leading securities firm in Vietnam by delivering optimal financial solutions with advanced expertise in wealth management and corporate finance.', 'Han Bokhee', 'CEO - Shinhan Securities Vietnam');

-- --------------------------------------------------------

--
-- Table structure for table `components_sections_related_contents`
--

CREATE TABLE `components_sections_related_contents` (
  `id` int(10) UNSIGNED NOT NULL,
  `title` varchar(255) DEFAULT NULL,
  `limit` int(11) DEFAULT NULL
) ENGINE=InnoDB DEFAULT CHARSET=utf8mb4 COLLATE=utf8mb4_unicode_ci;

-- --------------------------------------------------------

--
-- Table structure for table `components_sections_related_contents_content_type_links`
--

CREATE TABLE `components_sections_related_contents_content_type_links` (
  `id` int(10) UNSIGNED NOT NULL,
  `related_content_section_id` int(10) UNSIGNED DEFAULT NULL,
  `related_content_type_id` int(10) UNSIGNED DEFAULT NULL
) ENGINE=InnoDB DEFAULT CHARSET=utf8mb4 COLLATE=utf8mb4_unicode_ci;

-- --------------------------------------------------------

--
-- Table structure for table `components_sections_research_list_sections`
--

CREATE TABLE `components_sections_research_list_sections` (
  `id` int(10) UNSIGNED NOT NULL,
  `title` varchar(255) DEFAULT NULL,
  `description` longtext DEFAULT NULL,
  `limit` int(11) DEFAULT NULL,
  `featured_only` tinyint(1) DEFAULT NULL,
  `position_index` int(11) DEFAULT NULL
) ENGINE=InnoDB DEFAULT CHARSET=utf8mb4 COLLATE=utf8mb4_unicode_ci;

--
-- Dumping data for table `components_sections_research_list_sections`
--

INSERT INTO `components_sections_research_list_sections` (`id`, `title`, `description`, `limit`, `featured_only`, `position_index`) VALUES
(111, 'Điểm nhấn nghiên cứu', 'Truy cập nhanh các báo cáo chiến lược và phân tích doanh nghiệp.', 4, 0, 900),
(112, 'Research highlights', 'Quick access to strategy and company coverage.', 4, 0, 900);

-- --------------------------------------------------------

--
-- Table structure for table `components_sections_rich_text_blocks`
--

CREATE TABLE `components_sections_rich_text_blocks` (
  `id` int(10) UNSIGNED NOT NULL,
  `title` varchar(255) DEFAULT NULL,
  `content` longtext DEFAULT NULL
) ENGINE=InnoDB DEFAULT CHARSET=utf8mb4 COLLATE=utf8mb4_unicode_ci;

--
-- Dumping data for table `components_sections_rich_text_blocks`
--

INSERT INTO `components_sections_rich_text_blocks` (`id`, `title`, `content`) VALUES
(721, 'Chúng tôi là ai', '<p>Shinhan Investment là công ty con có 100% vốn của Tập đoàn Tài chính Shinhan, vào tháng 7 năm 2015 đã mua lại cổ phần của Chứng khoán Nam An tại Việt Nam và thành lập nên Công ty TNHH Chứng khoán Shinhan Việt Nam (“Chứng khoán Shinhan”) vào tháng 2 năm 2016.</p><p>Thông qua mạng lưới rộng khắp toàn cầu của Tập đoàn tài chính Shinhan và tại Việt Nam, Chứng Khoán Shinhan ưu tiên đặt mục tiêu hàng đầu với vai trò là \"Người dẫn đường\" cho sự đầu tư thành công để tạo ra giá trị mà khách hàng mong muốn và thiết kế một tương lai tốt đẹp hơn.</p>'),
(722, 'Ban lãnh đạo', '<p>Thông qua mạng lưới “One Shinhan” của Tập đoàn Tài chính Shinhan, bao gồm ngân hàng, Công ty thẻ và Công ty tài chính, chúng tôi cung cấp nhiều dịch vụ đa dạng khác nhau vượt qua các rào cản giữa các lĩnh vực tài chính.</p><p>Ngoài ra, chúng tôi hứa hẹn phát triển công ty thành công ty chứng khoán hàng đầu Việt Nam với mục đích cung cấp các giải pháp tài chính tối ưu cho khách hàng thông qua các bí quyết tài chính tiên tiến trong lĩnh vực quản lý tài sản cá nhân và tài chính doanh nghiệp.</p>'),
(723, 'Shinhan Way', '<p>Tuyên bố sứ mệnh, giá trị cốt lõi và tầm nhìn thể hiện Đường hướng của Shinhan đại diện cho một hệ thống giá trị mà qua đó tất cả các thành viên của tập đoàn tài chính Shinhan đo lường suy nghĩ và hành động của họ.</p><p><strong>Tuyên bố sứ mệnh:</strong> Một thế giới tốt hơn thông qua Tài chính Shinhan.</p><p><strong>Giá trị cốt lõi:</strong> Khách hàng, Tôn trọng lẫn nhau, Thay đổi, Xuất sắc, Quyền sở hữu.</p><p><strong>Tầm nhìn:</strong> Tập đoàn tài chính đẳng cấp thế giới.</p>'),
(724, 'Thông điệp One Shinhan', '<p>Bằng góc độ của khách hàng, chúng tôi luôn cố gắng hết sức để đáp ứng những trải nghiệm và nhu cầu đa dạng với các sản phẩm và dịch vụ tốt nhất tập hợp bởi Tập đoàn Shinhan.</p>'),
(725, 'Quy trình cơ bản', '<p>1. Tải ứng dụng San Xin Ha.</p><p>2. Chọn mở tài khoản và nhập thông tin cá nhân.</p><p>3. Hoàn tất định danh, xác nhận hợp đồng và chờ kích hoạt.</p>'),
(726, NULL, '<p>Chính sách này mô tả cách chúng tôi thu thập, xử lý và bảo vệ dữ liệu cá nhân theo quy định pháp luật hiện hành.</p>'),
(727, NULL, '<p>Người dùng cần tuân thủ điều khoản sử dụng, quyền sở hữu nội dung và các nguyên tắc bảo mật khi truy cập website.</p>'),
(728, NULL, '<p>Nội dung trên website chỉ mang tính tham khảo, không cấu thành khuyến nghị đầu tư bắt buộc.</p>'),
(729, 'Who we are', '<p>Shinhan Investment is a wholly owned subsidiary of Shinhan Financial Group. In Vietnam, it acquired Nam An Securities in July 2015 and officially established Shinhan Securities Vietnam in February 2016.</p><p>Through Shinhan Financial Group’s global network and One Shinhan ecosystem in Vietnam, we position ourselves as a trusted guide for successful investment and long-term value creation.</p>'),
(730, 'Shinhan Way', '<p>Shinhan Way defines the mission, core values, and vision used by all members of Shinhan Financial Group to guide decisions and actions.</p><p><strong>Mission:</strong> A better world through Shinhan finance.</p><p><strong>Core values:</strong> Customer, Mutual Respect, Change, Excellence, Ownership.</p><p><strong>Vision:</strong> A world-class financial group.</p>'),
(731, 'Basic flow', '<p>1. Download the San Xin Ha app.</p><p>2. Choose account opening and enter your personal details.</p><p>3. Complete verification, sign the contract, and wait for activation.</p>'),
(732, NULL, '<p>This policy describes how we collect, process, and protect personal data in accordance with applicable regulations.</p>'),
(733, NULL, '<p>Users must comply with the terms, content ownership principles, and security practices when using this website.</p>'),
(734, NULL, '<p>Website content is for reference only and does not constitute mandatory investment advice.</p>');

-- --------------------------------------------------------

--
-- Table structure for table `components_sections_stats_sections`
--

CREATE TABLE `components_sections_stats_sections` (
  `id` int(10) UNSIGNED NOT NULL,
  `title` varchar(255) DEFAULT NULL,
  `position_index` int(11) DEFAULT NULL
) ENGINE=InnoDB DEFAULT CHARSET=utf8mb4 COLLATE=utf8mb4_unicode_ci;

--
-- Dumping data for table `components_sections_stats_sections`
--

INSERT INTO `components_sections_stats_sections` (`id`, `title`, `position_index`) VALUES
(111, 'Năng lực vận hành', 700),
(112, 'Operational strengths', 700);

-- --------------------------------------------------------

--
-- Table structure for table `components_sections_stats_sections_components`
--

CREATE TABLE `components_sections_stats_sections_components` (
  `id` int(10) UNSIGNED NOT NULL,
  `entity_id` int(10) UNSIGNED DEFAULT NULL,
  `component_id` int(10) UNSIGNED DEFAULT NULL,
  `component_type` varchar(255) DEFAULT NULL,
  `field` varchar(255) DEFAULT NULL,
  `order` double UNSIGNED DEFAULT NULL
) ENGINE=InnoDB DEFAULT CHARSET=utf8mb4 COLLATE=utf8mb4_unicode_ci;

--
-- Dumping data for table `components_sections_stats_sections_components`
--

INSERT INTO `components_sections_stats_sections_components` (`id`, `entity_id`, `component_id`, `component_type`, `field`, `order`) VALUES
(485, 111, 441, 'shared.stat-item', 'items', 1),
(486, 111, 442, 'shared.stat-item', 'items', 2),
(487, 111, 443, 'shared.stat-item', 'items', 3),
(488, 111, 444, 'shared.stat-item', 'items', 4),
(489, 112, 445, 'shared.stat-item', 'items', 1),
(490, 112, 446, 'shared.stat-item', 'items', 2),
(491, 112, 447, 'shared.stat-item', 'items', 3),
(492, 112, 448, 'shared.stat-item', 'items', 4);

-- --------------------------------------------------------

--
-- Table structure for table `components_sections_table_blocks`
--

CREATE TABLE `components_sections_table_blocks` (
  `id` int(10) UNSIGNED NOT NULL,
  `title` varchar(255) DEFAULT NULL,
  `column_1_label` varchar(255) DEFAULT NULL,
  `column_2_label` varchar(255) DEFAULT NULL,
  `column_3_label` varchar(255) DEFAULT NULL,
  `column_4_label` varchar(255) DEFAULT NULL
) ENGINE=InnoDB DEFAULT CHARSET=utf8mb4 COLLATE=utf8mb4_unicode_ci;

--
-- Dumping data for table `components_sections_table_blocks`
--

INSERT INTO `components_sections_table_blocks` (`id`, `title`, `column_1_label`, `column_2_label`, `column_3_label`, `column_4_label`) VALUES
(202, 'Khung giờ hỗ trợ', 'Kênh', 'Thời gian', NULL, NULL),
(203, 'Thông tin nhanh', 'Chủ đề', 'Tóm tắt', NULL, NULL),
(204, 'Support Hours', 'Channel', 'Hours', NULL, NULL),
(205, 'Quick reference', 'Topic', 'Summary', NULL, NULL);

-- --------------------------------------------------------

--
-- Table structure for table `components_sections_table_blocks_components`
--

CREATE TABLE `components_sections_table_blocks_components` (
  `id` int(10) UNSIGNED NOT NULL,
  `entity_id` int(10) UNSIGNED DEFAULT NULL,
  `component_id` int(10) UNSIGNED DEFAULT NULL,
  `component_type` varchar(255) DEFAULT NULL,
  `field` varchar(255) DEFAULT NULL,
  `order` double UNSIGNED DEFAULT NULL
) ENGINE=InnoDB DEFAULT CHARSET=utf8mb4 COLLATE=utf8mb4_unicode_ci;

--
-- Dumping data for table `components_sections_table_blocks_components`
--

INSERT INTO `components_sections_table_blocks_components` (`id`, `entity_id`, `component_id`, `component_type`, `field`, `order`) VALUES
(497, 202, 497, 'shared.table-row', 'rows', 1),
(498, 202, 498, 'shared.table-row', 'rows', 2),
(499, 203, 499, 'shared.table-row', 'rows', 1),
(500, 203, 500, 'shared.table-row', 'rows', 2),
(501, 203, 501, 'shared.table-row', 'rows', 3),
(502, 204, 502, 'shared.table-row', 'rows', 1),
(503, 204, 503, 'shared.table-row', 'rows', 2),
(504, 205, 504, 'shared.table-row', 'rows', 1),
(505, 205, 505, 'shared.table-row', 'rows', 2),
(506, 205, 506, 'shared.table-row', 'rows', 3);

-- --------------------------------------------------------

--
-- Table structure for table `components_sections_timeline_sections`
--

CREATE TABLE `components_sections_timeline_sections` (
  `id` int(10) UNSIGNED NOT NULL,
  `title` varchar(255) DEFAULT NULL
) ENGINE=InnoDB DEFAULT CHARSET=utf8mb4 COLLATE=utf8mb4_unicode_ci;

--
-- Dumping data for table `components_sections_timeline_sections`
--

INSERT INTO `components_sections_timeline_sections` (`id`, `title`) VALUES
(108, 'Lịch sử hình thành'),
(109, 'Milestones');

-- --------------------------------------------------------

--
-- Table structure for table `components_sections_timeline_sections_components`
--

CREATE TABLE `components_sections_timeline_sections_components` (
  `id` int(10) UNSIGNED NOT NULL,
  `entity_id` int(10) UNSIGNED DEFAULT NULL,
  `component_id` int(10) UNSIGNED DEFAULT NULL,
  `component_type` varchar(255) DEFAULT NULL,
  `field` varchar(255) DEFAULT NULL,
  `order` double UNSIGNED DEFAULT NULL
) ENGINE=InnoDB DEFAULT CHARSET=utf8mb4 COLLATE=utf8mb4_unicode_ci;

--
-- Dumping data for table `components_sections_timeline_sections_components`
--

INSERT INTO `components_sections_timeline_sections_components` (`id`, `entity_id`, `component_id`, `component_type`, `field`, `order`) VALUES
(1145, 108, 1142, 'shared.timeline-item', 'items', 1),
(1146, 108, 1143, 'shared.timeline-item', 'items', 2),
(1147, 108, 1144, 'shared.timeline-item', 'items', 3),
(1148, 108, 1145, 'shared.timeline-item', 'items', 4),
(1149, 108, 1146, 'shared.timeline-item', 'items', 5),
(1150, 108, 1147, 'shared.timeline-item', 'items', 6),
(1151, 108, 1148, 'shared.timeline-item', 'items', 7),
(1152, 108, 1149, 'shared.timeline-item', 'items', 8),
(1153, 108, 1150, 'shared.timeline-item', 'items', 9),
(1154, 108, 1151, 'shared.timeline-item', 'items', 10),
(1155, 108, 1152, 'shared.timeline-item', 'items', 11),
(1156, 109, 1153, 'shared.timeline-item', 'items', 1),
(1157, 109, 1154, 'shared.timeline-item', 'items', 2),
(1158, 109, 1155, 'shared.timeline-item', 'items', 3),
(1159, 109, 1156, 'shared.timeline-item', 'items', 4),
(1160, 109, 1157, 'shared.timeline-item', 'items', 5),
(1161, 109, 1158, 'shared.timeline-item', 'items', 6),
(1162, 109, 1159, 'shared.timeline-item', 'items', 7),
(1163, 109, 1160, 'shared.timeline-item', 'items', 8),
(1164, 109, 1161, 'shared.timeline-item', 'items', 9),
(1165, 109, 1162, 'shared.timeline-item', 'items', 10),
(1166, 109, 1163, 'shared.timeline-item', 'items', 11);

-- --------------------------------------------------------

--
-- Table structure for table `components_sections_trading_system_showcase_sections`
--

CREATE TABLE `components_sections_trading_system_showcase_sections` (
  `id` int(10) UNSIGNED NOT NULL,
  `title` varchar(255) DEFAULT NULL,
  `description` longtext DEFAULT NULL,
  `platform_name` varchar(255) DEFAULT NULL,
  `features` longtext CHARACTER SET utf8mb4 COLLATE utf8mb4_bin DEFAULT NULL CHECK (json_valid(`features`)),
  `position_index` int(11) DEFAULT NULL
) ENGINE=InnoDB DEFAULT CHARSET=utf8mb4 COLLATE=utf8mb4_unicode_ci;

--
-- Dumping data for table `components_sections_trading_system_showcase_sections`
--

INSERT INTO `components_sections_trading_system_showcase_sections` (`id`, `title`, `description`, `platform_name`, `features`, `position_index`) VALUES
(111, 'Hệ thống giao dịch doanh nghiệp', 'Trải nghiệm giao dịch ổn định trên web, mobile và desktop với chuẩn bảo mật nhiều lớp.', 'FinTrust Trader', '[\"Khớp lệnh nhanh\",\"Quản trị hạn mức\",\"Cảnh báo biến động\"]', 600),
(112, 'Enterprise trading systems', 'Stable multi-device trading experience with enterprise-grade security controls.', 'FinTrust Trader', '[\"Low-latency matching\",\"Portfolio controls\",\"Volatility alerts\"]', 600);

-- --------------------------------------------------------

--
-- Table structure for table `components_sections_trust_signal_sections`
--

CREATE TABLE `components_sections_trust_signal_sections` (
  `id` int(10) UNSIGNED NOT NULL,
  `title` varchar(255) DEFAULT NULL,
  `description` longtext DEFAULT NULL,
  `position_index` int(11) DEFAULT NULL
) ENGINE=InnoDB DEFAULT CHARSET=utf8mb4 COLLATE=utf8mb4_unicode_ci;

--
-- Dumping data for table `components_sections_trust_signal_sections`
--

INSERT INTO `components_sections_trust_signal_sections` (`id`, `title`, `description`, `position_index`) VALUES
(111, 'Nền tảng niềm tin', 'Cam kết vận hành minh bạch theo chuẩn kiểm soát nội bộ và tuân thủ.', 1300),
(112, 'Trust signals', 'Transparent operations backed by internal controls and compliance discipline.', 1300);

-- --------------------------------------------------------

--
-- Table structure for table `components_sections_trust_signal_sections_components`
--

CREATE TABLE `components_sections_trust_signal_sections_components` (
  `id` int(10) UNSIGNED NOT NULL,
  `entity_id` int(10) UNSIGNED DEFAULT NULL,
  `component_id` int(10) UNSIGNED DEFAULT NULL,
  `component_type` varchar(255) DEFAULT NULL,
  `field` varchar(255) DEFAULT NULL,
  `order` double UNSIGNED DEFAULT NULL
) ENGINE=InnoDB DEFAULT CHARSET=utf8mb4 COLLATE=utf8mb4_unicode_ci;

--
-- Dumping data for table `components_sections_trust_signal_sections_components`
--

INSERT INTO `components_sections_trust_signal_sections_components` (`id`, `entity_id`, `component_id`, `component_type`, `field`, `order`) VALUES
(243, 111, 221, 'shared.trust-item', 'items', 1),
(244, 111, 222, 'shared.trust-item', 'items', 2),
(245, 112, 223, 'shared.trust-item', 'items', 1),
(246, 112, 224, 'shared.trust-item', 'items', 2);

-- --------------------------------------------------------

--
-- Table structure for table `components_shared_breadcrumb_configs`
--

CREATE TABLE `components_shared_breadcrumb_configs` (
  `id` int(10) UNSIGNED NOT NULL,
  `show` tinyint(1) DEFAULT NULL,
  `custom_label` varchar(255) DEFAULT NULL
) ENGINE=InnoDB DEFAULT CHARSET=utf8mb4 COLLATE=utf8mb4_unicode_ci;

--
-- Dumping data for table `components_shared_breadcrumb_configs`
--

INSERT INTO `components_shared_breadcrumb_configs` (`id`, `show`, `custom_label`) VALUES
(1755, 1, NULL),
(1756, 1, NULL),
(1757, 1, NULL),
(1758, 1, NULL),
(1759, 1, NULL),
(1760, 1, NULL),
(1761, 1, NULL),
(1762, 1, NULL),
(1763, 1, NULL),
(1764, 1, NULL),
(1765, 1, NULL),
(1766, 1, NULL),
(1767, 1, NULL),
(1768, 1, NULL),
(1769, 1, NULL),
(1770, 1, NULL),
(1771, 1, NULL),
(1772, 1, NULL),
(1773, 1, NULL),
(1774, 1, NULL),
(1775, 1, NULL),
(1776, 1, NULL),
(1777, 1, NULL),
(1778, 1, NULL),
(1779, 1, NULL),
(1780, 1, NULL),
(1781, 1, NULL),
(1782, 1, NULL),
(1783, 1, NULL),
(1784, 1, NULL),
(1785, 1, NULL),
(1786, 1, NULL),
(1787, 1, NULL),
(1788, 1, NULL),
(1789, 1, NULL),
(1790, 1, NULL);

-- --------------------------------------------------------

--
-- Table structure for table `components_shared_button_configs`
--

CREATE TABLE `components_shared_button_configs` (
  `id` int(10) UNSIGNED NOT NULL,
  `label` varchar(255) DEFAULT NULL,
  `href` varchar(255) DEFAULT NULL,
  `variant` varchar(255) DEFAULT NULL,
  `target` varchar(255) DEFAULT NULL
) ENGINE=InnoDB DEFAULT CHARSET=utf8mb4 COLLATE=utf8mb4_unicode_ci;

--
-- Dumping data for table `components_shared_button_configs`
--

INSERT INTO `components_shared_button_configs` (`id`, `label`, `href`, `variant`, `target`) VALUES
(1338, 'Mở tài khoản', '/vi/support/open-account', 'primary', '_self'),
(1339, 'Tư vấn ngay', '/vi/contact', 'secondary', '_self'),
(1340, 'Mở tài khoản', '/vi/support/open-account', 'primary', '_self'),
(1341, 'Tư vấn ngay', '/vi/contact', 'secondary', '_self'),
(1342, 'Mở tài khoản', '/vi/support/open-account', 'primary', '_self'),
(1343, 'Tư vấn ngay', '/vi/contact', 'secondary', '_self'),
(1344, 'Mở tài khoản', '/vi/support/open-account', 'primary', '_self'),
(1345, 'Tư vấn ngay', '/vi/contact', 'secondary', '_self'),
(1346, 'Liên hệ', '/vi/contact', 'primary', '_self'),
(1347, 'Cơ hội nghề nghiệp', '/vi/careers', 'secondary', '_self'),
(1348, 'Đăng ký ngay', '/vi/support/open-account', 'primary', '_self'),
(1349, 'Bắt đầu giao dịch', '/vi/services/moi-gioi-chung-khoan/giao-dich-truc-tuyen.html', 'primary', '_self'),
(1350, 'Xem báo cáo', '/vi/research', 'primary', '_self'),
(1351, 'Open Account', '/en/support/open-account', 'primary', '_self'),
(1352, 'Talk to Advisor', '/en/contact', 'secondary', '_self'),
(1353, 'Open Account', '/en/support/open-account', 'primary', '_self'),
(1354, 'Talk to Advisor', '/en/contact', 'secondary', '_self'),
(1355, 'Open Account', '/en/support/open-account', 'primary', '_self'),
(1356, 'Talk to Advisor', '/en/contact', 'secondary', '_self'),
(1357, 'Open Account', '/en/support/open-account', 'primary', '_self'),
(1358, 'Talk to Advisor', '/en/contact', 'secondary', '_self'),
(1359, 'Contact us', '/en/contact', 'primary', '_self'),
(1360, 'View careers', '/en/careers', 'secondary', '_self'),
(1361, 'Register now', '/en/support/open-account', 'primary', '_self'),
(1362, 'Start trading', '/en/services/moi-gioi-chung-khoan/giao-dich-truc-tuyen.html', 'primary', '_self'),
(1363, 'View reports', '/en/research', 'primary', '_self');

-- --------------------------------------------------------

--
-- Table structure for table `components_shared_feature_items`
--

CREATE TABLE `components_shared_feature_items` (
  `id` int(10) UNSIGNED NOT NULL,
  `title` varchar(255) DEFAULT NULL,
  `description` longtext DEFAULT NULL
) ENGINE=InnoDB DEFAULT CHARSET=utf8mb4 COLLATE=utf8mb4_unicode_ci;

--
-- Dumping data for table `components_shared_feature_items`
--

INSERT INTO `components_shared_feature_items` (`id`, `title`, `description`) VALUES
(3257, 'Môi giới chứng khoán', 'Đội ngũ môi giới được đào tạo chuẩn quản trị rủi ro và kỷ luật thực thi.'),
(3258, 'Nền tảng giao dịch', 'Hạ tầng tốc độ cao, quản trị tài khoản đa lớp và cảnh báo danh mục theo thời gian thực.'),
(3259, 'Nghiên cứu chuyên sâu', 'Báo cáo chiến lược, ngành và doanh nghiệp với góc nhìn định lượng.'),
(3260, 'Môi giới chứng khoán', 'Đối tác quản lý tài sản theo đuổi sự tăng trưởng đồng hành cùng khách hàng. Tư vấn đầu tư bởi các chuyên gia tài chính và dịch vụ giao dịch thông qua Nền tảng Kỹ thuật số Sáng tạo.'),
(3261, 'Ngân hàng đầu tư', 'Cung cấp giải pháp tài chính tối ưu cho khách hàng doanh nghiệp. Tận dụng mạng lưới toàn cầu của Tập đoàn Tài chính Shinhan để cung cấp các dịch vụ tư vấn tài chính đa dạng ở thị trường nợ và thị trường vốn nhằm đáp ứng nhu cầu cho khách hàng.'),
(3262, 'Ngân hàng', 'Dịch vụ ngân hàng và hệ sinh thái thanh toán hỗ trợ khách hàng cá nhân, doanh nghiệp.'),
(3263, 'Giải pháp công nghệ', 'Nền tảng công nghệ phục vụ vận hành tài chính và trải nghiệm người dùng nhất quán.'),
(3264, 'Chứng khoán', 'Môi giới, tư vấn đầu tư và dịch vụ ngân hàng đầu tư trong cùng hệ thống One Shinhan.'),
(3265, 'Bảo hiểm', 'Giải pháp bảo hiểm mở rộng trong hệ sinh thái tài chính Shinhan tại Việt Nam.'),
(3266, 'Tài chính', 'Dịch vụ tài chính tiêu dùng và các giải pháp vốn phục vụ nhu cầu đa dạng của khách hàng.'),
(3267, 'Mở tài khoản', 'Quy trình eKYC, xác thực và kích hoạt tài khoản.'),
(3268, 'Hướng dẫn giao dịch', 'Các bước đặt lệnh, chỉnh sửa và hủy lệnh.'),
(3269, 'Biểu phí', 'Bảng phí và điều kiện áp dụng theo nhóm dịch vụ.'),
(3270, 'CCCD gắn chip', 'Giấy tờ tùy thân còn hiệu lực để xác thực thông tin.'),
(3271, 'Thiết bị có camera', 'Điện thoại hoặc máy tính để chụp ảnh và nhận diện khuôn mặt.'),
(3272, 'Ứng dụng San Xin Ha', 'Tải ứng dụng để hoàn tất quy trình mở tài khoản.'),
(3273, 'Đăng nhập và bảo mật', 'Cách dùng mật khẩu giao dịch, OTP và iOTP an toàn.'),
(3274, 'Nộp và rút tiền', 'Lưu ý về tiểu khoản, nội dung chuyển tiền và thời gian xử lý.'),
(3275, 'Quản lý tài khoản', 'Cập nhật thông tin cá nhân, tài khoản ngân hàng và danh mục quan tâm.'),
(3276, 'Danh mục ký quỹ', 'Danh mục và tỷ lệ cho vay thay đổi theo từng thời điểm.'),
(3277, 'Nghỉ lễ và lịch vận hành', 'Các cập nhật về ngày nghỉ, thời gian xử lý và hỗ trợ.'),
(3278, 'Thông báo hệ thống', 'Bảo trì, nâng cấp hoặc thay đổi tính năng trên nền tảng.'),
(3279, 'Tài khoản giao dịch', 'Khách hàng cần có tài khoản giao dịch tại SSV.'),
(3280, 'Hợp đồng ký quỹ', 'Hoàn tất hợp đồng mở tài khoản giao dịch ký quỹ theo quy trình công bố.'),
(3281, 'Danh mục và lãi suất', 'Danh mục được phép và lãi suất được cập nhật định kỳ.'),
(3282, 'Môi giới chứng khoán', 'Giao dịch trực tuyến, tư vấn đầu tư và dịch vụ tài chính cho nhà đầu tư cá nhân.'),
(3283, 'Ngân hàng đầu tư', 'Giải pháp thị trường vốn và thị trường nợ cho khách hàng doanh nghiệp.'),
(3284, 'Thông báo hệ thống', 'Các thay đổi về giao dịch, chính sách hoặc nền tảng cần theo dõi kịp thời.'),
(3285, 'Ưu đãi khách hàng', 'Các chương trình mới giúp tối ưu chi phí và trải nghiệm giao dịch.'),
(3286, 'Diễn biến thị trường', 'Những điểm nhấn tác động tới danh mục và chiến lược ngắn hạn.'),
(3287, 'Workshop sản phẩm', 'Giới thiệu và ứng dụng các sản phẩm mới vào danh mục thực tế.'),
(3288, 'Briefing thị trường', 'Cập nhật kịch bản vận động thị trường theo chu kỳ ngắn và trung hạn.'),
(3289, 'Cộng đồng đầu tư', 'Hoạt động kết nối giữa chuyên gia và nhà đầu tư cá nhân.'),
(3290, 'Securities brokerage', 'Brokerage support with disciplined execution and risk governance.'),
(3291, 'Trading platform', 'High-performance platform with multi-layer account controls and real-time alerts.'),
(3292, 'Institutional-grade research', 'Strategy, sector and company coverage with a quantitative perspective.'),
(3293, 'Brokerage', 'An asset management partner pursuing growth with clients through professional advisory and digital trading services.'),
(3294, 'Investment banking', 'Optimal financial solutions for corporate clients through debt and capital market advisory backed by Shinhan’s global network.'),
(3295, 'Banking', 'Banking services and payment ecosystem for individuals and businesses.'),
(3296, 'Technology solutions', 'Technology-enabled financial operations and consistent user experience.'),
(3297, 'Securities', 'Integrated brokerage, advisory, and investment banking capabilities.'),
(3298, 'Insurance', 'Insurance offerings delivered within Shinhan’s Vietnam financial ecosystem.'),
(3299, 'Finance', 'Consumer finance and funding solutions for diversified customer needs.'),
(3300, 'Open account', 'eKYC onboarding and account activation flow.'),
(3301, 'Trading guide', 'How to place, modify and cancel orders.'),
(3302, 'Fees', 'Service fee schedules and applied conditions.'),
(3303, 'Valid chip ID card', 'A valid identity document for verification.'),
(3304, 'Camera-enabled device', 'Phone or computer for photos and facial recognition.'),
(3305, 'San Xin Ha app', 'Install the app to complete the account opening flow.'),
(3306, 'Login and security', 'How to use trading passwords, OTP, and iOTP safely.'),
(3307, 'Deposits and withdrawals', 'Notes on sub-accounts, transfer content, and processing times.'),
(3308, 'Account management', 'Update your profile, settlement bank account, and watchlists.'),
(3309, 'Margin lists', 'Eligible securities and lending ratios change over time.'),
(3310, 'Holiday schedules', 'Updated processing times and support availability.'),
(3311, 'System notices', 'Maintenance, upgrades, or platform feature changes.'),
(3312, 'Trading account', 'Customers must already have an SSV trading account.'),
(3313, 'Margin agreement', 'Complete the margin account agreement under the published process.'),
(3314, 'Eligibility and rates', 'Eligible list and interest rates are updated periodically.'),
(3315, 'Securities brokerage', 'Online trading, advisory, and financing services for retail investors.'),
(3316, 'Investment banking', 'Equity and debt capital market solutions for corporate clients.'),
(3317, 'System notices', 'Track platform, product and policy changes before they affect execution.'),
(3318, 'Investor programs', 'Promotions and campaigns that improve transaction economics and engagement.'),
(3319, 'Market updates', 'Highlights that may influence positions and short-term strategies.'),
(3320, 'Product workshops', 'Practical walkthroughs of new products and portfolio use cases.'),
(3321, 'Market briefings', 'Scenario-based market updates for tactical and medium-term positioning.'),
(3322, 'Investor community', 'Events connecting experts and individual investors.');

-- --------------------------------------------------------

--
-- Table structure for table `components_shared_feature_items_components`
--

CREATE TABLE `components_shared_feature_items_components` (
  `id` int(10) UNSIGNED NOT NULL,
  `entity_id` int(10) UNSIGNED DEFAULT NULL,
  `component_id` int(10) UNSIGNED DEFAULT NULL,
  `component_type` varchar(255) DEFAULT NULL,
  `field` varchar(255) DEFAULT NULL,
  `order` double UNSIGNED DEFAULT NULL
) ENGINE=InnoDB DEFAULT CHARSET=utf8mb4 COLLATE=utf8mb4_unicode_ci;

--
-- Dumping data for table `components_shared_feature_items_components`
--

INSERT INTO `components_shared_feature_items_components` (`id`, `entity_id`, `component_id`, `component_type`, `field`, `order`) VALUES
(1277, 3257, 3953, 'shared.link-item', 'link', NULL),
(1278, 3258, 3954, 'shared.link-item', 'link', NULL),
(1279, 3259, 3955, 'shared.link-item', 'link', NULL),
(1280, 3260, 3956, 'shared.link-item', 'link', NULL),
(1281, 3261, 3957, 'shared.link-item', 'link', NULL),
(1282, 3262, 3958, 'shared.link-item', 'link', NULL),
(1283, 3263, 3959, 'shared.link-item', 'link', NULL),
(1284, 3264, 3960, 'shared.link-item', 'link', NULL),
(1285, 3265, 3961, 'shared.link-item', 'link', NULL),
(1286, 3266, 3962, 'shared.link-item', 'link', NULL),
(1287, 3282, 3963, 'shared.link-item', 'link', NULL),
(1288, 3283, 3964, 'shared.link-item', 'link', NULL),
(1289, 3290, 3990, 'shared.link-item', 'link', NULL),
(1290, 3291, 3991, 'shared.link-item', 'link', NULL),
(1291, 3292, 3992, 'shared.link-item', 'link', NULL),
(1292, 3293, 3993, 'shared.link-item', 'link', NULL),
(1293, 3294, 3994, 'shared.link-item', 'link', NULL),
(1294, 3295, 3995, 'shared.link-item', 'link', NULL),
(1295, 3296, 3996, 'shared.link-item', 'link', NULL),
(1296, 3297, 3997, 'shared.link-item', 'link', NULL),
(1297, 3298, 3998, 'shared.link-item', 'link', NULL),
(1298, 3299, 3999, 'shared.link-item', 'link', NULL),
(1299, 3315, 4000, 'shared.link-item', 'link', NULL),
(1300, 3316, 4001, 'shared.link-item', 'link', NULL);

-- --------------------------------------------------------

--
-- Table structure for table `components_shared_home_ai_cards`
--

CREATE TABLE `components_shared_home_ai_cards` (
  `id` int(10) UNSIGNED NOT NULL,
  `title` varchar(255) DEFAULT NULL,
  `description` longtext DEFAULT NULL,
  `value` varchar(255) DEFAULT NULL
) ENGINE=InnoDB DEFAULT CHARSET=utf8mb4 COLLATE=utf8mb4_unicode_ci;

--
-- Dumping data for table `components_shared_home_ai_cards`
--

INSERT INTO `components_shared_home_ai_cards` (`id`, `title`, `description`, `value`) VALUES
(262, 'Bộ tín hiệu AI', 'Mô hình nhận diện xung lực thị trường và cảnh báo biến động theo thời gian thực.', '24/7 Monitoring'),
(263, 'Luồng dữ liệu thời gian thực', 'Dòng dữ liệu giá và thanh khoản liên tục để hỗ trợ chiến lược giao dịch linh hoạt.', '< 1s Refresh'),
(264, 'Lớp quản trị rủi ro thông minh', 'Lớp kiểm soát rủi ro thông minh giúp cân bằng giữa hiệu suất và mức chịu đựng rủi ro.', 'Adaptive Guard'),
(265, 'AI Signal Engine', 'Model-driven market momentum detection and realtime movement alerts.', '24/7 Monitoring'),
(266, 'Realtime Data Stream', 'Continuous price and liquidity feed to support agile trading strategies.', '< 1s Refresh'),
(267, 'Smart Risk Layer', 'Adaptive risk control layer balancing performance and portfolio resilience.', 'Adaptive Guard');

-- --------------------------------------------------------

--
-- Table structure for table `components_shared_home_highlight_items`
--

CREATE TABLE `components_shared_home_highlight_items` (
  `id` int(10) UNSIGNED NOT NULL,
  `title` varchar(255) DEFAULT NULL,
  `description` longtext DEFAULT NULL,
  `accent_color` varchar(255) DEFAULT NULL,
  `accent_background_color` varchar(255) DEFAULT NULL,
  `accent_border_color` varchar(255) DEFAULT NULL
) ENGINE=InnoDB DEFAULT CHARSET=utf8mb4 COLLATE=utf8mb4_unicode_ci;

--
-- Dumping data for table `components_shared_home_highlight_items`
--

INSERT INTO `components_shared_home_highlight_items` (`id`, `title`, `description`, `accent_color`, `accent_background_color`, `accent_border_color`) VALUES
(139, 'Kết nối đồng bộ', 'Ngân hàng, chứng khoán, bảo hiểm', '#0f4ea1', '#f3f8ff', '#cfe0f4'),
(140, 'Trải nghiệm realtime', 'Luồng dữ liệu và giao dịch liên tục', '#0f9c5d', '#effaf4', '#cdeedc'),
(141, 'Hỗ trợ hành trình', 'Từ khám phá đến giao dịch', '#d2942f', '#fff8ed', '#f0dcc0'),
(142, 'Unified access', 'Banking, securities, and insurance', '#0f4ea1', '#f3f8ff', '#cfe0f4'),
(143, 'Realtime experience', 'Live data and uninterrupted execution', '#0f9c5d', '#effaf4', '#cdeedc'),
(144, 'Journey support', 'From discovery to execution', '#d2942f', '#fff8ed', '#f0dcc0');

-- --------------------------------------------------------

--
-- Table structure for table `components_shared_home_partner_items`
--

CREATE TABLE `components_shared_home_partner_items` (
  `id` int(10) UNSIGNED NOT NULL,
  `name` varchar(255) DEFAULT NULL,
  `short_desc` longtext DEFAULT NULL,
  `href` varchar(255) DEFAULT NULL,
  `alt` varchar(255) DEFAULT NULL,
  `priority` int(11) DEFAULT NULL,
  `active` tinyint(1) DEFAULT NULL
) ENGINE=InnoDB DEFAULT CHARSET=utf8mb4 COLLATE=utf8mb4_unicode_ci;

--
-- Dumping data for table `components_shared_home_partner_items`
--

INSERT INTO `components_shared_home_partner_items` (`id`, `name`, `short_desc`, `href`, `alt`, `priority`, `active`) VALUES
(436, 'Ngân hàng Shinhan', 'Ngân hàng & thanh toán', 'https://shinhan.com.vn', 'Ngân hàng Shinhan', 1, 1),
(437, 'Shinhan DS', 'Công nghệ tài chính', 'https://shinhands.com.vn', 'Shinhan DS', 2, 1),
(438, 'Chứng khoán Shinhan', 'Môi giới và nghiên cứu', '/vi/about', 'Chứng khoán Shinhan', 3, 1),
(439, 'Shinhan Life', 'Bảo hiểm', 'https://shinhanlifevn.com.vn', 'Shinhan Life', 4, 1),
(440, 'Shinhan Finance', 'Tài chính tiêu dùng', 'https://www.shinhanfinance.com.vn', 'Shinhan Finance', 5, 1),
(441, 'Shinhan Bank', 'Banking and payments', 'https://shinhan.com.vn', 'Shinhan Bank', 1, 1),
(442, 'Shinhan DS', 'Technology solutions', 'https://shinhands.com.vn', 'Shinhan DS', 2, 1),
(443, 'Shinhan Securities', 'Brokerage and research', '/en/about', 'Shinhan Securities', 3, 1),
(444, 'Shinhan Life', 'Insurance', 'https://shinhanlifevn.com.vn', 'Shinhan Life', 4, 1),
(445, 'Shinhan Finance', 'Consumer finance', 'https://www.shinhanfinance.com.vn', 'Shinhan Finance', 5, 1);

-- --------------------------------------------------------

--
-- Table structure for table `components_shared_link_items`
--

CREATE TABLE `components_shared_link_items` (
  `id` int(10) UNSIGNED NOT NULL,
  `label` varchar(255) DEFAULT NULL,
  `href` varchar(255) DEFAULT NULL,
  `target` varchar(255) DEFAULT NULL,
  `description` longtext DEFAULT NULL
) ENGINE=InnoDB DEFAULT CHARSET=utf8mb4 COLLATE=utf8mb4_unicode_ci;

--
-- Dumping data for table `components_shared_link_items`
--

INSERT INTO `components_shared_link_items` (`id`, `label`, `href`, `target`, `description`) VALUES
(5, 'Môi giới chứng khoán', '/vi/services/moi-gioi-chung-khoan', '_self', NULL),
(6, 'Giao dịch trực tuyến', '/vi/services/giao-dich-truc-tuyen', '_self', NULL),
(7, 'Tư vấn đầu tư', '/vi/services/tu-van-dau-tu', '_self', NULL),
(14, 'Giới thiệu', '/vi/about', '_self', NULL),
(15, 'Lịch sử phát triển', '/vi/about#milestones', '_self', NULL),
(16, 'Tuyển dụng', '/vi/careers', '_self', NULL),
(18, 'Môi giới', '/vi/services/moi-gioi-chung-khoan', '_self', NULL),
(19, 'Giao dịch trực tuyến', '/vi/services/giao-dich-truc-tuyen', '_self', NULL),
(20, 'Tư vấn', '/vi/services/tu-van-dau-tu', '_self', NULL),
(22, 'Tin tức', '/vi/news', '_self', NULL),
(23, 'Sự kiện', '/vi/events', '_self', NULL),
(24, 'Báo cáo phân tích', '/vi/research', '_self', NULL),
(39, 'Securities Brokerage', '/en/services/securities-brokerage', '_self', NULL),
(40, 'Online Trading', '/en/services/online-trading', '_self', NULL),
(41, 'Investment Advisory', '/en/services/investment-advisory', '_self', NULL),
(48, 'Overview', '/en/about', '_self', NULL),
(49, 'Milestones', '/en/about#milestones', '_self', NULL),
(50, 'Careers', '/en/careers', '_self', NULL),
(52, 'Brokerage', '/en/services/securities-brokerage', '_self', NULL),
(53, 'Online Trading', '/en/services/online-trading', '_self', NULL),
(54, 'Advisory', '/en/services/investment-advisory', '_self', NULL),
(56, 'News', '/en/news', '_self', NULL),
(57, 'Events', '/en/events', '_self', NULL),
(58, 'Research Reports', '/en/research', '_self', NULL),
(3928, 'LinkedIn', 'https://www.linkedin.com', '_blank', NULL),
(3929, 'YouTube', 'https://www.youtube.com', '_blank', NULL),
(3930, 'Facebook', 'https://www.facebook.com', '_blank', NULL),
(3931, 'Về chúng tôi', '/vi/about', '_self', NULL),
(3932, 'Sản phẩm & Dịch vụ', '/vi/services', '_self', NULL),
(3933, 'Trung tâm nghiên cứu', '/vi/research', '_self', NULL),
(3934, 'Tin tức & Sự kiện', '/vi/news', '_self', NULL),
(3935, 'Hỗ trợ khách hàng', '/vi/support', '_self', NULL),
(3936, 'Tuyển dụng', '/vi/careers', '_self', NULL),
(3937, 'Liên hệ', '/vi/contact', '_self', NULL),
(3938, 'Doanh nghiệp', '/vi/about', '_self', NULL),
(3939, 'Dịch vụ', '/vi/services', '_self', NULL),
(3940, 'Nội dung', '/vi/news', '_self', NULL),
(3941, 'Chính sách bảo mật', '/vi/legal/chinh-sach-bao-mat', '_self', NULL),
(3942, 'Điều khoản sử dụng', '/vi/legal/dieu-khoan-su-dung', '_self', NULL),
(3943, 'Miễn trừ trách nhiệm', '/vi/legal/mien-tru-trach-nhiem', '_self', NULL),
(3944, 'Hotline', 'tel:1900 6868', '_self', NULL),
(3945, 'Email', 'mailto:support@fintrust.vn', '_self', NULL),
(3946, 'Live chat', '#', '_self', NULL),
(3947, 'Hướng dẫn mở tài khoản online', '/vi/support/mo-tai-khoan-truc-tuyen.html', '_self', NULL),
(3948, 'Hướng dẫn giao dịch', '/vi/support/huong-dan-giao-dich.html', '_self', NULL),
(3949, 'Hướng dẫn nộp & rút tiền', '/vi/services/moi-gioi-chung-khoan/dich-vu-tai-chinh.html', '_self', NULL),
(3950, 'Danh mục khuyến nghị', '/vi/research', '_self', NULL),
(3951, 'Giao dịch di động', '/vi/services/moi-gioi-chung-khoan/giao-dich-truc-tuyen.html', '_self', NULL),
(3952, 'Giao dịch web', 'https://online.shinhansec.com.vn/', '_blank', NULL),
(3953, 'Xem chi tiết', '/vi/services/moi-gioi-chung-khoan', '_self', NULL),
(3954, 'Khám phá', '/vi/services/giao-dich-truc-tuyen', '_self', NULL),
(3955, 'Xem báo cáo', '/vi/research', '_self', NULL),
(3956, 'Xem dịch vụ', '/vi/services', '_self', NULL),
(3957, 'Liên hệ tư vấn', '/vi/contact', '_self', NULL),
(3958, 'Xem thêm', 'https://shinhan.com.vn', '_self', NULL),
(3959, 'Xem thêm', 'https://shinhands.com.vn', '_self', NULL),
(3960, 'Xem thêm', '/vi/about', '_self', NULL),
(3961, 'Xem thêm', 'https://shinhanlifevn.com.vn', '_self', NULL),
(3962, 'Xem thêm', 'https://www.shinhanfinance.com.vn', '_self', NULL),
(3963, 'Xem chi tiết', '/vi/services/moi-gioi-chung-khoan', '_self', NULL),
(3964, 'Xem chi tiết', '/vi/services/ngan-hang-dau-tu', '_self', NULL),
(3965, 'LinkedIn', 'https://www.linkedin.com', '_blank', NULL),
(3966, 'YouTube', 'https://www.youtube.com', '_blank', NULL),
(3967, 'Facebook', 'https://www.facebook.com', '_blank', NULL),
(3968, 'About', '/en/about', '_self', NULL),
(3969, 'Products & Services', '/en/services', '_self', NULL),
(3970, 'Research Center', '/en/research', '_self', NULL),
(3971, 'News & Events', '/en/news', '_self', NULL),
(3972, 'Customer Support', '/en/support', '_self', NULL),
(3973, 'Careers', '/en/careers', '_self', NULL),
(3974, 'Contact', '/en/contact', '_self', NULL),
(3975, 'Corporate', '/en/about', '_self', NULL),
(3976, 'Services', '/en/services', '_self', NULL),
(3977, 'Insights', '/en/news', '_self', NULL),
(3978, 'Privacy Policy', '/en/legal/privacy-policy', '_self', NULL),
(3979, 'Terms of Use', '/en/legal/terms-of-use', '_self', NULL),
(3980, 'Disclaimer', '/en/legal/disclaimer', '_self', NULL),
(3981, 'Hotline', 'tel:+84 1900 6868', '_self', NULL),
(3982, 'Email', 'mailto:support@fintrust.vn', '_self', NULL),
(3983, 'Live chat', '#', '_self', NULL),
(3984, 'Online account guide', '/en/support/mo-tai-khoan-truc-tuyen.html', '_self', NULL),
(3985, 'Trading guide', '/en/support/huong-dan-giao-dich.html', '_self', NULL),
(3986, 'Deposit & withdraw guide', '/en/services/moi-gioi-chung-khoan/dich-vu-tai-chinh.html', '_self', NULL),
(3987, 'Recommended portfolio', '/en/research', '_self', NULL),
(3988, 'Mobile Trading', '/en/services/moi-gioi-chung-khoan/giao-dich-truc-tuyen.html', '_self', NULL),
(3989, 'Web Trading', 'https://online.shinhansec.com.vn/', '_blank', NULL),
(3990, 'Learn more', '/en/services/moi-gioi-chung-khoan', '_self', NULL),
(3991, 'Explore', '/en/services/moi-gioi-chung-khoan/giao-dich-truc-tuyen.html', '_self', NULL),
(3992, 'View reports', '/en/research', '_self', NULL),
(3993, 'Explore services', '/en/services', '_self', NULL),
(3994, 'Talk to our team', '/en/contact', '_self', NULL),
(3995, 'Learn more', 'https://shinhan.com.vn', '_self', NULL),
(3996, 'Learn more', 'https://shinhands.com.vn', '_self', NULL),
(3997, 'Learn more', '/en/about', '_self', NULL),
(3998, 'Learn more', 'https://shinhanlifevn.com.vn', '_self', NULL),
(3999, 'Learn more', 'https://www.shinhanfinance.com.vn', '_self', NULL),
(4000, 'View details', '/en/services/moi-gioi-chung-khoan', '_self', NULL),
(4001, 'View details', '/en/services/investment-banking', '_self', NULL);

-- --------------------------------------------------------

--
-- Table structure for table `components_shared_link_items_components`
--

CREATE TABLE `components_shared_link_items_components` (
  `id` int(10) UNSIGNED NOT NULL,
  `entity_id` int(10) UNSIGNED DEFAULT NULL,
  `component_id` int(10) UNSIGNED DEFAULT NULL,
  `component_type` varchar(255) DEFAULT NULL,
  `field` varchar(255) DEFAULT NULL,
  `order` double UNSIGNED DEFAULT NULL
) ENGINE=InnoDB DEFAULT CHARSET=utf8mb4 COLLATE=utf8mb4_unicode_ci;

--
-- Dumping data for table `components_shared_link_items_components`
--

INSERT INTO `components_shared_link_items_components` (`id`, `entity_id`, `component_id`, `component_type`, `field`, `order`) VALUES
(1357, 3932, 1333, 'shared.nested-link-item', 'children', 1),
(1358, 3932, 1334, 'shared.nested-link-item', 'children', 2),
(1359, 3932, 1335, 'shared.nested-link-item', 'children', 3),
(1360, 3938, 1336, 'shared.nested-link-item', 'children', 1),
(1361, 3938, 1337, 'shared.nested-link-item', 'children', 2),
(1362, 3938, 1338, 'shared.nested-link-item', 'children', 3),
(1363, 3939, 1339, 'shared.nested-link-item', 'children', 1),
(1364, 3939, 1340, 'shared.nested-link-item', 'children', 2),
(1365, 3939, 1341, 'shared.nested-link-item', 'children', 3),
(1366, 3940, 1342, 'shared.nested-link-item', 'children', 1),
(1367, 3940, 1343, 'shared.nested-link-item', 'children', 2),
(1368, 3940, 1344, 'shared.nested-link-item', 'children', 3),
(1369, 3969, 1345, 'shared.nested-link-item', 'children', 1),
(1370, 3969, 1346, 'shared.nested-link-item', 'children', 2),
(1371, 3969, 1347, 'shared.nested-link-item', 'children', 3),
(1372, 3975, 1348, 'shared.nested-link-item', 'children', 1),
(1373, 3975, 1349, 'shared.nested-link-item', 'children', 2),
(1374, 3975, 1350, 'shared.nested-link-item', 'children', 3),
(1375, 3976, 1351, 'shared.nested-link-item', 'children', 1),
(1376, 3976, 1352, 'shared.nested-link-item', 'children', 2),
(1377, 3976, 1353, 'shared.nested-link-item', 'children', 3),
(1378, 3977, 1354, 'shared.nested-link-item', 'children', 1),
(1379, 3977, 1355, 'shared.nested-link-item', 'children', 2),
(1380, 3977, 1356, 'shared.nested-link-item', 'children', 3);

-- --------------------------------------------------------

--
-- Table structure for table `components_shared_media_asset_references`
--

CREATE TABLE `components_shared_media_asset_references` (
  `id` int(10) UNSIGNED NOT NULL,
  `title` varchar(255) DEFAULT NULL,
  `alt` varchar(255) DEFAULT NULL
) ENGINE=InnoDB DEFAULT CHARSET=utf8mb4 COLLATE=utf8mb4_unicode_ci;

-- --------------------------------------------------------

--
-- Table structure for table `components_shared_nested_link_items`
--

CREATE TABLE `components_shared_nested_link_items` (
  `id` int(10) UNSIGNED NOT NULL,
  `label` varchar(255) DEFAULT NULL,
  `href` varchar(255) DEFAULT NULL,
  `target` varchar(255) DEFAULT NULL,
  `description` longtext DEFAULT NULL
) ENGINE=InnoDB DEFAULT CHARSET=utf8mb4 COLLATE=utf8mb4_unicode_ci;

--
-- Dumping data for table `components_shared_nested_link_items`
--

INSERT INTO `components_shared_nested_link_items` (`id`, `label`, `href`, `target`, `description`) VALUES
(1333, 'Môi giới chứng khoán', '/vi/services/moi-gioi-chung-khoan', '_self', NULL),
(1334, 'Giao dịch trực tuyến', '/vi/services/giao-dich-truc-tuyen', '_self', NULL),
(1335, 'Tư vấn đầu tư', '/vi/services/tu-van-dau-tu', '_self', NULL),
(1336, 'Giới thiệu', '/vi/about', '_self', NULL),
(1337, 'Lịch sử phát triển', '/vi/about#milestones', '_self', NULL),
(1338, 'Tuyển dụng', '/vi/careers', '_self', NULL),
(1339, 'Môi giới', '/vi/services/moi-gioi-chung-khoan', '_self', NULL),
(1340, 'Giao dịch trực tuyến', '/vi/services/giao-dich-truc-tuyen', '_self', NULL),
(1341, 'Tư vấn', '/vi/services/tu-van-dau-tu', '_self', NULL),
(1342, 'Tin tức', '/vi/news', '_self', NULL),
(1343, 'Sự kiện', '/vi/events', '_self', NULL),
(1344, 'Báo cáo phân tích', '/vi/research', '_self', NULL),
(1345, 'Securities Brokerage', '/en/services/moi-gioi-chung-khoan', '_self', NULL),
(1346, 'Online Trading', '/en/services/moi-gioi-chung-khoan/giao-dich-truc-tuyen.html', '_self', NULL),
(1347, 'Investment Advisory', '/en/services/moi-gioi-chung-khoan/tu-van-dau-tu.html', '_self', NULL),
(1348, 'Overview', '/en/about', '_self', NULL),
(1349, 'Milestones', '/en/about#milestones', '_self', NULL),
(1350, 'Careers', '/en/careers', '_self', NULL),
(1351, 'Brokerage', '/en/services/moi-gioi-chung-khoan', '_self', NULL),
(1352, 'Online Trading', '/en/services/moi-gioi-chung-khoan/giao-dich-truc-tuyen.html', '_self', NULL),
(1353, 'Advisory', '/en/services/moi-gioi-chung-khoan/tu-van-dau-tu.html', '_self', NULL),
(1354, 'News', '/en/news', '_self', NULL),
(1355, 'Events', '/en/events', '_self', NULL),
(1356, 'Research Reports', '/en/research', '_self', NULL);

-- --------------------------------------------------------

--
-- Table structure for table `components_shared_seo_metas`
--

CREATE TABLE `components_shared_seo_metas` (
  `id` int(10) UNSIGNED NOT NULL,
  `meta_title` varchar(255) DEFAULT NULL,
  `meta_description` longtext DEFAULT NULL,
  `canonical_url` varchar(255) DEFAULT NULL,
  `meta_robots` varchar(255) DEFAULT NULL,
  `og_title` varchar(255) DEFAULT NULL,
  `og_description` longtext DEFAULT NULL,
  `twitter_card` varchar(255) DEFAULT NULL,
  `keywords` longtext DEFAULT NULL
) ENGINE=InnoDB DEFAULT CHARSET=utf8mb4 COLLATE=utf8mb4_unicode_ci;

--
-- Dumping data for table `components_shared_seo_metas`
--

INSERT INTO `components_shared_seo_metas` (`id`, `meta_title`, `meta_description`, `canonical_url`, `meta_robots`, `og_title`, `og_description`, `twitter_card`, `keywords`) VALUES
(5415, 'Nền tảng dịch vụ chứng khoán | FinTrust Securities', 'Website doanh nghiệp tài chính với trọng tâm minh bạch, kỷ luật quản trị rủi ro và năng lực tư vấn đầu tư chuyên sâu.', NULL, 'index,follow', NULL, NULL, 'summary_large_image', NULL),
(5416, 'Website doanh nghiệp tài chính | FinTrust Securities', 'Website doanh nghiệp tài chính với trọng tâm minh bạch, kỷ luật quản trị rủi ro và năng lực tư vấn đầu tư chuyên sâu.', 'https://fintrust.vn/vi', 'index,follow', NULL, NULL, 'summary_large_image', NULL),
(5417, 'Kết nối cùng FinTrust | FinTrust Securities', 'Đội ngũ tư vấn luôn sẵn sàng hỗ trợ mở tài khoản, dịch vụ đầu tư và giải đáp thủ tục.', NULL, 'index,follow', NULL, NULL, 'summary_large_image', NULL),
(5418, 'Trang chủ | FinTrust Securities', 'Tối ưu quyết định đầu tư bằng dữ liệu, nghiên cứu và nền tảng giao dịch hiệu suất cao.', 'https://fintrust.vn/vi', 'index,follow', NULL, NULL, 'summary_large_image', NULL),
(5419, 'Môi giới chứng khoán | FinTrust Securities', 'Giải pháp môi giới cổ phiếu, trái phiếu và chứng chỉ quỹ với tư vấn theo khẩu vị rủi ro.', NULL, 'index,follow', NULL, NULL, 'summary_large_image', NULL),
(5420, 'Giao dịch trực tuyến | FinTrust Securities', 'Nền tảng giao dịch web/mobile với cảnh báo thông minh và bảo mật nâng cao. FinTrust Securities cung cấp dịch vụ chứng khoán minh bạch, quản trị rủi ro kỷ luật và giải pháp đầu tư p', NULL, 'index,follow', NULL, NULL, 'summary_large_image', NULL),
(5421, 'Tư vấn đầu tư | FinTrust Securities', 'Khuyến nghị đầu tư theo mục tiêu tài chính và chu kỳ thị trường. FinTrust Securities cung cấp dịch vụ chứng khoán minh bạch, quản trị rủi ro kỷ luật và giải pháp đầu tư phù hợp cho', NULL, 'index,follow', NULL, NULL, 'summary_large_image', NULL),
(5422, 'Giải pháp tổ chức | FinTrust Securities', 'Dịch vụ giao dịch và tư vấn chuyên biệt cho khách hàng doanh nghiệp và tổ chức. FinTrust Securities cung cấp dịch vụ chứng khoán minh bạch, quản trị rủi ro kỷ luật và giải pháp đầu', NULL, 'index,follow', NULL, NULL, 'summary_large_image', NULL),
(5423, 'Thị trường quý 2/2026: Thanh khoản cải thiện tại | FinTrust Securities', 'Tin tức cập nhật từ FinTrust Securities. Bản tin tập trung vào diễn biến thị trường, bối cảnh chính sách và thông tin quan trọng cho nhà đầu tư.', NULL, 'index,follow', NULL, NULL, 'summary_large_image', NULL),
(5424, 'Nâng cấp hệ thống giao dịch trực tuyến tháng 4/2 | FinTrust Securities', 'Tin tức cập nhật từ FinTrust Securities. Bản tin tập trung vào diễn biến thị trường, bối cảnh chính sách và thông tin quan trọng cho nhà đầu tư.', NULL, 'index,follow', NULL, NULL, 'summary_large_image', NULL),
(5425, 'Chiến lược phân bổ ngắn hạn trong giai đoạn biến | FinTrust Securities', 'Tin tức cập nhật từ FinTrust Securities. Bản tin tập trung vào diễn biến thị trường, bối cảnh chính sách và thông tin quan trọng cho nhà đầu tư.', NULL, 'index,follow', NULL, NULL, 'summary_large_image', NULL),
(5426, 'Triển vọng ngành ngân hàng 2026: Tăng trưởng chọ | FinTrust Securities', 'Tin tức cập nhật từ FinTrust Securities. Bản tin tập trung vào diễn biến thị trường, bối cảnh chính sách và thông tin quan trọng cho nhà đầu tư.', NULL, 'index,follow', NULL, NULL, 'summary_large_image', NULL),
(5427, 'FinTrust khai trương chi nhánh Đà Nẵng | FinTrust Securities', 'Tin tức cập nhật từ FinTrust Securities. Bản tin tập trung vào diễn biến thị trường, bối cảnh chính sách và thông tin quan trọng cho nhà đầu tư.', NULL, 'index,follow', NULL, NULL, 'summary_large_image', NULL),
(5428, 'Nhận định vĩ mô tháng 4: Lạm phát và tỷ giá | FinTrust Securities', 'Tin tức cập nhật từ FinTrust Securities. Bản tin tập trung vào diễn biến thị trường, bối cảnh chính sách và thông tin quan trọng cho nhà đầu tư.', NULL, 'index,follow', NULL, NULL, 'summary_large_image', NULL),
(5429, 'Hội thảo Chiến lược đầu tư 2026 | FinTrust Securities', 'Lịch sự kiện và hoạt động kết nối đầu tư từ FinTrust. Thông tin bao gồm thời gian, chủ đề, hình thức tổ chức và hướng dẫn đăng ký tham dự.', NULL, 'index,follow', NULL, NULL, 'summary_large_image', NULL),
(5430, 'Workshop Giao dịch an toàn trên nền tảng số | FinTrust Securities', 'Lịch sự kiện và hoạt động kết nối đầu tư từ FinTrust. Thông tin bao gồm thời gian, chủ đề, hình thức tổ chức và hướng dẫn đăng ký tham dự.', NULL, 'index,follow', NULL, NULL, 'summary_large_image', NULL),
(5431, 'Tọa đàm Triển vọng ngành ngân hàng | FinTrust Securities', 'Lịch sự kiện và hoạt động kết nối đầu tư từ FinTrust. Thông tin bao gồm thời gian, chủ đề, hình thức tổ chức và hướng dẫn đăng ký tham dự.', NULL, 'index,follow', NULL, NULL, 'summary_large_image', NULL),
(5432, 'Chiến lược ngày 11/04/2026 | FinTrust Securities', 'Báo cáo phân tích từ trung tâm nghiên cứu FinTrust. Nội dung trình bày kịch bản chiến lược, dữ liệu định lượng và khuyến nghị theo từng điều kiện thị trường.', NULL, 'index,follow', NULL, NULL, 'summary_large_image', NULL),
(5433, 'Chiến lược tuần 15/2026 | FinTrust Securities', 'Báo cáo phân tích từ trung tâm nghiên cứu FinTrust. Nội dung trình bày kịch bản chiến lược, dữ liệu định lượng và khuyến nghị theo từng điều kiện thị trường.', NULL, 'index,follow', NULL, NULL, 'summary_large_image', NULL),
(5434, 'Chiến lược tháng 04/2026 | FinTrust Securities', 'Báo cáo phân tích từ trung tâm nghiên cứu FinTrust. Nội dung trình bày kịch bản chiến lược, dữ liệu định lượng và khuyến nghị theo từng điều kiện thị trường.', NULL, 'index,follow', NULL, NULL, 'summary_large_image', NULL),
(5435, 'Phân tích doanh nghiệp: Ngân hàng A | FinTrust Securities', 'Báo cáo phân tích từ trung tâm nghiên cứu FinTrust. Nội dung trình bày kịch bản chiến lược, dữ liệu định lượng và khuyến nghị theo từng điều kiện thị trường.', NULL, 'index,follow', NULL, NULL, 'summary_large_image', NULL),
(5436, 'Phân tích ngành bán lẻ | FinTrust Securities', 'Báo cáo phân tích từ trung tâm nghiên cứu FinTrust. Nội dung trình bày kịch bản chiến lược, dữ liệu định lượng và khuyến nghị theo từng điều kiện thị trường.', NULL, 'index,follow', NULL, NULL, 'summary_large_image', NULL),
(5437, 'Bình luận thị trường đầu phiên | FinTrust Securities', 'Báo cáo phân tích từ trung tâm nghiên cứu FinTrust. Nội dung trình bày kịch bản chiến lược, dữ liệu định lượng và khuyến nghị theo từng điều kiện thị trường.', NULL, 'index,follow', NULL, NULL, 'summary_large_image', NULL),
(5438, 'Mở tài khoản cần chuẩn bị giấy tờ gì? | FinTrust Securities', 'Tài khoản có thể mở trực tuyến bằng eKYC với CCCD/CMND còn hiệu lực. FinTrust Securities cung cấp dịch vụ chứng khoán minh bạch, quản trị rủi ro kỷ luật và giải pháp đầu tư phù hợp', NULL, 'index,follow', NULL, NULL, 'summary_large_image', NULL),
(5439, 'Làm thế nào để cấp lại mật khẩu giao dịch? | FinTrust Securities', 'Khách hàng có thể đặt lại mật khẩu qua ứng dụng hoặc tổng đài hỗ trợ. FinTrust Securities cung cấp dịch vụ chứng khoán minh bạch, quản trị rủi ro kỷ luật và giải pháp đầu tư phù hợ', NULL, 'index,follow', NULL, NULL, 'summary_large_image', NULL),
(5440, 'Biểu phí giao dịch có thay đổi theo phân khúc kh | FinTrust Securities', 'Biểu phí có thể thay đổi theo giá trị giao dịch và chính sách từng thời kỳ. FinTrust Securities cung cấp dịch vụ chứng khoán minh bạch, quản trị rủi ro kỷ luật và giải pháp đầu tư', NULL, 'index,follow', NULL, NULL, 'summary_large_image', NULL),
(5441, 'FinTrust có hỗ trợ giao dịch ký quỹ không? | FinTrust Securities', 'Có. Danh mục cổ phiếu ký quỹ và tỷ lệ cấp hạn mức được cập nhật định kỳ. FinTrust Securities cung cấp dịch vụ chứng khoán minh bạch, quản trị rủi ro kỷ luật và giải pháp đầu tư phù', NULL, 'index,follow', NULL, NULL, 'summary_large_image', NULL),
(5442, 'Cách cập nhật thông tin cá nhân? | FinTrust Securities', 'Khách hàng có thể cập nhật trực tuyến hoặc tại quầy giao dịch gần nhất. FinTrust Securities cung cấp dịch vụ chứng khoán minh bạch, quản trị rủi ro kỷ luật và giải pháp đầu tư phù', NULL, 'index,follow', NULL, NULL, 'summary_large_image', NULL),
(5443, 'Khung giờ tổng đài hỗ trợ? | FinTrust Securities', 'Tổng đài hoạt động 8:00 - 17:30 từ thứ Hai đến thứ Sáu. FinTrust Securities cung cấp dịch vụ chứng khoán minh bạch, quản trị rủi ro kỷ luật và giải pháp đầu tư phù hợp cho từng mục', NULL, 'index,follow', NULL, NULL, 'summary_large_image', NULL),
(5444, 'Chuyên viên Tư vấn đầu tư | FinTrust Securities', 'Thông tin tuyển dụng tại FinTrust Securities. Vị trí tuyển dụng mô tả rõ trách nhiệm, yêu cầu năng lực, quyền lợi và quy trình ứng tuyển.', NULL, 'index,follow', NULL, NULL, 'summary_large_image', NULL),
(5445, 'Chuyên viên Phân tích ngành | FinTrust Securities', 'Thông tin tuyển dụng tại FinTrust Securities. Vị trí tuyển dụng mô tả rõ trách nhiệm, yêu cầu năng lực, quyền lợi và quy trình ứng tuyển.', NULL, 'index,follow', NULL, NULL, 'summary_large_image', NULL),
(5446, 'Chuyên viên Vận hành hệ thống giao dịch | FinTrust Securities', 'Thông tin tuyển dụng tại FinTrust Securities. Vị trí tuyển dụng mô tả rõ trách nhiệm, yêu cầu năng lực, quyền lợi và quy trình ứng tuyển.', NULL, 'index,follow', NULL, NULL, 'summary_large_image', NULL),
(5447, 'Thông báo lịch nghỉ lễ 30/4 - 1/5 | FinTrust Securities', 'Thông báo chính thức từ FinTrust Securities. Nội dung cung cấp cập nhật vận hành, lịch giao dịch và lưu ý quan trọng dành cho khách hàng.', NULL, 'index,follow', NULL, NULL, 'summary_large_image', NULL),
(5448, 'Thông báo bảo trì hệ thống cuối tuần | FinTrust Securities', 'Thông báo chính thức từ FinTrust Securities. Nội dung cung cấp cập nhật vận hành, lịch giao dịch và lưu ý quan trọng dành cho khách hàng.', NULL, 'index,follow', NULL, NULL, 'summary_large_image', NULL),
(5449, 'Chứng Khoán Shinhan Việt Nam | FinTrust Securities', 'Tổng quan doanh nghiệp, lĩnh vực kinh doanh, lịch sử hình thành, leadership, Shinhan Way và One Shinhan. Nội dung trang được xây dựng theo chuẩn thông tin doanh nghiệp, rõ ràng và', 'https://fintrust.vn/vi/about', 'index,follow', NULL, NULL, 'summary_large_image', NULL),
(5450, 'Hỗ trợ khách hàng | FinTrust Securities', 'Hướng dẫn mở tài khoản, giao dịch và quy trình dịch vụ. Nội dung trang được xây dựng theo chuẩn thông tin doanh nghiệp, rõ ràng và dễ tiếp cận cho người dùng.', 'https://fintrust.vn/vi/support', 'index,follow', NULL, NULL, 'summary_large_image', NULL),
(5451, 'Hướng dẫn mở tài khoản trực tuyến | FinTrust Securities', 'Quy trình mở tài khoản eKYC, danh sách chuẩn bị và hướng dẫn liên hệ khi cần hỗ trợ. Nội dung trang được xây dựng theo chuẩn thông tin doanh nghiệp, rõ ràng và dễ tiếp cận cho ngườ', 'https://fintrust.vn/vi/support/mo-tai-khoan-truc-tuyen.html', 'index,follow', NULL, NULL, 'summary_large_image', NULL),
(5452, 'Hướng dẫn giao dịch | FinTrust Securities', 'Các bước đăng nhập, nộp/rút tiền và quản lý tài khoản giao dịch. Nội dung trang được xây dựng theo chuẩn thông tin doanh nghiệp, rõ ràng và dễ tiếp cận cho người dùng.', 'https://fintrust.vn/vi/support/huong-dan-giao-dich.html', 'index,follow', NULL, NULL, 'summary_large_image', NULL),
(5453, 'Quy định giao dịch | FinTrust Securities', 'Tổng hợp khung giờ, đơn vị giao dịch, bước giá, lô lẻ và nguyên tắc thanh toán. Nội dung trang được xây dựng theo chuẩn thông tin doanh nghiệp, rõ ràng và dễ tiếp cận cho người dùn', 'https://fintrust.vn/vi/support/quy-dinh-giao-dich.html', 'index,follow', NULL, NULL, 'summary_large_image', NULL),
(5454, 'Câu hỏi thường gặp | FinTrust Securities', 'Những câu hỏi phổ biến về mở tài khoản, giao dịch, ký quỹ và chuyển tiền. Nội dung trang được xây dựng theo chuẩn thông tin doanh nghiệp, rõ ràng và dễ tiếp cận cho người dùng.', 'https://fintrust.vn/vi/support/cau-hoi-thuong-gap.html', 'index,follow', NULL, NULL, 'summary_large_image', NULL),
(5455, 'Thông báo | FinTrust Securities', 'Danh sách cập nhật về danh mục ký quỹ, thay đổi quy định, nghỉ lễ và các thông báo quan trọng. Nội dung trang được xây dựng theo chuẩn thông tin doanh nghiệp, rõ ràng và dễ tiếp cậ', 'https://fintrust.vn/vi/support/thong-bao.html', 'index,follow', NULL, NULL, 'summary_large_image', NULL),
(5456, 'Hướng dẫn giao dịch ký quỹ | FinTrust Securities', 'Các bước đăng ký, điều kiện sử dụng và lưu ý khi giao dịch ký quỹ. Nội dung trang được xây dựng theo chuẩn thông tin doanh nghiệp, rõ ràng và dễ tiếp cận cho người dùng.', 'https://fintrust.vn/vi/support/dang-ky-giao-dich-ky-quy.html', 'index,follow', NULL, NULL, 'summary_large_image', NULL),
(5457, 'Sản phẩm & Dịch vụ | FinTrust Securities', 'Danh mục giải pháp cho khách hàng cá nhân, doanh nghiệp và định chế. Nội dung trang được xây dựng theo chuẩn thông tin doanh nghiệp, rõ ràng và dễ tiếp cận cho người dùng.', 'https://fintrust.vn/vi/services', 'index,follow', NULL, NULL, 'summary_large_image', NULL),
(5458, 'Tin tức | FinTrust Securities', 'Dòng tin thị trường, vận hành và hoạt động doanh nghiệp. Nội dung trang được xây dựng theo chuẩn thông tin doanh nghiệp, rõ ràng và dễ tiếp cận cho người dùng.', 'https://fintrust.vn/vi/news', 'index,follow', NULL, NULL, 'summary_large_image', NULL),
(5459, 'Sự kiện | FinTrust Securities', 'Workshop, webinar và cập nhật chiến lược cho cộng đồng đầu tư. Nội dung trang được xây dựng theo chuẩn thông tin doanh nghiệp, rõ ràng và dễ tiếp cận cho người dùng.', 'https://fintrust.vn/vi/events', 'index,follow', NULL, NULL, 'summary_large_image', NULL),
(5460, 'Chính sách bảo mật | FinTrust Securities', 'Cam kết bảo mật dữ liệu khách hàng. Nội dung trang được xây dựng theo chuẩn thông tin doanh nghiệp, rõ ràng và dễ tiếp cận cho người dùng.', 'https://fintrust.vn/vi/legal/chinh-sach-bao-mat', 'index,follow', NULL, NULL, 'summary_large_image', NULL),
(5461, 'Điều khoản sử dụng | FinTrust Securities', 'Điều khoản và điều kiện sử dụng website. Nội dung trang được xây dựng theo chuẩn thông tin doanh nghiệp, rõ ràng và dễ tiếp cận cho người dùng.', 'https://fintrust.vn/vi/legal/dieu-khoan-su-dung', 'index,follow', NULL, NULL, 'summary_large_image', NULL),
(5462, 'Miễn trừ trách nhiệm | FinTrust Securities', 'Thông tin pháp lý liên quan đến nội dung công bố. Nội dung trang được xây dựng theo chuẩn thông tin doanh nghiệp, rõ ràng và dễ tiếp cận cho người dùng.', 'https://fintrust.vn/vi/legal/mien-tru-trach-nhiem', 'index,follow', NULL, NULL, 'summary_large_image', NULL),
(5463, 'Tuyển dụng | FinTrust Securities', 'Cơ hội nghề nghiệp trong lĩnh vực chứng khoán, tư vấn, vận hành và công nghệ. Nội dung trang được xây dựng theo chuẩn thông tin doanh nghiệp, rõ ràng và dễ tiếp cận cho người dùng.', 'https://fintrust.vn/vi/careers', 'index,follow', NULL, NULL, 'summary_large_image', NULL),
(5464, 'Trung tâm phân tích | FinTrust Securities', 'Khuyến nghị cổ phiếu, báo cáo định kỳ, báo cáo vĩ mô và đội ngũ phân tích viên. Nội dung trang được xây dựng theo chuẩn thông tin doanh nghiệp, rõ ràng và dễ tiếp cận cho người dùn', 'https://fintrust.vn/vi/research', 'index,follow', NULL, NULL, 'summary_large_image', NULL),
(5465, 'Câu hỏi thường gặp | FinTrust Securities', 'Tổng hợp câu hỏi thường gặp về tài khoản, giao dịch, nộp rút tiền và dịch vụ hỗ trợ khách hàng. Nội dung trang được xây dựng theo chuẩn thông tin doanh nghiệp, rõ ràng và dễ tiếp c', 'https://fintrust.vn/vi/faq', 'index,follow', NULL, NULL, 'summary_large_image', NULL),
(5466, 'Liên hệ | FinTrust Securities', 'Kết nối với bộ phận tư vấn, vận hành và mạng lưới văn phòng giao dịch. Nội dung trang được xây dựng theo chuẩn thông tin doanh nghiệp, rõ ràng và dễ tiếp cận cho người dùng.', 'https://fintrust.vn/vi/contact', 'index,follow', NULL, NULL, 'summary_large_image', NULL),
(5467, 'Securities service platform | FinTrust Securities', 'Corporate fintech website focused on transparency, risk governance discipline, and professional investment advisory.', NULL, 'index,follow', NULL, NULL, 'summary_large_image', NULL),
(5468, 'Corporate fintech website | FinTrust Securities', 'Corporate fintech website focused on transparency, risk governance discipline, and professional investment advisory.', 'https://fintrust.vn/en', 'index,follow', NULL, NULL, 'summary_large_image', NULL),
(5469, 'Connect with FinTrust | FinTrust Securities', 'Our advisory team is ready to support account opening, investment services, and operations.', NULL, 'index,follow', NULL, NULL, 'summary_large_image', NULL),
(5470, 'Home | FinTrust Securities', 'Make better investment decisions with trusted data, research, and high-performance trading systems.', 'https://fintrust.vn/en', 'index,follow', NULL, NULL, 'summary_large_image', NULL),
(5471, 'Securities Brokerage | FinTrust Securities', 'Brokerage execution for equities, bonds, and funds with risk-profile guidance. FinTrust Securities delivers transparent brokerage services, disciplined risk governance, and investm', NULL, 'index,follow', NULL, NULL, 'summary_large_image', NULL),
(5472, 'Online Trading | FinTrust Securities', 'Web and mobile trading platform with smart alerts and robust security. FinTrust Securities delivers transparent brokerage services, disciplined risk governance, and investment solu', NULL, 'index,follow', NULL, NULL, 'summary_large_image', NULL),
(5473, 'Investment Advisory | FinTrust Securities', 'Advisory service aligned with financial goals and market cycles. FinTrust Securities delivers transparent brokerage services, disciplined risk governance, and investment solutions', NULL, 'index,follow', NULL, NULL, 'summary_large_image', NULL),
(5474, 'Institutional Solutions | FinTrust Securities', 'Execution and advisory solutions for corporate and institutional clients. FinTrust Securities delivers transparent brokerage services, disciplined risk governance, and investment s', NULL, 'index,follow', NULL, NULL, 'summary_large_image', NULL),
(5475, 'Q2 2026 Market Pulse: Liquidity improves in larg | FinTrust Securities', 'Latest update from FinTrust Securities. News coverage focuses on market movements, policy context, and investor-relevant corporate updates.', NULL, 'index,follow', NULL, NULL, 'summary_large_image', NULL),
(5476, 'April 2026 online trading platform upgrade notic | FinTrust Securities', 'Latest update from FinTrust Securities. News coverage focuses on market movements, policy context, and investor-relevant corporate updates.', NULL, 'index,follow', NULL, NULL, 'summary_large_image', NULL),
(5477, 'Short-term allocation playbook under volatile co | FinTrust Securities', 'Latest update from FinTrust Securities. News coverage focuses on market movements, policy context, and investor-relevant corporate updates.', NULL, 'index,follow', NULL, NULL, 'summary_large_image', NULL),
(5478, '2026 banking sector outlook: selective growth se | FinTrust Securities', 'Latest update from FinTrust Securities. News coverage focuses on market movements, policy context, and investor-relevant corporate updates.', NULL, 'index,follow', NULL, NULL, 'summary_large_image', NULL),
(5479, 'FinTrust opens Da Nang branch office | FinTrust Securities', 'Latest update from FinTrust Securities. News coverage focuses on market movements, policy context, and investor-relevant corporate updates.', NULL, 'index,follow', NULL, NULL, 'summary_large_image', NULL),
(5480, 'April macro briefing: inflation and FX dynamics | FinTrust Securities', 'Latest update from FinTrust Securities. News coverage focuses on market movements, policy context, and investor-relevant corporate updates.', NULL, 'index,follow', NULL, NULL, 'summary_large_image', NULL),
(5481, '2026 Investment Strategy Forum | FinTrust Securities', 'Event schedule and investor engagement updates from FinTrust. Details include timing, topic highlights, event format, and registration guidance for participants.', NULL, 'index,follow', NULL, NULL, 'summary_large_image', NULL),
(5482, 'Digital Trading Safety Workshop | FinTrust Securities', 'Event schedule and investor engagement updates from FinTrust. Details include timing, topic highlights, event format, and registration guidance for participants.', NULL, 'index,follow', NULL, NULL, 'summary_large_image', NULL),
(5483, 'Banking Sector Outlook Dialogue | FinTrust Securities', 'Event schedule and investor engagement updates from FinTrust. Details include timing, topic highlights, event format, and registration guidance for participants.', NULL, 'index,follow', NULL, NULL, 'summary_large_image', NULL),
(5484, 'Daily Strategy - April 11, 2026 | FinTrust Securities', 'Research publication from FinTrust Research Center. Coverage includes strategy scenarios, quantitative datapoints, and recommendations across market conditions.', NULL, 'index,follow', NULL, NULL, 'summary_large_image', NULL),
(5485, 'Week 15 Strategy Note | FinTrust Securities', 'Research publication from FinTrust Research Center. Coverage includes strategy scenarios, quantitative datapoints, and recommendations across market conditions.', NULL, 'index,follow', NULL, NULL, 'summary_large_image', NULL),
(5486, 'April 2026 Monthly Strategy | FinTrust Securities', 'Research publication from FinTrust Research Center. Coverage includes strategy scenarios, quantitative datapoints, and recommendations across market conditions.', NULL, 'index,follow', NULL, NULL, 'summary_large_image', NULL),
(5487, 'Company Coverage: Bank A | FinTrust Securities', 'Research publication from FinTrust Research Center. Coverage includes strategy scenarios, quantitative datapoints, and recommendations across market conditions.', NULL, 'index,follow', NULL, NULL, 'summary_large_image', NULL),
(5488, 'Sector Coverage: Retail | FinTrust Securities', 'Research publication from FinTrust Research Center. Coverage includes strategy scenarios, quantitative datapoints, and recommendations across market conditions.', NULL, 'index,follow', NULL, NULL, 'summary_large_image', NULL),
(5489, 'Opening Bell Market Commentary | FinTrust Securities', 'Research publication from FinTrust Research Center. Coverage includes strategy scenarios, quantitative datapoints, and recommendations across market conditions.', NULL, 'index,follow', NULL, NULL, 'summary_large_image', NULL),
(5490, 'What documents are required for account opening? | FinTrust Securities', 'Accounts can be opened online via eKYC with valid ID documents. FinTrust Securities delivers transparent brokerage services, disciplined risk governance, and investment solutions t', NULL, 'index,follow', NULL, NULL, 'summary_large_image', NULL),
(5491, 'How do I reset my trading password? | FinTrust Securities', 'Password reset is available via mobile app or customer hotline. FinTrust Securities delivers transparent brokerage services, disciplined risk governance, and investment solutions t', NULL, 'index,follow', NULL, NULL, 'summary_large_image', NULL),
(5492, 'Do service fees vary by client segment? | FinTrust Securities', 'Fee policy may vary based on transaction value and service package. FinTrust Securities delivers transparent brokerage services, disciplined risk governance, and investment solutio', NULL, 'index,follow', NULL, NULL, 'summary_large_image', NULL),
(5493, 'Does FinTrust provide margin support? | FinTrust Securities', 'Yes. Margin-eligible list and limits are updated periodically. FinTrust Securities delivers transparent brokerage services, disciplined risk governance, and investment solutions ta', NULL, 'index,follow', NULL, NULL, 'summary_large_image', NULL),
(5494, 'How can I update personal information? | FinTrust Securities', 'You can update online or at the nearest branch office. FinTrust Securities delivers transparent brokerage services, disciplined risk governance, and investment solutions tailored t', NULL, 'index,follow', NULL, NULL, 'summary_large_image', NULL),
(5495, 'What are customer hotline operating hours? | FinTrust Securities', 'Hotline runs from 8:00 to 17:30, Monday to Friday. FinTrust Securities delivers transparent brokerage services, disciplined risk governance, and investment solutions tailored to ea', NULL, 'index,follow', NULL, NULL, 'summary_large_image', NULL),
(5496, 'Investment Advisory Specialist | FinTrust Securities', 'Career opportunity at FinTrust Securities. Each role outlines responsibilities, qualifications, benefits, and the application process.', NULL, 'index,follow', NULL, NULL, 'summary_large_image', NULL),
(5497, 'Sector Research Analyst | FinTrust Securities', 'Career opportunity at FinTrust Securities. Each role outlines responsibilities, qualifications, benefits, and the application process.', NULL, 'index,follow', NULL, NULL, 'summary_large_image', NULL),
(5498, 'Trading Platform Operations Specialist | FinTrust Securities', 'Career opportunity at FinTrust Securities. Each role outlines responsibilities, qualifications, benefits, and the application process.', NULL, 'index,follow', NULL, NULL, 'summary_large_image', NULL),
(5499, 'Holiday notice for April 30 - May 1 | FinTrust Securities', 'Official announcement from FinTrust Securities. Updates include operational notices, trading calendar changes, and important client instructions.', NULL, 'index,follow', NULL, NULL, 'summary_large_image', NULL),
(5500, 'Weekend system maintenance notice | FinTrust Securities', 'Official announcement from FinTrust Securities. Updates include operational notices, trading calendar changes, and important client instructions.', NULL, 'index,follow', NULL, NULL, 'summary_large_image', NULL),
(5501, 'Shinhan Securities Vietnam | FinTrust Securities', 'Company overview, business lines, milestones, leadership, Shinhan Way, and One Shinhan. Page content follows enterprise communication standards for clarity, consistency, and access', 'https://fintrust.vn/en/about', 'index,follow', NULL, NULL, 'summary_large_image', NULL),
(5502, 'Customer Support | FinTrust Securities', 'Guides for onboarding, trading and service procedures. Page content follows enterprise communication standards for clarity, consistency, and accessibility.', 'https://fintrust.vn/en/support', 'index,follow', NULL, NULL, 'summary_large_image', NULL),
(5503, 'Online account opening guide | FinTrust Securities', 'eKYC onboarding, required documents, and support contacts. Page content follows enterprise communication standards for clarity, consistency, and accessibility.', 'https://fintrust.vn/en/support/mo-tai-khoan-truc-tuyen.html', 'index,follow', NULL, NULL, 'summary_large_image', NULL),
(5504, 'Trading guide | FinTrust Securities', 'Login, profile updates, funding, and account management steps. Page content follows enterprise communication standards for clarity, consistency, and accessibility.', 'https://fintrust.vn/en/support/huong-dan-giao-dich.html', 'index,follow', NULL, NULL, 'summary_large_image', NULL),
(5505, 'Trading regulations | FinTrust Securities', 'Trading hours, lot sizes, tick sizes, odd-lot rules, and settlement basics. Page content follows enterprise communication standards for clarity, consistency, and accessibility.', 'https://fintrust.vn/en/support/quy-dinh-giao-dich.html', 'index,follow', NULL, NULL, 'summary_large_image', NULL),
(5506, 'Frequently asked questions | FinTrust Securities', 'Common questions about onboarding, trading, margin, and fund transfers. Page content follows enterprise communication standards for clarity, consistency, and accessibility.', 'https://fintrust.vn/en/support/cau-hoi-thuong-gap.html', 'index,follow', NULL, NULL, 'summary_large_image', NULL),
(5507, 'Notices | FinTrust Securities', 'Updates on margin lists, rule changes, holidays, and important notices. Page content follows enterprise communication standards for clarity, consistency, and accessibility.', 'https://fintrust.vn/en/support/thong-bao.html', 'index,follow', NULL, NULL, 'summary_large_image', NULL),
(5508, 'Margin trading guide | FinTrust Securities', 'Registration flow, usage conditions, and key margin trading notes. Page content follows enterprise communication standards for clarity, consistency, and accessibility.', 'https://fintrust.vn/en/support/dang-ky-giao-dich-ky-quy.html', 'index,follow', NULL, NULL, 'summary_large_image', NULL),
(5509, 'Products & Services | FinTrust Securities', 'Service portfolio for retail, corporate and institutional clients. Page content follows enterprise communication standards for clarity, consistency, and accessibility.', 'https://fintrust.vn/en/services', 'index,follow', NULL, NULL, 'summary_large_image', NULL),
(5510, 'News | FinTrust Securities', 'Market news, operational updates and corporate activities. Page content follows enterprise communication standards for clarity, consistency, and accessibility.', 'https://fintrust.vn/en/news', 'index,follow', NULL, NULL, 'summary_large_image', NULL),
(5511, 'Events | FinTrust Securities', 'Workshops, webinars and strategy updates for investors. Page content follows enterprise communication standards for clarity, consistency, and accessibility.', 'https://fintrust.vn/en/events', 'index,follow', NULL, NULL, 'summary_large_image', NULL),
(5512, 'Privacy Policy | FinTrust Securities', 'Our commitment to personal data protection. Page content follows enterprise communication standards for clarity, consistency, and accessibility.', 'https://fintrust.vn/en/legal/privacy-policy', 'index,follow', NULL, NULL, 'summary_large_image', NULL),
(5513, 'Terms of Use | FinTrust Securities', 'Terms and conditions for website usage. Page content follows enterprise communication standards for clarity, consistency, and accessibility.', 'https://fintrust.vn/en/legal/terms-of-use', 'index,follow', NULL, NULL, 'summary_large_image', NULL),
(5514, 'Disclaimer | FinTrust Securities', 'Legal notice regarding published content. Page content follows enterprise communication standards for clarity, consistency, and accessibility.', 'https://fintrust.vn/en/legal/disclaimer', 'index,follow', NULL, NULL, 'summary_large_image', NULL),
(5515, 'Careers | FinTrust Securities', 'Career opportunities in securities, advisory, operations, and technology. Page content follows enterprise communication standards for clarity, consistency, and accessibility.', 'https://fintrust.vn/en/careers', 'index,follow', NULL, NULL, 'summary_large_image', NULL),
(5516, 'Research Center | FinTrust Securities', 'Stock recommendations, periodic reports, macro reports, and analysts. Page content follows enterprise communication standards for clarity, consistency, and accessibility.', 'https://fintrust.vn/en/research', 'index,follow', NULL, NULL, 'summary_large_image', NULL),
(5517, 'Frequently Asked Questions | FinTrust Securities', 'Common questions about onboarding, trading, fund transfers, and customer support. Page content follows enterprise communication standards for clarity, consistency, and accessibilit', 'https://fintrust.vn/en/faq', 'index,follow', NULL, NULL, 'summary_large_image', NULL),
(5518, 'Contact | FinTrust Securities', 'Connect with advisory, operations and office network touchpoints. Page content follows enterprise communication standards for clarity, consistency, and accessibility.', 'https://fintrust.vn/en/contact', 'index,follow', NULL, NULL, 'summary_large_image', NULL);

-- --------------------------------------------------------

--
-- Table structure for table `components_shared_stat_items`
--

CREATE TABLE `components_shared_stat_items` (
  `id` int(10) UNSIGNED NOT NULL,
  `label` varchar(255) DEFAULT NULL,
  `value` varchar(255) DEFAULT NULL,
  `note` varchar(255) DEFAULT NULL
) ENGINE=InnoDB DEFAULT CHARSET=utf8mb4 COLLATE=utf8mb4_unicode_ci;

--
-- Dumping data for table `components_shared_stat_items`
--

INSERT INTO `components_shared_stat_items` (`id`, `label`, `value`, `note`) VALUES
(441, 'Khách hàng hoạt động', '85,000+', NULL),
(442, 'Chi nhánh & văn phòng', '12', NULL),
(443, 'Báo cáo/năm', '1,200+', NULL),
(444, 'Tỷ lệ uptime hệ thống', '99.95%', NULL),
(445, 'Active clients', '85,000+', NULL),
(446, 'Branches & offices', '12', NULL),
(447, 'Reports per year', '1,200+', NULL),
(448, 'System uptime', '99.95%', NULL);

-- --------------------------------------------------------

--
-- Table structure for table `components_shared_table_rows`
--

CREATE TABLE `components_shared_table_rows` (
  `id` int(10) UNSIGNED NOT NULL,
  `col_1` varchar(255) DEFAULT NULL,
  `col_2` varchar(255) DEFAULT NULL,
  `col_3` varchar(255) DEFAULT NULL,
  `col_4` varchar(255) DEFAULT NULL
) ENGINE=InnoDB DEFAULT CHARSET=utf8mb4 COLLATE=utf8mb4_unicode_ci;

--
-- Dumping data for table `components_shared_table_rows`
--

INSERT INTO `components_shared_table_rows` (`id`, `col_1`, `col_2`, `col_3`, `col_4`) VALUES
(497, 'Hotline', '08:00 - 17:30 (Thứ 2 - Thứ 6)', NULL, NULL),
(498, 'Email', 'Phản hồi trong 4 giờ làm việc', NULL, NULL),
(499, 'Giờ giao dịch', 'Làm việc từ Thứ Hai đến Thứ Sáu, trừ ngày lễ', NULL, NULL),
(500, 'Đơn vị giao dịch', 'Giao dịch lô chẵn và lô lẻ tùy sàn', NULL, NULL),
(501, 'Thanh toán', 'Áp dụng theo chu kỳ và sản phẩm cụ thể', NULL, NULL),
(502, 'Hotline', '08:00 - 17:30 (Mon - Fri)', NULL, NULL),
(503, 'Email', 'Response within 4 business hours', NULL, NULL),
(504, 'Trading hours', 'Monday to Friday excluding public holidays', NULL, NULL),
(505, 'Lot sizes', 'Board lot and odd lot trading depending on the exchange', NULL, NULL),
(506, 'Settlement', 'Applied according to product-specific cycles', NULL, NULL);

-- --------------------------------------------------------

--
-- Table structure for table `components_shared_timeline_items`
--

CREATE TABLE `components_shared_timeline_items` (
  `id` int(10) UNSIGNED NOT NULL,
  `year` varchar(255) DEFAULT NULL,
  `title` varchar(255) DEFAULT NULL,
  `description` longtext DEFAULT NULL
) ENGINE=InnoDB DEFAULT CHARSET=utf8mb4 COLLATE=utf8mb4_unicode_ci;

--
-- Dumping data for table `components_shared_timeline_items`
--

INSERT INTO `components_shared_timeline_items` (`id`, `year`, `title`, `description`) VALUES
(1142, '2015', 'Mua lại Chứng khoán Nam An', 'Shinhan Investment hoàn tất mua lại 100% cổ phần Công ty CP Chứng khoán Nam An.'),
(1143, '2016 / Tháng 2 /', 'Thành lập Chứng khoán Shinhan Việt Nam', 'Chính thức đổi tên thành lập Công ty TNHH Chứng Khoán Shinhan Việt Nam.'),
(1144, '2016 / Tháng 2 /', 'Thành viên lưu ký', 'Chính thức trở thành thành viên lưu ký của trung tâm lưu ký Việt nam.'),
(1145, '2016 / Tháng 5 /', 'Thành viên HNX', 'Chính thức trở thành thành viên Sở Giao Dịch Chứng Khoán Hà Nội.'),
(1146, '2017 / Tháng 12 /', 'Tăng vốn điều lệ', 'Công ty tăng vốn điều lện lên 812.600.000.000 VND.'),
(1147, '2018', 'Phát triển Ngân hàng đầu tư', 'Xây dựng và phát triển nghiệp vụ Ngân hàng đầu tư.'),
(1148, '2020', 'Mở rộng mảng bán lẻ', 'Mở rộng phát triển nghiệp vụ kinh doanh bán lẻ môi giới chứng khoán.'),
(1149, '2021 / Tháng 11 /', 'Ra mắt hệ thống giao dịch mới', 'Bắt đầu phát triển kinh doanh bán lẻ và ra mắt hệ thống giao dịch mới.'),
(1150, '2021 / Tháng 12 /', 'Tăng vốn điều lệ', 'Tăng vốn điều lệ lên 2.000 tỷ đồng.'),
(1151, '2022 / Tháng 07 /', 'Khai trương chi nhánh Hà nội', 'Khai trương chi nhánh Hà nội.'),
(1152, '2023 / Tháng 03 /', 'Ra mắt ứng dụng Sàn Xịn Ha', 'Ra mắt ứng dụng Sàn Xịn Ha.'),
(1153, '2015', 'Acquisition completed', 'Shinhan Investment completed the 100% acquisition of Nam An Securities.'),
(1154, '2016.02', 'Shinhan Securities Vietnam established', 'Official renaming and establishment of Shinhan Securities Vietnam LLC.'),
(1155, '2016.02', 'Custody member status', 'Became an official custody member of the Vietnam Securities Depository.'),
(1156, '2016.05', 'HNX membership', 'Became an official member of Hanoi Stock Exchange.'),
(1157, '2017.12', 'Charter capital increase', 'Increased charter capital to VND 812.6 billion.'),
(1158, '2018', 'Investment banking expansion', 'Developed and scaled up the investment banking business line.'),
(1159, '2020', 'Retail brokerage expansion', 'Accelerated retail brokerage business growth.'),
(1160, '2021.11', 'New trading platform launched', 'Expanded retail business and launched a new trading platform.'),
(1161, '2021.12', 'Capital raised to VND 2,000 billion', 'Increased charter capital to VND 2,000 billion.'),
(1162, '2022.07', 'Hanoi branch opening', 'Opened the Hanoi branch to expand nationwide presence.'),
(1163, '2023.03', 'San Xin Ha app launched', 'Introduced the San Xin Ha investment application.');

-- --------------------------------------------------------

--
-- Table structure for table `components_shared_trust_items`
--

CREATE TABLE `components_shared_trust_items` (
  `id` int(10) UNSIGNED NOT NULL,
  `title` varchar(255) DEFAULT NULL,
  `description` longtext DEFAULT NULL
) ENGINE=InnoDB DEFAULT CHARSET=utf8mb4 COLLATE=utf8mb4_unicode_ci;

--
-- Dumping data for table `components_shared_trust_items`
--

INSERT INTO `components_shared_trust_items` (`id`, `title`, `description`) VALUES
(221, 'Quản trị rủi ro đa tầng', 'Giám sát vị thế và cảnh báo theo thời gian thực.'),
(222, 'Báo cáo minh bạch', 'Bộ chỉ số hoạt động được công bố theo chuẩn doanh nghiệp.'),
(223, 'Layered risk governance', 'Real-time position surveillance and alerts.'),
(224, 'Transparent reporting', 'Enterprise-grade performance and governance reporting.');

-- --------------------------------------------------------

--
-- Table structure for table `contact_page_settings`
--

CREATE TABLE `contact_page_settings` (
  `id` int(10) UNSIGNED NOT NULL,
  `title` varchar(255) DEFAULT NULL,
  `summary` longtext DEFAULT NULL,
  `recipient_email` varchar(255) DEFAULT NULL,
  `map_embed_url` varchar(255) DEFAULT NULL,
  `created_at` datetime(6) DEFAULT NULL,
  `updated_at` datetime(6) DEFAULT NULL,
  `published_at` datetime(6) DEFAULT NULL,
  `created_by_id` int(10) UNSIGNED DEFAULT NULL,
  `updated_by_id` int(10) UNSIGNED DEFAULT NULL,
  `locale` varchar(255) DEFAULT NULL
) ENGINE=InnoDB DEFAULT CHARSET=utf8mb4 COLLATE=utf8mb4_unicode_ci;

--
-- Dumping data for table `contact_page_settings`
--

INSERT INTO `contact_page_settings` (`id`, `title`, `summary`, `recipient_email`, `map_embed_url`, `created_at`, `updated_at`, `published_at`, `created_by_id`, `updated_by_id`, `locale`) VALUES
(1, 'Kết nối cùng FinTrust', 'Đội ngũ tư vấn luôn sẵn sàng hỗ trợ mở tài khoản, dịch vụ đầu tư và giải đáp thủ tục.', 'support@fintrust.vn', 'https://maps.google.com/', '2026-04-11 12:42:14.450000', '2026-04-20 16:48:01.584000', '2026-04-20 16:47:59.478000', NULL, NULL, 'vi'),
(2, 'Connect with FinTrust', 'Our advisory team is ready to support account opening, investment services, and operations.', 'support@fintrust.vn', 'https://maps.google.com/', '2026-04-11 12:42:14.649000', '2026-04-20 16:48:04.579000', '2026-04-20 16:47:59.478000', NULL, NULL, 'en');

-- --------------------------------------------------------

--
-- Table structure for table `contact_page_settings_components`
--

CREATE TABLE `contact_page_settings_components` (
  `id` int(10) UNSIGNED NOT NULL,
  `entity_id` int(10) UNSIGNED DEFAULT NULL,
  `component_id` int(10) UNSIGNED DEFAULT NULL,
  `component_type` varchar(255) DEFAULT NULL,
  `field` varchar(255) DEFAULT NULL,
  `order` double UNSIGNED DEFAULT NULL
) ENGINE=InnoDB DEFAULT CHARSET=utf8mb4 COLLATE=utf8mb4_unicode_ci;

--
-- Dumping data for table `contact_page_settings_components`
--

INSERT INTO `contact_page_settings_components` (`id`, `entity_id`, `component_id`, `component_type`, `field`, `order`) VALUES
(441, 1, 3944, 'shared.link-item', 'supportChannels', 1),
(442, 1, 3945, 'shared.link-item', 'supportChannels', 2),
(443, 1, 3946, 'shared.link-item', 'supportChannels', 3),
(444, 1, 5417, 'shared.seo-meta', 'seo', NULL),
(445, 2, 3981, 'shared.link-item', 'supportChannels', 1),
(446, 2, 3982, 'shared.link-item', 'supportChannels', 2),
(447, 2, 3983, 'shared.link-item', 'supportChannels', 3),
(448, 2, 5469, 'shared.seo-meta', 'seo', NULL);

-- --------------------------------------------------------

--
-- Table structure for table `contact_page_settings_localizations_links`
--

CREATE TABLE `contact_page_settings_localizations_links` (
  `id` int(10) UNSIGNED NOT NULL,
  `contact_page_setting_id` int(10) UNSIGNED DEFAULT NULL,
  `inv_contact_page_setting_id` int(10) UNSIGNED DEFAULT NULL,
  `contact_page_setting_order` double UNSIGNED DEFAULT NULL
) ENGINE=InnoDB DEFAULT CHARSET=utf8mb4 COLLATE=utf8mb4_unicode_ci;

-- --------------------------------------------------------

--
-- Table structure for table `document_categories`
--

CREATE TABLE `document_categories` (
  `id` int(10) UNSIGNED NOT NULL,
  `title` varchar(255) DEFAULT NULL,
  `slug` varchar(255) DEFAULT NULL,
  `summary` longtext DEFAULT NULL,
  `sort_order` int(11) DEFAULT NULL,
  `created_at` datetime(6) DEFAULT NULL,
  `updated_at` datetime(6) DEFAULT NULL,
  `published_at` datetime(6) DEFAULT NULL,
  `created_by_id` int(10) UNSIGNED DEFAULT NULL,
  `updated_by_id` int(10) UNSIGNED DEFAULT NULL,
  `locale` varchar(255) DEFAULT NULL
) ENGINE=InnoDB DEFAULT CHARSET=utf8mb4 COLLATE=utf8mb4_unicode_ci;

--
-- Dumping data for table `document_categories`
--

INSERT INTO `document_categories` (`id`, `title`, `slug`, `summary`, `sort_order`, `created_at`, `updated_at`, `published_at`, `created_by_id`, `updated_by_id`, `locale`) VALUES
(1, 'Nghiên cứu', 'research', 'Tài liệu và báo cáo nghiên cứu.', 0, '2026-04-20 10:27:43.923000', '2026-04-20 16:48:02.194000', '2026-04-20 16:47:59.478000', NULL, NULL, 'vi'),
(2, 'Pháp lý', 'legal', 'Tài liệu, biểu mẫu và chính sách pháp lý.', 0, '2026-04-20 10:27:43.924000', '2026-04-20 16:48:02.197000', '2026-04-20 16:47:59.478000', NULL, NULL, 'vi'),
(3, 'Biểu mẫu', 'form', 'Biểu mẫu và hướng dẫn thao tác.', 0, '2026-04-20 10:27:43.926000', '2026-04-20 16:48:02.200000', '2026-04-20 16:47:59.478000', NULL, NULL, 'vi'),
(4, 'Tài liệu giới thiệu', 'brochure', 'Tài liệu giới thiệu sản phẩm và dịch vụ.', 0, '2026-04-20 10:27:43.927000', '2026-04-20 16:48:02.204000', '2026-04-20 16:47:59.478000', NULL, NULL, 'vi'),
(5, 'Biểu phí', 'fee_table', 'Bảng biểu phí và mức áp dụng.', 0, '2026-04-20 10:27:43.928000', '2026-04-20 16:48:02.207000', '2026-04-20 16:47:59.478000', NULL, NULL, 'vi'),
(6, 'Research', 'research', 'Research materials and reports.', 0, '2026-04-20 10:27:44.660000', '2026-04-20 16:48:05.166000', '2026-04-20 16:47:59.478000', NULL, NULL, 'en'),
(7, 'Legal', 'legal', 'Forms, policies and legal documents.', 0, '2026-04-20 10:27:44.661000', '2026-04-20 16:48:05.170000', '2026-04-20 16:47:59.478000', NULL, NULL, 'en'),
(8, 'Forms', 'form', 'Application forms and procedural guides.', 0, '2026-04-20 10:27:44.663000', '2026-04-20 16:48:05.172000', '2026-04-20 16:47:59.478000', NULL, NULL, 'en'),
(9, 'Brochures', 'brochure', 'Product and service brochures.', 0, '2026-04-20 10:27:44.664000', '2026-04-20 16:48:05.175000', '2026-04-20 16:47:59.478000', NULL, NULL, 'en'),
(10, 'Fee table', 'fee_table', 'Fee schedules and applied rates.', 0, '2026-04-20 10:27:44.665000', '2026-04-20 16:48:05.178000', '2026-04-20 16:47:59.478000', NULL, NULL, 'en');

-- --------------------------------------------------------

--
-- Table structure for table `document_categories_localizations_links`
--

CREATE TABLE `document_categories_localizations_links` (
  `id` int(10) UNSIGNED NOT NULL,
  `document_category_id` int(10) UNSIGNED DEFAULT NULL,
  `inv_document_category_id` int(10) UNSIGNED DEFAULT NULL,
  `document_category_order` double UNSIGNED DEFAULT NULL
) ENGINE=InnoDB DEFAULT CHARSET=utf8mb4 COLLATE=utf8mb4_unicode_ci;

-- --------------------------------------------------------

--
-- Table structure for table `downloadable_documents`
--

CREATE TABLE `downloadable_documents` (
  `id` int(10) UNSIGNED NOT NULL,
  `title` varchar(255) DEFAULT NULL,
  `slug` varchar(255) DEFAULT NULL,
  `summary` longtext DEFAULT NULL,
  `publish_date` datetime(6) DEFAULT NULL,
  `featured` tinyint(1) DEFAULT NULL,
  `created_at` datetime(6) DEFAULT NULL,
  `updated_at` datetime(6) DEFAULT NULL,
  `published_at` datetime(6) DEFAULT NULL,
  `created_by_id` int(10) UNSIGNED DEFAULT NULL,
  `updated_by_id` int(10) UNSIGNED DEFAULT NULL,
  `locale` varchar(255) DEFAULT NULL
) ENGINE=InnoDB DEFAULT CHARSET=utf8mb4 COLLATE=utf8mb4_unicode_ci;

--
-- Dumping data for table `downloadable_documents`
--

INSERT INTO `downloadable_documents` (`id`, `title`, `slug`, `summary`, `publish_date`, `featured`, `created_at`, `updated_at`, `published_at`, `created_by_id`, `updated_by_id`, `locale`) VALUES
(1, 'Biểu phí dịch vụ giao dịch 2026', 'bieu-phi-dich-vu-giao-dich-2026', 'Bảng phí áp dụng cho dịch vụ giao dịch chứng khoán.', '2026-04-20 16:47:59.478000', 1, '2026-04-11 12:42:14.498000', '2026-04-20 16:48:02.282000', '2026-04-20 16:47:59.478000', NULL, NULL, 'vi'),
(2, 'Hướng dẫn mở tài khoản trực tuyến', 'huong-dan-mo-tai-khoan-truc-tuyen', 'Quy trình eKYC và kích hoạt tài khoản giao dịch.', '2026-04-20 16:47:59.478000', 1, '2026-04-11 12:42:14.500000', '2026-04-20 16:48:02.291000', '2026-04-20 16:47:59.478000', NULL, NULL, 'vi'),
(3, 'Bản tin chiến lược mẫu', 'ban-tin-chien-luoc-mau', 'Mẫu báo cáo tổng quan chiến lược đầu tư.', '2026-04-20 16:47:59.478000', 1, '2026-04-11 12:42:14.501000', '2026-04-20 16:48:02.300000', '2026-04-20 16:47:59.478000', NULL, NULL, 'vi'),
(4, '2026 Service Fee Schedule', '2026-service-fee-schedule', 'Applicable brokerage and service fee matrix.', '2026-04-20 16:47:59.478000', 1, '2026-04-11 12:42:14.693000', '2026-04-20 16:48:05.243000', '2026-04-20 16:47:59.478000', NULL, NULL, 'en'),
(5, 'Online Account Opening Guide', 'online-account-opening-guide', 'Step-by-step eKYC and trading account activation guide.', '2026-04-20 16:47:59.478000', 1, '2026-04-11 12:42:14.695000', '2026-04-20 16:48:05.249000', '2026-04-20 16:47:59.478000', NULL, NULL, 'en'),
(6, 'Sample Strategy Bulletin', 'sample-strategy-bulletin', 'Template strategy report for investor communication.', '2026-04-20 16:47:59.478000', 1, '2026-04-11 12:42:14.696000', '2026-04-20 16:48:05.255000', '2026-04-20 16:47:59.478000', NULL, NULL, 'en');

-- --------------------------------------------------------

--
-- Table structure for table `downloadable_documents_document_category_links`
--

CREATE TABLE `downloadable_documents_document_category_links` (
  `id` int(10) UNSIGNED NOT NULL,
  `downloadable_document_id` int(10) UNSIGNED DEFAULT NULL,
  `document_category_id` int(10) UNSIGNED DEFAULT NULL,
  `downloadable_document_order` double UNSIGNED DEFAULT NULL
) ENGINE=InnoDB DEFAULT CHARSET=utf8mb4 COLLATE=utf8mb4_unicode_ci;

--
-- Dumping data for table `downloadable_documents_document_category_links`
--

INSERT INTO `downloadable_documents_document_category_links` (`id`, `downloadable_document_id`, `document_category_id`, `downloadable_document_order`) VALUES
(1, 1, 5, 1),
(2, 2, 3, 1),
(3, 3, 1, 1),
(4, 4, 10, 1),
(5, 5, 8, 1),
(6, 6, 6, 1);

-- --------------------------------------------------------

--
-- Table structure for table `downloadable_documents_localizations_links`
--

CREATE TABLE `downloadable_documents_localizations_links` (
  `id` int(10) UNSIGNED NOT NULL,
  `downloadable_document_id` int(10) UNSIGNED DEFAULT NULL,
  `inv_downloadable_document_id` int(10) UNSIGNED DEFAULT NULL,
  `downloadable_document_order` double UNSIGNED DEFAULT NULL
) ENGINE=InnoDB DEFAULT CHARSET=utf8mb4 COLLATE=utf8mb4_unicode_ci;

-- --------------------------------------------------------

--
-- Table structure for table `employment_types`
--

CREATE TABLE `employment_types` (
  `id` int(10) UNSIGNED NOT NULL,
  `title` varchar(255) DEFAULT NULL,
  `slug` varchar(255) DEFAULT NULL,
  `summary` longtext DEFAULT NULL,
  `sort_order` int(11) DEFAULT NULL,
  `created_at` datetime(6) DEFAULT NULL,
  `updated_at` datetime(6) DEFAULT NULL,
  `published_at` datetime(6) DEFAULT NULL,
  `created_by_id` int(10) UNSIGNED DEFAULT NULL,
  `updated_by_id` int(10) UNSIGNED DEFAULT NULL,
  `locale` varchar(255) DEFAULT NULL
) ENGINE=InnoDB DEFAULT CHARSET=utf8mb4 COLLATE=utf8mb4_unicode_ci;

--
-- Dumping data for table `employment_types`
--

INSERT INTO `employment_types` (`id`, `title`, `slug`, `summary`, `sort_order`, `created_at`, `updated_at`, `published_at`, `created_by_id`, `updated_by_id`, `locale`) VALUES
(1, 'Toàn thời gian', 'full_time', 'Vị trí làm việc toàn thời gian.', 0, '2026-04-20 10:27:43.930000', '2026-04-20 16:48:02.211000', '2026-04-20 16:47:59.478000', NULL, NULL, 'vi'),
(2, 'Bán thời gian', 'part_time', 'Vị trí làm việc bán thời gian.', 0, '2026-04-20 10:27:43.932000', '2026-04-20 16:48:02.215000', '2026-04-20 16:47:59.478000', NULL, NULL, 'vi'),
(3, 'Hợp đồng', 'contract', 'Vị trí theo hợp đồng ngắn hoặc trung hạn.', 0, '2026-04-20 10:27:43.933000', '2026-04-20 16:48:02.218000', '2026-04-20 16:47:59.478000', NULL, NULL, 'vi'),
(4, 'Thực tập', 'internship', 'Vị trí dành cho thực tập sinh.', 0, '2026-04-20 10:27:43.934000', '2026-04-20 16:48:02.221000', '2026-04-20 16:47:59.478000', NULL, NULL, 'vi'),
(5, 'Full-time', 'full_time', 'Full-time employment.', 0, '2026-04-20 10:27:44.666000', '2026-04-20 16:48:05.181000', '2026-04-20 16:47:59.478000', NULL, NULL, 'en'),
(6, 'Part-time', 'part_time', 'Part-time employment.', 0, '2026-04-20 10:27:44.667000', '2026-04-20 16:48:05.185000', '2026-04-20 16:47:59.478000', NULL, NULL, 'en'),
(7, 'Contract', 'contract', 'Contract-based role.', 0, '2026-04-20 10:27:44.668000', '2026-04-20 16:48:05.187000', '2026-04-20 16:47:59.478000', NULL, NULL, 'en'),
(8, 'Internship', 'internship', 'Internship position.', 0, '2026-04-20 10:27:44.669000', '2026-04-20 16:48:05.189000', '2026-04-20 16:47:59.478000', NULL, NULL, 'en');

-- --------------------------------------------------------

--
-- Table structure for table `employment_types_localizations_links`
--

CREATE TABLE `employment_types_localizations_links` (
  `id` int(10) UNSIGNED NOT NULL,
  `employment_type_id` int(10) UNSIGNED DEFAULT NULL,
  `inv_employment_type_id` int(10) UNSIGNED DEFAULT NULL,
  `employment_type_order` double UNSIGNED DEFAULT NULL
) ENGINE=InnoDB DEFAULT CHARSET=utf8mb4 COLLATE=utf8mb4_unicode_ci;

-- --------------------------------------------------------

--
-- Table structure for table `events`
--

CREATE TABLE `events` (
  `id` int(10) UNSIGNED NOT NULL,
  `title` varchar(255) DEFAULT NULL,
  `slug` varchar(255) DEFAULT NULL,
  `summary` longtext DEFAULT NULL,
  `content` longtext DEFAULT NULL,
  `publish_date` datetime(6) DEFAULT NULL,
  `start_date` datetime(6) DEFAULT NULL,
  `end_date` datetime(6) DEFAULT NULL,
  `location` varchar(255) DEFAULT NULL,
  `is_online` tinyint(1) DEFAULT NULL,
  `registration_url` varchar(255) DEFAULT NULL,
  `featured` tinyint(1) DEFAULT NULL,
  `status` varchar(255) DEFAULT NULL,
  `created_at` datetime(6) DEFAULT NULL,
  `updated_at` datetime(6) DEFAULT NULL,
  `published_at` datetime(6) DEFAULT NULL,
  `created_by_id` int(10) UNSIGNED DEFAULT NULL,
  `updated_by_id` int(10) UNSIGNED DEFAULT NULL,
  `locale` varchar(255) DEFAULT NULL
) ENGINE=InnoDB DEFAULT CHARSET=utf8mb4 COLLATE=utf8mb4_unicode_ci;

--
-- Dumping data for table `events`
--

INSERT INTO `events` (`id`, `title`, `slug`, `summary`, `content`, `publish_date`, `start_date`, `end_date`, `location`, `is_online`, `registration_url`, `featured`, `status`, `created_at`, `updated_at`, `published_at`, `created_by_id`, `updated_by_id`, `locale`) VALUES
(1, 'Hội thảo Chiến lược đầu tư 2026', 'hoi-thao-chien-luoc-dau-tu-2026', 'Sự kiện kết nối chuyên gia và nhà đầu tư với nội dung phân tích thực tiễn.', '<p>Nội dung sự kiện mẫu gồm chủ đề, diễn giả và cách đăng ký tham dự.</p>', '2026-04-20 16:47:59.478000', '2026-04-22 16:48:02.715000', '2026-04-22 18:48:02.715000', 'TP. Hồ Chí Minh', 0, 'https://example.com/register', 1, 'upcoming', '2026-04-11 12:42:14.534000', '2026-04-20 16:48:02.727000', '2026-04-20 16:47:59.478000', NULL, NULL, 'vi'),
(2, 'Workshop Giao dịch an toàn trên nền tảng số', 'workshop-giao-dich-an-toan', 'Sự kiện kết nối chuyên gia và nhà đầu tư với nội dung phân tích thực tiễn.', '<p>Nội dung sự kiện mẫu gồm chủ đề, diễn giả và cách đăng ký tham dự.</p>', '2026-04-20 16:47:59.478000', '2026-04-23 16:48:02.737000', '2026-04-23 18:48:02.737000', 'TP. Hồ Chí Minh', 1, 'https://example.com/register', 0, 'upcoming', '2026-04-11 12:42:14.537000', '2026-04-20 16:48:02.746000', '2026-04-20 16:47:59.478000', NULL, NULL, 'vi'),
(3, 'Tọa đàm Triển vọng ngành ngân hàng', 'toa-dam-trien-vong-nganh-ngan-hang', 'Sự kiện kết nối chuyên gia và nhà đầu tư với nội dung phân tích thực tiễn.', '<p>Nội dung sự kiện mẫu gồm chủ đề, diễn giả và cách đăng ký tham dự.</p>', '2026-04-20 16:47:59.478000', '2026-04-24 16:48:02.754000', '2026-04-24 18:48:02.754000', 'TP. Hồ Chí Minh', 0, 'https://example.com/register', 0, 'ongoing', '2026-04-11 12:42:14.540000', '2026-04-20 16:48:02.763000', '2026-04-20 16:47:59.478000', NULL, NULL, 'vi'),
(4, '2026 Investment Strategy Forum', 'investment-strategy-forum-2026', 'Investor-focused event featuring practical market and strategy insights.', '<p>Sample event content includes agenda highlights, speakers, and registration notes.</p>', '2026-04-20 16:47:59.478000', '2026-04-22 16:48:05.607000', '2026-04-22 18:48:05.607000', 'Ho Chi Minh City', 0, 'https://example.com/register', 1, 'upcoming', '2026-04-11 12:42:14.728000', '2026-04-20 16:48:05.625000', '2026-04-20 16:47:59.478000', NULL, NULL, 'en'),
(5, 'Digital Trading Safety Workshop', 'digital-trading-safety-workshop', 'Investor-focused event featuring practical market and strategy insights.', '<p>Sample event content includes agenda highlights, speakers, and registration notes.</p>', '2026-04-20 16:47:59.478000', '2026-04-23 16:48:05.640000', '2026-04-23 18:48:05.640000', 'Ho Chi Minh City', 1, 'https://example.com/register', 0, 'upcoming', '2026-04-11 12:42:14.731000', '2026-04-20 16:48:05.650000', '2026-04-20 16:47:59.478000', NULL, NULL, 'en'),
(6, 'Banking Sector Outlook Dialogue', 'banking-sector-outlook-dialogue', 'Investor-focused event featuring practical market and strategy insights.', '<p>Sample event content includes agenda highlights, speakers, and registration notes.</p>', '2026-04-20 16:47:59.478000', '2026-04-24 16:48:05.659000', '2026-04-24 18:48:05.659000', 'Ho Chi Minh City', 0, 'https://example.com/register', 0, 'ongoing', '2026-04-11 12:42:14.733000', '2026-04-20 16:48:05.666000', '2026-04-20 16:47:59.478000', NULL, NULL, 'en');

-- --------------------------------------------------------

--
-- Table structure for table `events_category_links`
--

CREATE TABLE `events_category_links` (
  `id` int(10) UNSIGNED NOT NULL,
  `event_id` int(10) UNSIGNED DEFAULT NULL,
  `event_category_id` int(10) UNSIGNED DEFAULT NULL,
  `event_order` double UNSIGNED DEFAULT NULL
) ENGINE=InnoDB DEFAULT CHARSET=utf8mb4 COLLATE=utf8mb4_unicode_ci;

--
-- Dumping data for table `events_category_links`
--

INSERT INTO `events_category_links` (`id`, `event_id`, `event_category_id`, `event_order`) VALUES
(1, 1, 1, 1),
(2, 2, 2, 1),
(3, 3, 1, 2),
(4, 4, 3, 1),
(5, 5, 4, 1),
(6, 6, 3, 2);

-- --------------------------------------------------------

--
-- Table structure for table `events_components`
--

CREATE TABLE `events_components` (
  `id` int(10) UNSIGNED NOT NULL,
  `entity_id` int(10) UNSIGNED DEFAULT NULL,
  `component_id` int(10) UNSIGNED DEFAULT NULL,
  `component_type` varchar(255) DEFAULT NULL,
  `field` varchar(255) DEFAULT NULL,
  `order` double UNSIGNED DEFAULT NULL
) ENGINE=InnoDB DEFAULT CHARSET=utf8mb4 COLLATE=utf8mb4_unicode_ci;

--
-- Dumping data for table `events_components`
--

INSERT INTO `events_components` (`id`, `entity_id`, `component_id`, `component_type`, `field`, `order`) VALUES
(322, 1, 5429, 'shared.seo-meta', 'seo', NULL),
(323, 2, 5430, 'shared.seo-meta', 'seo', NULL),
(324, 3, 5431, 'shared.seo-meta', 'seo', NULL),
(325, 4, 5481, 'shared.seo-meta', 'seo', NULL),
(326, 5, 5482, 'shared.seo-meta', 'seo', NULL),
(327, 6, 5483, 'shared.seo-meta', 'seo', NULL);

-- --------------------------------------------------------

--
-- Table structure for table `events_localizations_links`
--

CREATE TABLE `events_localizations_links` (
  `id` int(10) UNSIGNED NOT NULL,
  `event_id` int(10) UNSIGNED DEFAULT NULL,
  `inv_event_id` int(10) UNSIGNED DEFAULT NULL,
  `event_order` double UNSIGNED DEFAULT NULL
) ENGINE=InnoDB DEFAULT CHARSET=utf8mb4 COLLATE=utf8mb4_unicode_ci;

-- --------------------------------------------------------

--
-- Table structure for table `events_tags_links`
--

CREATE TABLE `events_tags_links` (
  `id` int(10) UNSIGNED NOT NULL,
  `event_id` int(10) UNSIGNED DEFAULT NULL,
  `tag_id` int(10) UNSIGNED DEFAULT NULL,
  `tag_order` double UNSIGNED DEFAULT NULL
) ENGINE=InnoDB DEFAULT CHARSET=utf8mb4 COLLATE=utf8mb4_unicode_ci;

--
-- Dumping data for table `events_tags_links`
--

INSERT INTO `events_tags_links` (`id`, `event_id`, `tag_id`, `tag_order`) VALUES
(1, 1, 1, 1),
(2, 1, 2, 2),
(3, 2, 1, 1),
(4, 2, 2, 2),
(5, 3, 1, 1),
(6, 3, 2, 2),
(7, 4, 5, 1),
(8, 4, 6, 2),
(9, 5, 5, 1),
(10, 5, 6, 2),
(11, 6, 5, 1),
(12, 6, 6, 2);

-- --------------------------------------------------------

--
-- Table structure for table `event_categories`
--

CREATE TABLE `event_categories` (
  `id` int(10) UNSIGNED NOT NULL,
  `title` varchar(255) DEFAULT NULL,
  `slug` varchar(255) DEFAULT NULL,
  `summary` longtext DEFAULT NULL,
  `created_at` datetime(6) DEFAULT NULL,
  `updated_at` datetime(6) DEFAULT NULL,
  `published_at` datetime(6) DEFAULT NULL,
  `created_by_id` int(10) UNSIGNED DEFAULT NULL,
  `updated_by_id` int(10) UNSIGNED DEFAULT NULL,
  `locale` varchar(255) DEFAULT NULL
) ENGINE=InnoDB DEFAULT CHARSET=utf8mb4 COLLATE=utf8mb4_unicode_ci;

--
-- Dumping data for table `event_categories`
--

INSERT INTO `event_categories` (`id`, `title`, `slug`, `summary`, `created_at`, `updated_at`, `published_at`, `created_by_id`, `updated_by_id`, `locale`) VALUES
(1, 'Sự kiện đầu tư', 'su-kien-dau-tu', 'Chuỗi hội thảo và tọa đàm đầu tư.', '2026-04-11 12:42:14.481000', '2026-04-20 16:48:02.118000', '2026-04-20 16:47:59.478000', NULL, NULL, 'vi'),
(2, 'Đào tạo khách hàng', 'dao-tao-khach-hang', 'Nội dung hướng dẫn sử dụng dịch vụ.', '2026-04-11 12:42:14.482000', '2026-04-20 16:48:02.121000', '2026-04-20 16:47:59.478000', NULL, NULL, 'vi'),
(3, 'Investment Events', 'investment-events', 'Investor conference and briefings.', '2026-04-11 12:42:14.675000', '2026-04-20 16:48:04.978000', '2026-04-20 16:47:59.478000', NULL, NULL, 'en'),
(4, 'Client Education', 'client-education', 'Service and platform training sessions.', '2026-04-11 12:42:14.676000', '2026-04-20 16:48:04.987000', '2026-04-20 16:47:59.478000', NULL, NULL, 'en');

-- --------------------------------------------------------

--
-- Table structure for table `event_categories_localizations_links`
--

CREATE TABLE `event_categories_localizations_links` (
  `id` int(10) UNSIGNED NOT NULL,
  `event_category_id` int(10) UNSIGNED DEFAULT NULL,
  `inv_event_category_id` int(10) UNSIGNED DEFAULT NULL,
  `event_category_order` double UNSIGNED DEFAULT NULL
) ENGINE=InnoDB DEFAULT CHARSET=utf8mb4 COLLATE=utf8mb4_unicode_ci;

-- --------------------------------------------------------

--
-- Table structure for table `faq_categories`
--

CREATE TABLE `faq_categories` (
  `id` int(10) UNSIGNED NOT NULL,
  `title` varchar(255) DEFAULT NULL,
  `slug` varchar(255) DEFAULT NULL,
  `summary` longtext DEFAULT NULL,
  `sort_order` int(11) DEFAULT NULL,
  `created_at` datetime(6) DEFAULT NULL,
  `updated_at` datetime(6) DEFAULT NULL,
  `published_at` datetime(6) DEFAULT NULL,
  `created_by_id` int(10) UNSIGNED DEFAULT NULL,
  `updated_by_id` int(10) UNSIGNED DEFAULT NULL,
  `locale` varchar(255) DEFAULT NULL
) ENGINE=InnoDB DEFAULT CHARSET=utf8mb4 COLLATE=utf8mb4_unicode_ci;

--
-- Dumping data for table `faq_categories`
--

INSERT INTO `faq_categories` (`id`, `title`, `slug`, `summary`, `sort_order`, `created_at`, `updated_at`, `published_at`, `created_by_id`, `updated_by_id`, `locale`) VALUES
(1, 'Mở tài khoản', 'mo-tai-khoan', 'Hướng dẫn và điều kiện mở tài khoản.', 0, '2026-04-11 12:42:14.488000', '2026-04-20 16:48:02.137000', '2026-04-20 16:47:59.478000', NULL, NULL, 'vi'),
(2, 'Giao dịch', 'giao-dich', 'Quy trình đặt lệnh và quản trị tài khoản.', 0, '2026-04-11 12:42:14.490000', '2026-04-20 16:48:02.140000', '2026-04-20 16:47:59.478000', NULL, NULL, 'vi'),
(3, 'Account Opening', 'account-opening', 'Onboarding conditions and process.', 0, '2026-04-11 12:42:14.683000', '2026-04-20 16:48:05.032000', '2026-04-20 16:47:59.478000', NULL, NULL, 'en'),
(4, 'Trading', 'trading', 'Order placement and account controls.', 0, '2026-04-11 12:42:14.684000', '2026-04-20 16:48:05.043000', '2026-04-20 16:47:59.478000', NULL, NULL, 'en');

-- --------------------------------------------------------

--
-- Table structure for table `faq_categories_localizations_links`
--

CREATE TABLE `faq_categories_localizations_links` (
  `id` int(10) UNSIGNED NOT NULL,
  `faq_category_id` int(10) UNSIGNED DEFAULT NULL,
  `inv_faq_category_id` int(10) UNSIGNED DEFAULT NULL,
  `faq_category_order` double UNSIGNED DEFAULT NULL
) ENGINE=InnoDB DEFAULT CHARSET=utf8mb4 COLLATE=utf8mb4_unicode_ci;

-- --------------------------------------------------------

--
-- Table structure for table `faq_items`
--

CREATE TABLE `faq_items` (
  `id` int(10) UNSIGNED NOT NULL,
  `question` varchar(255) DEFAULT NULL,
  `slug` varchar(255) DEFAULT NULL,
  `answer` longtext DEFAULT NULL,
  `sort_order` int(11) DEFAULT NULL,
  `featured` tinyint(1) DEFAULT NULL,
  `created_at` datetime(6) DEFAULT NULL,
  `updated_at` datetime(6) DEFAULT NULL,
  `published_at` datetime(6) DEFAULT NULL,
  `created_by_id` int(10) UNSIGNED DEFAULT NULL,
  `updated_by_id` int(10) UNSIGNED DEFAULT NULL,
  `locale` varchar(255) DEFAULT NULL
) ENGINE=InnoDB DEFAULT CHARSET=utf8mb4 COLLATE=utf8mb4_unicode_ci;

--
-- Dumping data for table `faq_items`
--

INSERT INTO `faq_items` (`id`, `question`, `slug`, `answer`, `sort_order`, `featured`, `created_at`, `updated_at`, `published_at`, `created_by_id`, `updated_by_id`, `locale`) VALUES
(1, 'Mở tài khoản cần chuẩn bị giấy tờ gì?', 'mo-tai-khoan-can-gi', '<p>Tài khoản có thể mở trực tuyến bằng eKYC với CCCD/CMND còn hiệu lực.</p>', 0, 1, '2026-04-11 12:42:14.562000', '2026-04-20 16:48:03.017000', '2026-04-20 16:47:59.478000', NULL, NULL, 'vi'),
(2, 'Làm thế nào để cấp lại mật khẩu giao dịch?', 'mat-khau-giao-dich', '<p>Khách hàng có thể đặt lại mật khẩu qua ứng dụng hoặc tổng đài hỗ trợ.</p>', 1, 1, '2026-04-11 12:42:14.565000', '2026-04-20 16:48:03.049000', '2026-04-20 16:47:59.478000', NULL, NULL, 'vi'),
(3, 'Biểu phí giao dịch có thay đổi theo phân khúc không?', 'phi-giao-dich-co-thay-doi', '<p>Biểu phí có thể thay đổi theo giá trị giao dịch và chính sách từng thời kỳ.</p>', 2, 1, '2026-04-11 12:42:14.568000', '2026-04-20 16:48:03.078000', '2026-04-20 16:47:59.478000', NULL, NULL, 'vi'),
(4, 'FinTrust có hỗ trợ giao dịch ký quỹ không?', 'co-ho-tro-margin-khong', '<p>Có. Danh mục cổ phiếu ký quỹ và tỷ lệ cấp hạn mức được cập nhật định kỳ.</p>', 3, 0, '2026-04-11 12:42:14.571000', '2026-04-20 16:48:03.107000', '2026-04-20 16:47:59.478000', NULL, NULL, 'vi'),
(5, 'Cách cập nhật thông tin cá nhân?', 'doi-thong-tin-ca-nhan', '<p>Khách hàng có thể cập nhật trực tuyến hoặc tại quầy giao dịch gần nhất.</p>', 4, 0, '2026-04-11 12:42:14.573000', '2026-04-20 16:48:03.135000', '2026-04-20 16:47:59.478000', NULL, NULL, 'vi'),
(6, 'Khung giờ tổng đài hỗ trợ?', 'thoi-gian-ho-tro', '<p>Tổng đài hoạt động 8:00 - 17:30 từ thứ Hai đến thứ Sáu.</p>', 5, 0, '2026-04-11 12:42:14.575000', '2026-04-20 16:48:03.152000', '2026-04-20 16:47:59.478000', NULL, NULL, 'vi'),
(7, 'What documents are required for account opening?', 'required-documents-account-opening', '<p>Accounts can be opened online via eKYC with valid ID documents.</p>', 0, 1, '2026-04-11 12:42:14.752000', '2026-04-20 16:48:05.870000', '2026-04-20 16:47:59.478000', NULL, NULL, 'en'),
(8, 'How do I reset my trading password?', 'reset-trading-password', '<p>Password reset is available via mobile app or customer hotline.</p>', 1, 1, '2026-04-11 12:42:14.754000', '2026-04-20 16:48:05.884000', '2026-04-20 16:47:59.478000', NULL, NULL, 'en'),
(9, 'Do service fees vary by client segment?', 'service-fee-policy', '<p>Fee policy may vary based on transaction value and service package.</p>', 2, 1, '2026-04-11 12:42:14.757000', '2026-04-20 16:48:05.902000', '2026-04-20 16:47:59.478000', NULL, NULL, 'en'),
(10, 'Does FinTrust provide margin support?', 'margin-support', '<p>Yes. Margin-eligible list and limits are updated periodically.</p>', 3, 0, '2026-04-11 12:42:14.759000', '2026-04-20 16:48:05.914000', '2026-04-20 16:47:59.478000', NULL, NULL, 'en'),
(11, 'How can I update personal information?', 'update-personal-information', '<p>You can update online or at the nearest branch office.</p>', 4, 0, '2026-04-11 12:42:14.761000', '2026-04-20 16:48:05.931000', '2026-04-20 16:47:59.478000', NULL, NULL, 'en'),
(12, 'What are customer hotline operating hours?', 'hotline-hours', '<p>Hotline runs from 8:00 to 17:30, Monday to Friday.</p>', 5, 0, '2026-04-11 12:42:14.763000', '2026-04-20 16:48:05.962000', '2026-04-20 16:47:59.478000', NULL, NULL, 'en');

-- --------------------------------------------------------

--
-- Table structure for table `faq_items_category_links`
--

CREATE TABLE `faq_items_category_links` (
  `id` int(10) UNSIGNED NOT NULL,
  `faq_item_id` int(10) UNSIGNED DEFAULT NULL,
  `faq_category_id` int(10) UNSIGNED DEFAULT NULL,
  `faq_item_order` double UNSIGNED DEFAULT NULL
) ENGINE=InnoDB DEFAULT CHARSET=utf8mb4 COLLATE=utf8mb4_unicode_ci;

--
-- Dumping data for table `faq_items_category_links`
--

INSERT INTO `faq_items_category_links` (`id`, `faq_item_id`, `faq_category_id`, `faq_item_order`) VALUES
(1, 1, 1, 1),
(2, 2, 2, 1),
(3, 3, 2, 2),
(4, 4, 2, 3),
(5, 5, 1, 2),
(6, 6, 1, 3),
(7, 7, 3, 1),
(8, 8, 4, 1),
(9, 9, 4, 2),
(10, 10, 4, 3),
(11, 11, 3, 2),
(12, 12, 3, 3);

-- --------------------------------------------------------

--
-- Table structure for table `faq_items_components`
--

CREATE TABLE `faq_items_components` (
  `id` int(10) UNSIGNED NOT NULL,
  `entity_id` int(10) UNSIGNED DEFAULT NULL,
  `component_id` int(10) UNSIGNED DEFAULT NULL,
  `component_type` varchar(255) DEFAULT NULL,
  `field` varchar(255) DEFAULT NULL,
  `order` double UNSIGNED DEFAULT NULL
) ENGINE=InnoDB DEFAULT CHARSET=utf8mb4 COLLATE=utf8mb4_unicode_ci;

--
-- Dumping data for table `faq_items_components`
--

INSERT INTO `faq_items_components` (`id`, `entity_id`, `component_id`, `component_type`, `field`, `order`) VALUES
(643, 1, 5438, 'shared.seo-meta', 'seo', NULL),
(644, 2, 5439, 'shared.seo-meta', 'seo', NULL),
(645, 3, 5440, 'shared.seo-meta', 'seo', NULL),
(646, 4, 5441, 'shared.seo-meta', 'seo', NULL),
(647, 5, 5442, 'shared.seo-meta', 'seo', NULL),
(648, 6, 5443, 'shared.seo-meta', 'seo', NULL),
(649, 7, 5490, 'shared.seo-meta', 'seo', NULL),
(650, 8, 5491, 'shared.seo-meta', 'seo', NULL),
(651, 9, 5492, 'shared.seo-meta', 'seo', NULL),
(652, 10, 5493, 'shared.seo-meta', 'seo', NULL),
(653, 11, 5494, 'shared.seo-meta', 'seo', NULL),
(654, 12, 5495, 'shared.seo-meta', 'seo', NULL);

-- --------------------------------------------------------

--
-- Table structure for table `faq_items_localizations_links`
--

CREATE TABLE `faq_items_localizations_links` (
  `id` int(10) UNSIGNED NOT NULL,
  `faq_item_id` int(10) UNSIGNED DEFAULT NULL,
  `inv_faq_item_id` int(10) UNSIGNED DEFAULT NULL,
  `faq_item_order` double UNSIGNED DEFAULT NULL
) ENGINE=InnoDB DEFAULT CHARSET=utf8mb4 COLLATE=utf8mb4_unicode_ci;

-- --------------------------------------------------------

--
-- Table structure for table `files`
--

CREATE TABLE `files` (
  `id` int(10) UNSIGNED NOT NULL,
  `name` varchar(255) DEFAULT NULL,
  `alternative_text` varchar(255) DEFAULT NULL,
  `caption` varchar(255) DEFAULT NULL,
  `width` int(11) DEFAULT NULL,
  `height` int(11) DEFAULT NULL,
  `formats` longtext CHARACTER SET utf8mb4 COLLATE utf8mb4_bin DEFAULT NULL CHECK (json_valid(`formats`)),
  `hash` varchar(255) DEFAULT NULL,
  `ext` varchar(255) DEFAULT NULL,
  `mime` varchar(255) DEFAULT NULL,
  `size` decimal(10,2) DEFAULT NULL,
  `url` varchar(255) DEFAULT NULL,
  `preview_url` varchar(255) DEFAULT NULL,
  `provider` varchar(255) DEFAULT NULL,
  `provider_metadata` longtext CHARACTER SET utf8mb4 COLLATE utf8mb4_bin DEFAULT NULL CHECK (json_valid(`provider_metadata`)),
  `folder_path` varchar(255) DEFAULT NULL,
  `created_at` datetime(6) DEFAULT NULL,
  `updated_at` datetime(6) DEFAULT NULL,
  `created_by_id` int(10) UNSIGNED DEFAULT NULL,
  `updated_by_id` int(10) UNSIGNED DEFAULT NULL
) ENGINE=InnoDB DEFAULT CHARSET=utf8mb4 COLLATE=utf8mb4_unicode_ci;

--
-- Dumping data for table `files`
--

INSERT INTO `files` (`id`, `name`, `alternative_text`, `caption`, `width`, `height`, `formats`, `hash`, `ext`, `mime`, `size`, `url`, `preview_url`, `provider`, `provider_metadata`, `folder_path`, `created_at`, `updated_at`, `created_by_id`, `updated_by_id`) VALUES
(1, 'trading-bg.png', NULL, NULL, 1920, 296, '{\"thumbnail\":{\"name\":\"thumbnail_trading-bg.png\",\"hash\":\"thumbnail_trading_bg_ce7512204d\",\"ext\":\".png\",\"mime\":\"image/png\",\"path\":null,\"width\":245,\"height\":38,\"size\":10.18,\"sizeInBytes\":10184,\"url\":\"/uploads/thumbnail_trading_bg_ce7512204d.png\"},\"medium\":{\"name\":\"medium_trading-bg.png\",\"hash\":\"medium_trading_bg_ce7512204d\",\"ext\":\".png\",\"mime\":\"image/png\",\"path\":null,\"width\":750,\"height\":116,\"size\":60.58,\"sizeInBytes\":60584,\"url\":\"/uploads/medium_trading_bg_ce7512204d.png\"},\"small\":{\"name\":\"small_trading-bg.png\",\"hash\":\"small_trading_bg_ce7512204d\",\"ext\":\".png\",\"mime\":\"image/png\",\"path\":null,\"width\":500,\"height\":77,\"size\":30.64,\"sizeInBytes\":30641,\"url\":\"/uploads/small_trading_bg_ce7512204d.png\"},\"large\":{\"name\":\"large_trading-bg.png\",\"hash\":\"large_trading_bg_ce7512204d\",\"ext\":\".png\",\"mime\":\"image/png\",\"path\":null,\"width\":1000,\"height\":154,\"size\":100.04,\"sizeInBytes\":100039,\"url\":\"/uploads/large_trading_bg_ce7512204d.png\"}}', 'trading_bg_ce7512204d', '.png', 'image/png', 77.14, '/uploads/trading_bg_ce7512204d.png', NULL, 'local', NULL, '/', '2026-04-18 16:01:20.001000', '2026-04-18 16:01:20.001000', NULL, NULL),
(2, 'one-shinhan-bg.png', NULL, NULL, 536, 536, '{\"thumbnail\":{\"name\":\"thumbnail_one-shinhan-bg.png\",\"hash\":\"thumbnail_one_shinhan_bg_17bb58a942\",\"ext\":\".png\",\"mime\":\"image/png\",\"path\":null,\"width\":156,\"height\":156,\"size\":19.35,\"sizeInBytes\":19351,\"url\":\"/uploads/thumbnail_one_shinhan_bg_17bb58a942.png\"},\"small\":{\"name\":\"small_one-shinhan-bg.png\",\"hash\":\"small_one_shinhan_bg_17bb58a942\",\"ext\":\".png\",\"mime\":\"image/png\",\"path\":null,\"width\":500,\"height\":500,\"size\":123.99,\"sizeInBytes\":123986,\"url\":\"/uploads/small_one_shinhan_bg_17bb58a942.png\"}}', 'one_shinhan_bg_17bb58a942', '.png', 'image/png', 27.42, '/uploads/one_shinhan_bg_17bb58a942.png', NULL, 'local', NULL, '/', '2026-04-18 16:01:20.003000', '2026-04-18 16:01:20.003000', NULL, NULL),
(3, 'hero-main.png', NULL, NULL, 1200, 233, '{\"thumbnail\":{\"name\":\"thumbnail_hero-main.png\",\"hash\":\"thumbnail_hero_main_4ddbba8036\",\"ext\":\".png\",\"mime\":\"image/png\",\"path\":null,\"width\":245,\"height\":48,\"size\":21.78,\"sizeInBytes\":21783,\"url\":\"/uploads/thumbnail_hero_main_4ddbba8036.png\"},\"small\":{\"name\":\"small_hero-main.png\",\"hash\":\"small_hero_main_4ddbba8036\",\"ext\":\".png\",\"mime\":\"image/png\",\"path\":null,\"width\":500,\"height\":97,\"size\":71.99,\"sizeInBytes\":71988,\"url\":\"/uploads/small_hero_main_4ddbba8036.png\"},\"medium\":{\"name\":\"medium_hero-main.png\",\"hash\":\"medium_hero_main_4ddbba8036\",\"ext\":\".png\",\"mime\":\"image/png\",\"path\":null,\"width\":750,\"height\":146,\"size\":150.66,\"sizeInBytes\":150664,\"url\":\"/uploads/medium_hero_main_4ddbba8036.png\"},\"large\":{\"name\":\"large_hero-main.png\",\"hash\":\"large_hero_main_4ddbba8036\",\"ext\":\".png\",\"mime\":\"image/png\",\"path\":null,\"width\":1000,\"height\":194,\"size\":253.24,\"sizeInBytes\":253238,\"url\":\"/uploads/large_hero_main_4ddbba8036.png\"}}', 'hero_main_4ddbba8036', '.png', 'image/png', 82.67, '/uploads/hero_main_4ddbba8036.png', NULL, 'local', NULL, '/', '2026-04-18 16:01:20.003000', '2026-04-18 16:01:20.003000', NULL, NULL),
(4, 'hero-alt-2.jpg', NULL, NULL, 1920, 1080, '{\"thumbnail\":{\"name\":\"thumbnail_hero-alt-2.jpg\",\"hash\":\"thumbnail_hero_alt_2_8beade06ee\",\"ext\":\".jpg\",\"mime\":\"image/jpeg\",\"path\":null,\"width\":245,\"height\":138,\"size\":6.78,\"sizeInBytes\":6784,\"url\":\"/uploads/thumbnail_hero_alt_2_8beade06ee.jpg\"},\"large\":{\"name\":\"large_hero-alt-2.jpg\",\"hash\":\"large_hero_alt_2_8beade06ee\",\"ext\":\".jpg\",\"mime\":\"image/jpeg\",\"path\":null,\"width\":1000,\"height\":563,\"size\":47.81,\"sizeInBytes\":47808,\"url\":\"/uploads/large_hero_alt_2_8beade06ee.jpg\"},\"medium\":{\"name\":\"medium_hero-alt-2.jpg\",\"hash\":\"medium_hero_alt_2_8beade06ee\",\"ext\":\".jpg\",\"mime\":\"image/jpeg\",\"path\":null,\"width\":750,\"height\":422,\"size\":31.55,\"sizeInBytes\":31549,\"url\":\"/uploads/medium_hero_alt_2_8beade06ee.jpg\"},\"small\":{\"name\":\"small_hero-alt-2.jpg\",\"hash\":\"small_hero_alt_2_8beade06ee\",\"ext\":\".jpg\",\"mime\":\"image/jpeg\",\"path\":null,\"width\":500,\"height\":281,\"size\":17.82,\"sizeInBytes\":17818,\"url\":\"/uploads/small_hero_alt_2_8beade06ee.jpg\"}}', 'hero_alt_2_8beade06ee', '.jpg', 'image/jpeg', 96.53, '/uploads/hero_alt_2_8beade06ee.jpg', NULL, 'local', NULL, '/', '2026-04-18 16:01:20.004000', '2026-04-18 16:01:20.004000', NULL, NULL),
(5, 'service-bg-ib.png', NULL, NULL, 900, 400, '{\"thumbnail\":{\"name\":\"thumbnail_service-bg-ib.png\",\"hash\":\"thumbnail_service_bg_ib_8fe495a13d\",\"ext\":\".png\",\"mime\":\"image/png\",\"path\":null,\"width\":245,\"height\":109,\"size\":29.32,\"sizeInBytes\":29316,\"url\":\"/uploads/thumbnail_service_bg_ib_8fe495a13d.png\"},\"small\":{\"name\":\"small_service-bg-ib.png\",\"hash\":\"small_service_bg_ib_8fe495a13d\",\"ext\":\".png\",\"mime\":\"image/png\",\"path\":null,\"width\":500,\"height\":222,\"size\":97.56,\"sizeInBytes\":97559,\"url\":\"/uploads/small_service_bg_ib_8fe495a13d.png\"},\"medium\":{\"name\":\"medium_service-bg-ib.png\",\"hash\":\"medium_service_bg_ib_8fe495a13d\",\"ext\":\".png\",\"mime\":\"image/png\",\"path\":null,\"width\":750,\"height\":333,\"size\":198.5,\"sizeInBytes\":198501,\"url\":\"/uploads/medium_service_bg_ib_8fe495a13d.png\"}}', 'service_bg_ib_8fe495a13d', '.png', 'image/png', 66.44, '/uploads/service_bg_ib_8fe495a13d.png', NULL, 'local', NULL, '/', '2026-04-18 16:01:20.004000', '2026-04-18 16:01:20.004000', NULL, NULL),
(6, 'hero-alt-1.png', NULL, NULL, 710, 651, '{\"thumbnail\":{\"name\":\"thumbnail_hero-alt-1.png\",\"hash\":\"thumbnail_hero_alt_1_75774d8805\",\"ext\":\".png\",\"mime\":\"image/png\",\"path\":null,\"width\":170,\"height\":156,\"size\":37.61,\"sizeInBytes\":37610,\"url\":\"/uploads/thumbnail_hero_alt_1_75774d8805.png\"},\"small\":{\"name\":\"small_hero-alt-1.png\",\"hash\":\"small_hero_alt_1_75774d8805\",\"ext\":\".png\",\"mime\":\"image/png\",\"path\":null,\"width\":500,\"height\":458,\"size\":259.61,\"sizeInBytes\":259613,\"url\":\"/uploads/small_hero_alt_1_75774d8805.png\"}}', 'hero_alt_1_75774d8805', '.png', 'image/png', 119.00, '/uploads/hero_alt_1_75774d8805.png', NULL, 'local', NULL, '/', '2026-04-18 16:01:20.004000', '2026-04-18 16:01:20.004000', NULL, NULL),
(7, 'service-bg-research.png', NULL, NULL, 701, 780, '{\"thumbnail\":{\"name\":\"thumbnail_service-bg-research.png\",\"hash\":\"thumbnail_service_bg_research_b8616edda7\",\"ext\":\".png\",\"mime\":\"image/png\",\"path\":null,\"width\":140,\"height\":156,\"size\":41.38,\"sizeInBytes\":41381,\"url\":\"/uploads/thumbnail_service_bg_research_b8616edda7.png\"},\"small\":{\"name\":\"small_service-bg-research.png\",\"hash\":\"small_service_bg_research_b8616edda7\",\"ext\":\".png\",\"mime\":\"image/png\",\"path\":null,\"width\":449,\"height\":500,\"size\":300.06,\"sizeInBytes\":300064,\"url\":\"/uploads/small_service_bg_research_b8616edda7.png\"},\"medium\":{\"name\":\"medium_service-bg-research.png\",\"hash\":\"medium_service_bg_research_b8616edda7\",\"ext\":\".png\",\"mime\":\"image/png\",\"path\":null,\"width\":674,\"height\":750,\"size\":577.31,\"sizeInBytes\":577312,\"url\":\"/uploads/medium_service_bg_research_b8616edda7.png\"}}', 'service_bg_research_b8616edda7', '.png', 'image/png', 154.20, '/uploads/service_bg_research_b8616edda7.png', NULL, 'local', NULL, '/', '2026-04-18 16:01:20.033000', '2026-04-18 16:01:20.033000', NULL, NULL),
(8, 'service-bg-brokerage.png', NULL, NULL, 900, 450, '{\"thumbnail\":{\"name\":\"thumbnail_service-bg-brokerage.png\",\"hash\":\"thumbnail_service_bg_brokerage_129eb5a047\",\"ext\":\".png\",\"mime\":\"image/png\",\"path\":null,\"width\":245,\"height\":122,\"size\":78.84,\"sizeInBytes\":78843,\"url\":\"/uploads/thumbnail_service_bg_brokerage_129eb5a047.png\"},\"small\":{\"name\":\"small_service-bg-brokerage.png\",\"hash\":\"small_service_bg_brokerage_129eb5a047\",\"ext\":\".png\",\"mime\":\"image/png\",\"path\":null,\"width\":500,\"height\":250,\"size\":310.82,\"sizeInBytes\":310823,\"url\":\"/uploads/small_service_bg_brokerage_129eb5a047.png\"},\"medium\":{\"name\":\"medium_service-bg-brokerage.png\",\"hash\":\"medium_service_bg_brokerage_129eb5a047\",\"ext\":\".png\",\"mime\":\"image/png\",\"path\":null,\"width\":750,\"height\":375,\"size\":693.12,\"sizeInBytes\":693117,\"url\":\"/uploads/medium_service_bg_brokerage_129eb5a047.png\"}}', 'service_bg_brokerage_129eb5a047', '.png', 'image/png', 268.28, '/uploads/service_bg_brokerage_129eb5a047.png', NULL, 'local', NULL, '/', '2026-04-18 16:01:20.117000', '2026-04-18 16:01:20.117000', NULL, NULL),
(9, 'open-account-bg.png', NULL, NULL, 708, 762, '{\"thumbnail\":{\"name\":\"thumbnail_open-account-bg.png\",\"hash\":\"thumbnail_open_account_bg_895ae736e8\",\"ext\":\".png\",\"mime\":\"image/png\",\"path\":null,\"width\":145,\"height\":156,\"size\":34.66,\"sizeInBytes\":34657,\"url\":\"/uploads/thumbnail_open_account_bg_895ae736e8.png\"},\"small\":{\"name\":\"small_open-account-bg.png\",\"hash\":\"small_open_account_bg_895ae736e8\",\"ext\":\".png\",\"mime\":\"image/png\",\"path\":null,\"width\":465,\"height\":500,\"size\":259.9,\"sizeInBytes\":259905,\"url\":\"/uploads/small_open_account_bg_895ae736e8.png\"},\"medium\":{\"name\":\"medium_open-account-bg.png\",\"hash\":\"medium_open_account_bg_895ae736e8\",\"ext\":\".png\",\"mime\":\"image/png\",\"path\":null,\"width\":697,\"height\":750,\"size\":501.18,\"sizeInBytes\":501181,\"url\":\"/uploads/medium_open_account_bg_895ae736e8.png\"}}', 'open_account_bg_895ae736e8', '.png', 'image/png', 76.33, '/uploads/open_account_bg_895ae736e8.png', NULL, 'local', NULL, '/', '2026-04-18 16:01:20.139000', '2026-04-18 16:01:20.139000', NULL, NULL),
(10, 'nguyen-thi-thanh-uyen.svg', NULL, NULL, 256, 256, NULL, 'nguyen_thi_thanh_uyen_5533541226', '.svg', 'image/svg+xml', 1.01, '/uploads/nguyen_thi_thanh_uyen_5533541226.svg', NULL, 'local', NULL, '/', '2026-04-19 12:22:18.118000', '2026-04-19 12:22:18.118000', NULL, NULL),
(11, 'nguyen-quang-truong.svg', NULL, NULL, 256, 256, NULL, 'nguyen_quang_truong_cf248f072e', '.svg', 'image/svg+xml', 1.00, '/uploads/nguyen_quang_truong_cf248f072e.svg', NULL, 'local', NULL, '/', '2026-04-19 12:22:18.298000', '2026-04-19 12:22:18.298000', NULL, NULL),
(12, 'advisor-section-bg.svg', NULL, NULL, 1600, 960, NULL, 'advisor_section_bg_e94be39d62', '.svg', 'image/svg+xml', 2.39, '/uploads/advisor_section_bg_e94be39d62.svg', NULL, 'local', NULL, '/', '2026-04-19 12:27:10.080000', '2026-04-19 12:27:10.080000', NULL, NULL),
(13, 'nguyen-thi-thanh-uyen.png', NULL, NULL, 430, 338, '{\"thumbnail\":{\"name\":\"thumbnail_nguyen-thi-thanh-uyen.png\",\"hash\":\"thumbnail_nguyen_thi_thanh_uyen_c2d9db38e6\",\"ext\":\".png\",\"mime\":\"image/png\",\"path\":null,\"width\":198,\"height\":156,\"size\":36.24,\"sizeInBytes\":36238,\"url\":\"/uploads/thumbnail_nguyen_thi_thanh_uyen_c2d9db38e6.png\"}}', 'nguyen_thi_thanh_uyen_c2d9db38e6', '.png', 'image/png', 35.58, '/uploads/nguyen_thi_thanh_uyen_c2d9db38e6.png', NULL, 'local', NULL, '/', '2026-04-19 12:41:17.520000', '2026-04-19 12:41:17.520000', NULL, NULL),
(14, 'nguyen-quang-truong.png', NULL, NULL, 430, 338, '{\"thumbnail\":{\"name\":\"thumbnail_nguyen-quang-truong.png\",\"hash\":\"thumbnail_nguyen_quang_truong_f253730e79\",\"ext\":\".png\",\"mime\":\"image/png\",\"path\":null,\"width\":198,\"height\":156,\"size\":37.85,\"sizeInBytes\":37846,\"url\":\"/uploads/thumbnail_nguyen_quang_truong_f253730e79.png\"}}', 'nguyen_quang_truong_f253730e79', '.png', 'image/png', 32.85, '/uploads/nguyen_quang_truong_f253730e79.png', NULL, 'local', NULL, '/', '2026-04-19 12:41:17.520000', '2026-04-19 12:41:17.520000', NULL, NULL),
(15, 'service-icon-research.png', NULL, NULL, 51, 51, NULL, 'service_icon_research_563637cca4', '.png', 'image/png', 0.99, '/uploads/service_icon_research_563637cca4.png', NULL, 'local', NULL, '/', '2026-04-20 11:24:06.025000', '2026-04-20 11:24:06.025000', NULL, NULL),
(16, 'service-icon-ib.png', NULL, NULL, 51, 51, NULL, 'service_icon_ib_2b06b8647b', '.png', 'image/png', 0.64, '/uploads/service_icon_ib_2b06b8647b.png', NULL, 'local', NULL, '/', '2026-04-20 11:24:06.025000', '2026-04-20 11:24:06.025000', NULL, NULL),
(17, 'service-icon-brokerage.png', NULL, NULL, 51, 51, NULL, 'service_icon_brokerage_3a4dab096b', '.png', 'image/png', 0.59, '/uploads/service_icon_brokerage_3a4dab096b.png', NULL, 'local', NULL, '/', '2026-04-20 11:24:06.025000', '2026-04-20 11:24:06.025000', NULL, NULL);

-- --------------------------------------------------------

--
-- Table structure for table `files_folder_links`
--

CREATE TABLE `files_folder_links` (
  `id` int(10) UNSIGNED NOT NULL,
  `file_id` int(10) UNSIGNED DEFAULT NULL,
  `folder_id` int(10) UNSIGNED DEFAULT NULL,
  `file_order` double UNSIGNED DEFAULT NULL
) ENGINE=InnoDB DEFAULT CHARSET=utf8mb4 COLLATE=utf8mb4_unicode_ci;

-- --------------------------------------------------------

--
-- Table structure for table `files_related_morphs`
--

CREATE TABLE `files_related_morphs` (
  `id` int(10) UNSIGNED NOT NULL,
  `file_id` int(10) UNSIGNED DEFAULT NULL,
  `related_id` int(10) UNSIGNED DEFAULT NULL,
  `related_type` varchar(255) DEFAULT NULL,
  `field` varchar(255) DEFAULT NULL,
  `order` double UNSIGNED DEFAULT NULL
) ENGINE=InnoDB DEFAULT CHARSET=utf8mb4 COLLATE=utf8mb4_unicode_ci;

--
-- Dumping data for table `files_related_morphs`
--

INSERT INTO `files_related_morphs` (`id`, `file_id`, `related_id`, `related_type`, `field`, `order`) VALUES
(5113, 8, 1, 'api::service.service', 'coverImage', 1),
(5114, 1, 2, 'api::service.service', 'coverImage', 1),
(5115, 14, 163, 'shared.advisor-card', 'avatar', 1),
(5116, 13, 164, 'shared.advisor-card', 'avatar', 1),
(5117, 5, 3, 'api::service.service', 'coverImage', 1),
(5118, 12, 3, 'api::service.service', 'advisorSectionBackgroundImage', 1),
(5119, 5, 4, 'api::service.service', 'coverImage', 1),
(5120, 3, 1, 'api::news-article.news-article', 'coverImage', 1),
(5121, 6, 2, 'api::news-article.news-article', 'coverImage', 1),
(5122, 1, 3, 'api::news-article.news-article', 'coverImage', 1),
(5123, 7, 4, 'api::news-article.news-article', 'coverImage', 1),
(5124, 4, 5, 'api::news-article.news-article', 'coverImage', 1),
(5125, 2, 6, 'api::news-article.news-article', 'coverImage', 1),
(5126, 7, 1, 'api::event.event', 'coverImage', 1),
(5127, 3, 2, 'api::event.event', 'coverImage', 1),
(5128, 6, 3, 'api::event.event', 'coverImage', 1),
(5129, 7, 1, 'api::research-report.research-report', 'coverImage', 1),
(5130, 3, 2, 'api::research-report.research-report', 'coverImage', 1),
(5131, 1, 3, 'api::research-report.research-report', 'coverImage', 1),
(5132, 5, 4, 'api::research-report.research-report', 'coverImage', 1),
(5133, 6, 5, 'api::research-report.research-report', 'coverImage', 1),
(5134, 2, 6, 'api::research-report.research-report', 'coverImage', 1),
(5135, 4, 1065, 'sections.hero-block', 'backgroundImage', 1),
(5136, 4, 1, 'api::page.page', 'coverImage', 1),
(5137, 9, 2, 'api::page.page', 'coverImage', 1),
(5138, 9, 1066, 'sections.hero-block', 'backgroundImage', 1),
(5139, 9, 11, 'api::page.page', 'coverImage', 1),
(5140, 1, 1067, 'sections.hero-block', 'backgroundImage', 1),
(5141, 1, 12, 'api::page.page', 'coverImage', 1),
(5142, 1, 1068, 'sections.hero-block', 'backgroundImage', 1),
(5143, 1, 13, 'api::page.page', 'coverImage', 1),
(5144, 9, 1069, 'sections.hero-block', 'backgroundImage', 1),
(5145, 9, 14, 'api::page.page', 'coverImage', 1),
(5146, 1, 1070, 'sections.hero-block', 'backgroundImage', 1),
(5147, 1, 15, 'api::page.page', 'coverImage', 1),
(5148, 1, 1071, 'sections.hero-block', 'backgroundImage', 1),
(5149, 1, 16, 'api::page.page', 'coverImage', 1),
(5150, 8, 1072, 'sections.hero-block', 'backgroundImage', 1),
(5151, 8, 17, 'api::page.page', 'coverImage', 1),
(5152, 3, 1073, 'sections.hero-block', 'backgroundImage', 1),
(5153, 3, 18, 'api::page.page', 'coverImage', 1),
(5154, 7, 1074, 'sections.hero-block', 'backgroundImage', 1),
(5155, 7, 19, 'api::page.page', 'coverImage', 1),
(5156, 2, 3, 'api::page.page', 'coverImage', 1),
(5157, 2, 4, 'api::page.page', 'coverImage', 1),
(5158, 2, 5, 'api::page.page', 'coverImage', 1),
(5159, 7, 20, 'api::page.page', 'coverImage', 1),
(5160, 7, 21, 'api::page.page', 'coverImage', 1),
(5161, 1, 22, 'api::page.page', 'coverImage', 1),
(5162, 2, 23, 'api::page.page', 'coverImage', 1),
(5163, 3, 1, 'api::banner.banner', 'image', 1),
(5164, 6, 1, 'api::banner.banner', 'mobileImage', 1),
(5165, 6, 3, 'api::banner.banner', 'image', 1),
(5166, 4, 3, 'api::banner.banner', 'mobileImage', 1),
(5167, 4, 4, 'api::banner.banner', 'image', 1),
(5168, 3, 4, 'api::banner.banner', 'mobileImage', 1),
(5179, 5, 5, 'api::service.service', 'coverImage', 1),
(5180, 5, 6, 'api::service.service', 'coverImage', 1),
(5181, 14, 165, 'shared.advisor-card', 'avatar', 1),
(5182, 13, 166, 'shared.advisor-card', 'avatar', 1),
(5183, 5, 7, 'api::service.service', 'coverImage', 1),
(5184, 12, 7, 'api::service.service', 'advisorSectionBackgroundImage', 1),
(5185, 5, 8, 'api::service.service', 'coverImage', 1),
(5186, 3, 7, 'api::news-article.news-article', 'coverImage', 1),
(5187, 6, 8, 'api::news-article.news-article', 'coverImage', 1),
(5188, 1, 9, 'api::news-article.news-article', 'coverImage', 1),
(5189, 7, 10, 'api::news-article.news-article', 'coverImage', 1),
(5190, 4, 11, 'api::news-article.news-article', 'coverImage', 1),
(5191, 2, 12, 'api::news-article.news-article', 'coverImage', 1),
(5192, 7, 4, 'api::event.event', 'coverImage', 1),
(5193, 3, 5, 'api::event.event', 'coverImage', 1),
(5194, 6, 6, 'api::event.event', 'coverImage', 1),
(5195, 7, 7, 'api::research-report.research-report', 'coverImage', 1),
(5196, 3, 8, 'api::research-report.research-report', 'coverImage', 1),
(5197, 1, 9, 'api::research-report.research-report', 'coverImage', 1),
(5198, 5, 10, 'api::research-report.research-report', 'coverImage', 1),
(5199, 6, 11, 'api::research-report.research-report', 'coverImage', 1),
(5200, 2, 12, 'api::research-report.research-report', 'coverImage', 1),
(5201, 2, 8, 'api::page.page', 'coverImage', 1),
(5202, 2, 9, 'api::page.page', 'coverImage', 1),
(5203, 2, 10, 'api::page.page', 'coverImage', 1),
(5204, 7, 33, 'api::page.page', 'coverImage', 1),
(5205, 7, 34, 'api::page.page', 'coverImage', 1),
(5206, 1, 35, 'api::page.page', 'coverImage', 1),
(5207, 2, 36, 'api::page.page', 'coverImage', 1),
(5208, 3, 2, 'api::banner.banner', 'image', 1),
(5209, 6, 2, 'api::banner.banner', 'mobileImage', 1),
(5210, 6, 5, 'api::banner.banner', 'image', 1),
(5211, 4, 5, 'api::banner.banner', 'mobileImage', 1),
(5212, 4, 6, 'api::banner.banner', 'image', 1),
(5213, 3, 6, 'api::banner.banner', 'mobileImage', 1),
(5254, 3, 1075, 'sections.hero-block', 'backgroundImage', 1),
(5255, 1, 112, 'sections.trading-system-showcase-section', 'screenshot', 1),
(5256, 17, 142, 'shared.home-highlight-item', 'icon', 1),
(5257, 15, 143, 'shared.home-highlight-item', 'icon', 1),
(5258, 16, 144, 'shared.home-highlight-item', 'icon', 1),
(5259, 8, 441, 'shared.home-partner-item', 'logo', 1),
(5260, 2, 442, 'shared.home-partner-item', 'logo', 1),
(5261, 3, 443, 'shared.home-partner-item', 'logo', 1),
(5262, 6, 444, 'shared.home-partner-item', 'logo', 1),
(5263, 4, 445, 'shared.home-partner-item', 'logo', 1),
(5274, 3, 1064, 'sections.hero-block', 'backgroundImage', 1),
(5275, 1, 111, 'sections.trading-system-showcase-section', 'screenshot', 1),
(5276, 17, 139, 'shared.home-highlight-item', 'icon', 1),
(5277, 15, 140, 'shared.home-highlight-item', 'icon', 1),
(5278, 16, 141, 'shared.home-highlight-item', 'icon', 1),
(5279, 8, 436, 'shared.home-partner-item', 'logo', 1),
(5280, 2, 437, 'shared.home-partner-item', 'logo', 1),
(5281, 3, 438, 'shared.home-partner-item', 'logo', 1),
(5282, 6, 439, 'shared.home-partner-item', 'logo', 1),
(5283, 4, 440, 'shared.home-partner-item', 'logo', 1);

-- --------------------------------------------------------

--
-- Table structure for table `footer_navigations`
--

CREATE TABLE `footer_navigations` (
  `id` int(10) UNSIGNED NOT NULL,
  `copyright_text` varchar(255) DEFAULT NULL,
  `created_at` datetime(6) DEFAULT NULL,
  `updated_at` datetime(6) DEFAULT NULL,
  `published_at` datetime(6) DEFAULT NULL,
  `created_by_id` int(10) UNSIGNED DEFAULT NULL,
  `updated_by_id` int(10) UNSIGNED DEFAULT NULL,
  `locale` varchar(255) DEFAULT NULL
) ENGINE=InnoDB DEFAULT CHARSET=utf8mb4 COLLATE=utf8mb4_unicode_ci;

--
-- Dumping data for table `footer_navigations`
--

INSERT INTO `footer_navigations` (`id`, `copyright_text`, `created_at`, `updated_at`, `published_at`, `created_by_id`, `updated_by_id`, `locale`) VALUES
(1, '© 2026 FinTrust Securities. All rights reserved.', '2026-04-11 12:42:14.442000', '2026-04-20 16:48:01.534000', '2026-04-20 16:47:59.478000', NULL, NULL, 'vi'),
(2, '© 2026 FinTrust Securities. All rights reserved.', '2026-04-11 12:42:14.644000', '2026-04-20 16:48:04.473000', '2026-04-20 16:47:59.478000', NULL, NULL, 'en');

-- --------------------------------------------------------

--
-- Table structure for table `footer_navigations_components`
--

CREATE TABLE `footer_navigations_components` (
  `id` int(10) UNSIGNED NOT NULL,
  `entity_id` int(10) UNSIGNED DEFAULT NULL,
  `component_id` int(10) UNSIGNED DEFAULT NULL,
  `component_type` varchar(255) DEFAULT NULL,
  `field` varchar(255) DEFAULT NULL,
  `order` double UNSIGNED DEFAULT NULL
) ENGINE=InnoDB DEFAULT CHARSET=utf8mb4 COLLATE=utf8mb4_unicode_ci;

--
-- Dumping data for table `footer_navigations_components`
--

INSERT INTO `footer_navigations_components` (`id`, `entity_id`, `component_id`, `component_type`, `field`, `order`) VALUES
(679, 1, 3938, 'shared.link-item', 'columns', 1),
(680, 1, 3939, 'shared.link-item', 'columns', 2),
(681, 1, 3940, 'shared.link-item', 'columns', 3),
(682, 1, 3941, 'shared.link-item', 'legalLinks', 1),
(683, 1, 3942, 'shared.link-item', 'legalLinks', 2),
(684, 1, 3943, 'shared.link-item', 'legalLinks', 3),
(685, 2, 3975, 'shared.link-item', 'columns', 1),
(686, 2, 3976, 'shared.link-item', 'columns', 2),
(687, 2, 3977, 'shared.link-item', 'columns', 3),
(688, 2, 3978, 'shared.link-item', 'legalLinks', 1),
(689, 2, 3979, 'shared.link-item', 'legalLinks', 2),
(690, 2, 3980, 'shared.link-item', 'legalLinks', 3);

-- --------------------------------------------------------

--
-- Table structure for table `footer_navigations_localizations_links`
--

CREATE TABLE `footer_navigations_localizations_links` (
  `id` int(10) UNSIGNED NOT NULL,
  `footer_navigation_id` int(10) UNSIGNED DEFAULT NULL,
  `inv_footer_navigation_id` int(10) UNSIGNED DEFAULT NULL,
  `footer_navigation_order` double UNSIGNED DEFAULT NULL
) ENGINE=InnoDB DEFAULT CHARSET=utf8mb4 COLLATE=utf8mb4_unicode_ci;

-- --------------------------------------------------------

--
-- Table structure for table `global_settings`
--

CREATE TABLE `global_settings` (
  `id` int(10) UNSIGNED NOT NULL,
  `site_name` varchar(255) DEFAULT NULL,
  `site_tagline` varchar(255) DEFAULT NULL,
  `site_description` longtext DEFAULT NULL,
  `organization_name` varchar(255) DEFAULT NULL,
  `support_hotline` varchar(255) DEFAULT NULL,
  `support_email` varchar(255) DEFAULT NULL,
  `address` longtext DEFAULT NULL,
  `created_at` datetime(6) DEFAULT NULL,
  `updated_at` datetime(6) DEFAULT NULL,
  `published_at` datetime(6) DEFAULT NULL,
  `created_by_id` int(10) UNSIGNED DEFAULT NULL,
  `updated_by_id` int(10) UNSIGNED DEFAULT NULL,
  `locale` varchar(255) DEFAULT NULL
) ENGINE=InnoDB DEFAULT CHARSET=utf8mb4 COLLATE=utf8mb4_unicode_ci;

--
-- Dumping data for table `global_settings`
--

INSERT INTO `global_settings` (`id`, `site_name`, `site_tagline`, `site_description`, `organization_name`, `support_hotline`, `support_email`, `address`, `created_at`, `updated_at`, `published_at`, `created_by_id`, `updated_by_id`, `locale`) VALUES
(1, 'FinTrust Securities', 'Nền tảng dịch vụ chứng khoán và nghiên cứu chuyên sâu', 'Website doanh nghiệp tài chính với trọng tâm minh bạch, kỷ luật quản trị rủi ro và năng lực tư vấn đầu tư chuyên sâu.', 'Công ty Cổ phần Chứng khoán FinTrust', '1900 6868', 'support@fintrust.vn', 'Tầng 15, 99 Nguyễn Du, Quận 1, TP. Hồ Chí Minh', '2026-04-11 12:42:14.417000', '2026-04-20 16:48:01.251000', '2026-04-20 16:47:59.478000', NULL, NULL, 'vi'),
(2, 'FinTrust Securities', 'Enterprise brokerage and market intelligence platform', 'Corporate fintech website focused on transparency, risk governance discipline, and professional investment advisory.', 'FinTrust Securities Joint Stock Company', '+84 1900 6868', 'support@fintrust.vn', '15F, 99 Nguyen Du Street, District 1, Ho Chi Minh City, Vietnam', '2026-04-11 12:42:14.625000', '2026-04-20 16:48:04.087000', '2026-04-20 16:47:59.478000', NULL, NULL, 'en');

-- --------------------------------------------------------

--
-- Table structure for table `global_settings_components`
--

CREATE TABLE `global_settings_components` (
  `id` int(10) UNSIGNED NOT NULL,
  `entity_id` int(10) UNSIGNED DEFAULT NULL,
  `component_id` int(10) UNSIGNED DEFAULT NULL,
  `component_type` varchar(255) DEFAULT NULL,
  `field` varchar(255) DEFAULT NULL,
  `order` double UNSIGNED DEFAULT NULL
) ENGINE=InnoDB DEFAULT CHARSET=utf8mb4 COLLATE=utf8mb4_unicode_ci;

--
-- Dumping data for table `global_settings_components`
--

INSERT INTO `global_settings_components` (`id`, `entity_id`, `component_id`, `component_type`, `field`, `order`) VALUES
(453, 1, 3928, 'shared.link-item', 'socialLinks', 1),
(454, 1, 3929, 'shared.link-item', 'socialLinks', 2),
(455, 1, 3930, 'shared.link-item', 'socialLinks', 3),
(456, 1, 5415, 'shared.seo-meta', 'defaultSeo', NULL),
(457, 2, 3965, 'shared.link-item', 'socialLinks', 1),
(458, 2, 3966, 'shared.link-item', 'socialLinks', 2),
(459, 2, 3967, 'shared.link-item', 'socialLinks', 3),
(460, 2, 5467, 'shared.seo-meta', 'defaultSeo', NULL);

-- --------------------------------------------------------

--
-- Table structure for table `global_settings_localizations_links`
--

CREATE TABLE `global_settings_localizations_links` (
  `id` int(10) UNSIGNED NOT NULL,
  `global_setting_id` int(10) UNSIGNED DEFAULT NULL,
  `inv_global_setting_id` int(10) UNSIGNED DEFAULT NULL,
  `global_setting_order` double UNSIGNED DEFAULT NULL
) ENGINE=InnoDB DEFAULT CHARSET=utf8mb4 COLLATE=utf8mb4_unicode_ci;

-- --------------------------------------------------------

--
-- Table structure for table `header_navigations`
--

CREATE TABLE `header_navigations` (
  `id` int(10) UNSIGNED NOT NULL,
  `created_at` datetime(6) DEFAULT NULL,
  `updated_at` datetime(6) DEFAULT NULL,
  `published_at` datetime(6) DEFAULT NULL,
  `created_by_id` int(10) UNSIGNED DEFAULT NULL,
  `updated_by_id` int(10) UNSIGNED DEFAULT NULL,
  `locale` varchar(255) DEFAULT NULL
) ENGINE=InnoDB DEFAULT CHARSET=utf8mb4 COLLATE=utf8mb4_unicode_ci;

--
-- Dumping data for table `header_navigations`
--

INSERT INTO `header_navigations` (`id`, `created_at`, `updated_at`, `published_at`, `created_by_id`, `updated_by_id`, `locale`) VALUES
(1, '2026-04-11 12:42:14.430000', '2026-04-20 16:48:01.452000', '2026-04-20 16:47:59.478000', NULL, NULL, 'vi'),
(2, '2026-04-11 12:42:14.634000', '2026-04-20 16:48:04.301000', '2026-04-20 16:47:59.478000', NULL, NULL, 'en');

-- --------------------------------------------------------

--
-- Table structure for table `header_navigations_components`
--

CREATE TABLE `header_navigations_components` (
  `id` int(10) UNSIGNED NOT NULL,
  `entity_id` int(10) UNSIGNED DEFAULT NULL,
  `component_id` int(10) UNSIGNED DEFAULT NULL,
  `component_type` varchar(255) DEFAULT NULL,
  `field` varchar(255) DEFAULT NULL,
  `order` double UNSIGNED DEFAULT NULL
) ENGINE=InnoDB DEFAULT CHARSET=utf8mb4 COLLATE=utf8mb4_unicode_ci;

--
-- Dumping data for table `header_navigations_components`
--

INSERT INTO `header_navigations_components` (`id`, `entity_id`, `component_id`, `component_type`, `field`, `order`) VALUES
(1018, 1, 3931, 'shared.link-item', 'items', 1),
(1019, 1, 3932, 'shared.link-item', 'items', 2),
(1020, 1, 3933, 'shared.link-item', 'items', 3),
(1021, 1, 3934, 'shared.link-item', 'items', 4),
(1022, 1, 3935, 'shared.link-item', 'items', 5),
(1023, 1, 3936, 'shared.link-item', 'items', 6),
(1024, 1, 3937, 'shared.link-item', 'items', 7),
(1025, 1, 1338, 'shared.button-config', 'primaryButton', NULL),
(1026, 1, 1339, 'shared.button-config', 'secondaryButton', NULL),
(1027, 2, 3968, 'shared.link-item', 'items', 1),
(1028, 2, 3969, 'shared.link-item', 'items', 2),
(1029, 2, 3970, 'shared.link-item', 'items', 3),
(1030, 2, 3971, 'shared.link-item', 'items', 4),
(1031, 2, 3972, 'shared.link-item', 'items', 5),
(1032, 2, 3973, 'shared.link-item', 'items', 6),
(1033, 2, 3974, 'shared.link-item', 'items', 7),
(1034, 2, 1351, 'shared.button-config', 'primaryButton', NULL),
(1035, 2, 1352, 'shared.button-config', 'secondaryButton', NULL);

-- --------------------------------------------------------

--
-- Table structure for table `header_navigations_localizations_links`
--

CREATE TABLE `header_navigations_localizations_links` (
  `id` int(10) UNSIGNED NOT NULL,
  `header_navigation_id` int(10) UNSIGNED DEFAULT NULL,
  `inv_header_navigation_id` int(10) UNSIGNED DEFAULT NULL,
  `header_navigation_order` double UNSIGNED DEFAULT NULL
) ENGINE=InnoDB DEFAULT CHARSET=utf8mb4 COLLATE=utf8mb4_unicode_ci;

-- --------------------------------------------------------

--
-- Table structure for table `homepages`
--

CREATE TABLE `homepages` (
  `id` int(10) UNSIGNED NOT NULL,
  `title` varchar(255) DEFAULT NULL,
  `summary` longtext DEFAULT NULL,
  `created_at` datetime(6) DEFAULT NULL,
  `updated_at` datetime(6) DEFAULT NULL,
  `published_at` datetime(6) DEFAULT NULL,
  `created_by_id` int(10) UNSIGNED DEFAULT NULL,
  `updated_by_id` int(10) UNSIGNED DEFAULT NULL,
  `locale` varchar(255) DEFAULT NULL
) ENGINE=InnoDB DEFAULT CHARSET=utf8mb4 COLLATE=utf8mb4_unicode_ci;

--
-- Dumping data for table `homepages`
--

INSERT INTO `homepages` (`id`, `title`, `summary`, `created_at`, `updated_at`, `published_at`, `created_by_id`, `updated_by_id`, `locale`) VALUES
(1, 'Giải pháp chứng khoán toàn diện cho nhà đầu tư hiện đại', 'Tối ưu quyết định đầu tư bằng dữ liệu, nghiên cứu và nền tảng giao dịch hiệu suất cao.', '2026-04-11 12:42:14.472000', '2026-04-20 17:11:08.394000', '2026-04-20 16:47:59.478000', NULL, 1, 'vi'),
(2, 'End-to-end securities solutions for modern investors', 'Make better investment decisions with trusted data, research, and high-performance trading systems.', '2026-04-11 12:42:14.668000', '2026-04-20 17:04:01.980000', '2026-04-20 16:47:59.478000', NULL, 1, 'en');

-- --------------------------------------------------------

--
-- Table structure for table `homepages_components`
--

CREATE TABLE `homepages_components` (
  `id` int(10) UNSIGNED NOT NULL,
  `entity_id` int(10) UNSIGNED DEFAULT NULL,
  `component_id` int(10) UNSIGNED DEFAULT NULL,
  `component_type` varchar(255) DEFAULT NULL,
  `field` varchar(255) DEFAULT NULL,
  `order` double UNSIGNED DEFAULT NULL
) ENGINE=InnoDB DEFAULT CHARSET=utf8mb4 COLLATE=utf8mb4_unicode_ci;

--
-- Dumping data for table `homepages_components`
--

INSERT INTO `homepages_components` (`id`, `entity_id`, `component_id`, `component_type`, `field`, `order`) VALUES
(1684, 1, 1064, 'sections.hero-block', 'hero', NULL),
(1699, 1, 5418, 'shared.seo-meta', 'seo', NULL),
(1700, 2, 1075, 'sections.hero-block', 'hero', NULL),
(1715, 2, 5470, 'shared.seo-meta', 'seo', NULL),
(1781, 2, 26, 'sections.home-market-strip-section', 'sections', 1),
(1782, 2, 89, 'sections.home-ecosystem-section', 'sections', 2),
(1783, 2, 89, 'sections.home-ai-stack-section', 'sections', 3),
(1784, 2, 1097, 'sections.feature-card-section', 'sections', 4),
(1785, 2, 20, 'sections.home-price-board-section', 'sections', 5),
(1786, 2, 112, 'sections.trading-system-showcase-section', 'sections', 6),
(1787, 2, 112, 'sections.stats-section', 'sections', 7),
(1788, 2, 112, 'sections.news-list-section', 'sections', 8),
(1789, 2, 112, 'sections.research-list-section', 'sections', 9),
(1790, 2, 505, 'sections.faq-section', 'sections', 10),
(1791, 2, 220, 'sections.cta-section', 'sections', 11),
(1792, 2, 112, 'sections.office-list-section', 'sections', 12),
(1793, 2, 112, 'sections.trust-signal-section', 'sections', 13),
(1794, 2, 89, 'sections.home-one-shinhan-section', 'sections', 14),
(1813, 1, 25, 'sections.home-market-strip-section', 'sections', 1),
(1814, 1, 88, 'sections.home-ai-stack-section', 'sections', 2),
(1815, 1, 1086, 'sections.feature-card-section', 'sections', 3),
(1816, 1, 88, 'sections.home-ecosystem-section', 'sections', 4),
(1817, 1, 19, 'sections.home-price-board-section', 'sections', 5),
(1818, 1, 111, 'sections.trading-system-showcase-section', 'sections', 6),
(1819, 1, 111, 'sections.stats-section', 'sections', 7),
(1820, 1, 111, 'sections.news-list-section', 'sections', 8),
(1821, 1, 111, 'sections.research-list-section', 'sections', 9),
(1822, 1, 500, 'sections.faq-section', 'sections', 10),
(1823, 1, 218, 'sections.cta-section', 'sections', 11),
(1824, 1, 111, 'sections.office-list-section', 'sections', 12),
(1825, 1, 111, 'sections.trust-signal-section', 'sections', 13),
(1826, 1, 88, 'sections.home-one-shinhan-section', 'sections', 14);

-- --------------------------------------------------------

--
-- Table structure for table `homepages_localizations_links`
--

CREATE TABLE `homepages_localizations_links` (
  `id` int(10) UNSIGNED NOT NULL,
  `homepage_id` int(10) UNSIGNED DEFAULT NULL,
  `inv_homepage_id` int(10) UNSIGNED DEFAULT NULL,
  `homepage_order` double UNSIGNED DEFAULT NULL
) ENGINE=InnoDB DEFAULT CHARSET=utf8mb4 COLLATE=utf8mb4_unicode_ci;

-- --------------------------------------------------------

--
-- Table structure for table `i18n_locale`
--

CREATE TABLE `i18n_locale` (
  `id` int(10) UNSIGNED NOT NULL,
  `name` varchar(255) DEFAULT NULL,
  `code` varchar(255) DEFAULT NULL,
  `created_at` datetime(6) DEFAULT NULL,
  `updated_at` datetime(6) DEFAULT NULL,
  `created_by_id` int(10) UNSIGNED DEFAULT NULL,
  `updated_by_id` int(10) UNSIGNED DEFAULT NULL
) ENGINE=InnoDB DEFAULT CHARSET=utf8mb4 COLLATE=utf8mb4_unicode_ci;

--
-- Dumping data for table `i18n_locale`
--

INSERT INTO `i18n_locale` (`id`, `name`, `code`, `created_at`, `updated_at`, `created_by_id`, `updated_by_id`) VALUES
(1, 'English (en)', 'en', '2026-04-11 12:42:13.710000', '2026-04-11 12:42:13.710000', NULL, NULL),
(2, 'Vietnamese (vi)', 'vi', '2026-04-11 12:42:14.186000', '2026-04-11 12:42:14.186000', NULL, NULL);

-- --------------------------------------------------------

--
-- Table structure for table `news_articles`
--

CREATE TABLE `news_articles` (
  `id` int(10) UNSIGNED NOT NULL,
  `title` varchar(255) DEFAULT NULL,
  `slug` varchar(255) DEFAULT NULL,
  `summary` longtext DEFAULT NULL,
  `content` longtext DEFAULT NULL,
  `publish_date` datetime(6) DEFAULT NULL,
  `featured` tinyint(1) DEFAULT NULL,
  `status` varchar(255) DEFAULT NULL,
  `created_at` datetime(6) DEFAULT NULL,
  `updated_at` datetime(6) DEFAULT NULL,
  `published_at` datetime(6) DEFAULT NULL,
  `created_by_id` int(10) UNSIGNED DEFAULT NULL,
  `updated_by_id` int(10) UNSIGNED DEFAULT NULL,
  `locale` varchar(255) DEFAULT NULL
) ENGINE=InnoDB DEFAULT CHARSET=utf8mb4 COLLATE=utf8mb4_unicode_ci;

--
-- Dumping data for table `news_articles`
--

INSERT INTO `news_articles` (`id`, `title`, `slug`, `summary`, `content`, `publish_date`, `featured`, `status`, `created_at`, `updated_at`, `published_at`, `created_by_id`, `updated_by_id`, `locale`) VALUES
(1, 'Thị trường quý 2/2026: Thanh khoản cải thiện tại nhóm vốn hóa lớn', 'thi-truong-giao-dich-quy-2-2026', 'Bản tin cập nhật diễn biến thị trường, chính sách và hoạt động doanh nghiệp liên quan đến nhà đầu tư.', '<p>Nội dung bài viết mẫu nhằm minh họa cách vận hành chuyên mục tin tức, bao gồm góc nhìn thị trường, dữ liệu tham khảo và lưu ý rủi ro.</p>', '2026-04-20 16:48:02.511000', 1, 'published', '2026-04-11 12:42:14.516000', '2026-04-20 16:48:02.533000', '2026-04-20 16:47:59.478000', NULL, NULL, 'vi'),
(2, 'Nâng cấp hệ thống giao dịch trực tuyến tháng 4/2026', 'cap-nhat-he-thong-giao-dich-thang-4', 'Bản tin cập nhật diễn biến thị trường, chính sách và hoạt động doanh nghiệp liên quan đến nhà đầu tư.', '<p>Nội dung bài viết mẫu nhằm minh họa cách vận hành chuyên mục tin tức, bao gồm góc nhìn thị trường, dữ liệu tham khảo và lưu ý rủi ro.</p>', '2026-04-19 16:48:02.566000', 1, 'published', '2026-04-11 12:42:14.520000', '2026-04-20 16:48:02.584000', '2026-04-20 16:47:59.478000', NULL, NULL, 'vi'),
(3, 'Chiến lược phân bổ ngắn hạn trong giai đoạn biến động', 'chien-luoc-phan-bo-ngan-han', 'Bản tin cập nhật diễn biến thị trường, chính sách và hoạt động doanh nghiệp liên quan đến nhà đầu tư.', '<p>Nội dung bài viết mẫu nhằm minh họa cách vận hành chuyên mục tin tức, bao gồm góc nhìn thị trường, dữ liệu tham khảo và lưu ý rủi ro.</p>', '2026-04-18 16:48:02.607000', 0, 'published', '2026-04-11 12:42:14.523000', '2026-04-20 16:48:02.617000', '2026-04-20 16:47:59.478000', NULL, NULL, 'vi'),
(4, 'Triển vọng ngành ngân hàng 2026: Tăng trưởng chọn lọc', 'bao-cao-nganh-ngan-hang-2026', 'Bản tin cập nhật diễn biến thị trường, chính sách và hoạt động doanh nghiệp liên quan đến nhà đầu tư.', '<p>Nội dung bài viết mẫu nhằm minh họa cách vận hành chuyên mục tin tức, bao gồm góc nhìn thị trường, dữ liệu tham khảo và lưu ý rủi ro.</p>', '2026-04-17 16:48:02.630000', 0, 'published', '2026-04-11 12:42:14.526000', '2026-04-20 16:48:02.642000', '2026-04-20 16:47:59.478000', NULL, NULL, 'vi'),
(5, 'FinTrust khai trương chi nhánh Đà Nẵng', 'fintrust-khai-truong-chi-nhanh-da-nang', 'Bản tin cập nhật diễn biến thị trường, chính sách và hoạt động doanh nghiệp liên quan đến nhà đầu tư.', '<p>Nội dung bài viết mẫu nhằm minh họa cách vận hành chuyên mục tin tức, bao gồm góc nhìn thị trường, dữ liệu tham khảo và lưu ý rủi ro.</p>', '2026-04-16 16:48:02.661000', 0, 'published', '2026-04-11 12:42:14.529000', '2026-04-20 16:48:02.679000', '2026-04-20 16:47:59.478000', NULL, NULL, 'vi'),
(6, 'Nhận định vĩ mô tháng 4: Lạm phát và tỷ giá', 'nhan-dinh-vi-mo-thang-4', 'Bản tin cập nhật diễn biến thị trường, chính sách và hoạt động doanh nghiệp liên quan đến nhà đầu tư.', '<p>Nội dung bài viết mẫu nhằm minh họa cách vận hành chuyên mục tin tức, bao gồm góc nhìn thị trường, dữ liệu tham khảo và lưu ý rủi ro.</p>', '2026-04-15 16:48:02.694000', 0, 'published', '2026-04-11 12:42:14.531000', '2026-04-20 16:48:02.704000', '2026-04-20 16:47:59.478000', NULL, NULL, 'vi'),
(7, 'Q2 2026 Market Pulse: Liquidity improves in large-cap names', 'q2-2026-market-liquidity-update', 'News update covering market movements, policy context, and investor-relevant corporate developments.', '<p>Sample article content demonstrating market commentary structure, reference data highlights, and risk notes.</p>', '2026-04-20 16:48:05.351000', 1, 'published', '2026-04-11 12:42:14.710000', '2026-04-20 16:48:05.360000', '2026-04-20 16:47:59.478000', NULL, NULL, 'en'),
(8, 'April 2026 online trading platform upgrade notice', 'april-platform-upgrade', 'News update covering market movements, policy context, and investor-relevant corporate developments.', '<p>Sample article content demonstrating market commentary structure, reference data highlights, and risk notes.</p>', '2026-04-19 16:48:05.383000', 1, 'published', '2026-04-11 12:42:14.713000', '2026-04-20 16:48:05.400000', '2026-04-20 16:47:59.478000', NULL, NULL, 'en'),
(9, 'Short-term allocation playbook under volatile conditions', 'short-term-allocation-playbook', 'News update covering market movements, policy context, and investor-relevant corporate developments.', '<p>Sample article content demonstrating market commentary structure, reference data highlights, and risk notes.</p>', '2026-04-18 16:48:05.424000', 0, 'published', '2026-04-11 12:42:14.716000', '2026-04-20 16:48:05.441000', '2026-04-20 16:47:59.478000', NULL, NULL, 'en'),
(10, '2026 banking sector outlook: selective growth setup', 'banking-sector-outlook-2026', 'News update covering market movements, policy context, and investor-relevant corporate developments.', '<p>Sample article content demonstrating market commentary structure, reference data highlights, and risk notes.</p>', '2026-04-17 16:48:05.468000', 0, 'published', '2026-04-11 12:42:14.720000', '2026-04-20 16:48:05.486000', '2026-04-20 16:47:59.478000', NULL, NULL, 'en'),
(11, 'FinTrust opens Da Nang branch office', 'fintrust-opens-da-nang-branch', 'News update covering market movements, policy context, and investor-relevant corporate developments.', '<p>Sample article content demonstrating market commentary structure, reference data highlights, and risk notes.</p>', '2026-04-16 16:48:05.512000', 0, 'published', '2026-04-11 12:42:14.722000', '2026-04-20 16:48:05.532000', '2026-04-20 16:47:59.478000', NULL, NULL, 'en'),
(12, 'April macro briefing: inflation and FX dynamics', 'april-macro-briefing', 'News update covering market movements, policy context, and investor-relevant corporate developments.', '<p>Sample article content demonstrating market commentary structure, reference data highlights, and risk notes.</p>', '2026-04-15 16:48:05.561000', 0, 'published', '2026-04-11 12:42:14.725000', '2026-04-20 16:48:05.579000', '2026-04-20 16:47:59.478000', NULL, NULL, 'en');

-- --------------------------------------------------------

--
-- Table structure for table `news_articles_author_links`
--

CREATE TABLE `news_articles_author_links` (
  `id` int(10) UNSIGNED NOT NULL,
  `news_article_id` int(10) UNSIGNED DEFAULT NULL,
  `author_id` int(10) UNSIGNED DEFAULT NULL
) ENGINE=InnoDB DEFAULT CHARSET=utf8mb4 COLLATE=utf8mb4_unicode_ci;

--
-- Dumping data for table `news_articles_author_links`
--

INSERT INTO `news_articles_author_links` (`id`, `news_article_id`, `author_id`) VALUES
(1, 1, 1),
(2, 2, 2),
(3, 3, 1),
(4, 4, 2),
(5, 5, 1),
(6, 6, 2),
(7, 7, 3),
(8, 8, 4),
(9, 9, 3),
(10, 10, 4),
(11, 11, 3),
(12, 12, 4);

-- --------------------------------------------------------

--
-- Table structure for table `news_articles_category_links`
--

CREATE TABLE `news_articles_category_links` (
  `id` int(10) UNSIGNED NOT NULL,
  `news_article_id` int(10) UNSIGNED DEFAULT NULL,
  `news_category_id` int(10) UNSIGNED DEFAULT NULL,
  `news_article_order` double UNSIGNED DEFAULT NULL
) ENGINE=InnoDB DEFAULT CHARSET=utf8mb4 COLLATE=utf8mb4_unicode_ci;

--
-- Dumping data for table `news_articles_category_links`
--

INSERT INTO `news_articles_category_links` (`id`, `news_article_id`, `news_category_id`, `news_article_order`) VALUES
(1, 1, 1, 1),
(2, 2, 2, 1),
(3, 3, 1, 2),
(4, 4, 2, 2),
(5, 5, 1, 3),
(6, 6, 2, 3),
(7, 7, 3, 1),
(8, 8, 4, 1),
(9, 9, 3, 2),
(10, 10, 4, 2),
(11, 11, 3, 3),
(12, 12, 4, 3);

-- --------------------------------------------------------

--
-- Table structure for table `news_articles_components`
--

CREATE TABLE `news_articles_components` (
  `id` int(10) UNSIGNED NOT NULL,
  `entity_id` int(10) UNSIGNED DEFAULT NULL,
  `component_id` int(10) UNSIGNED DEFAULT NULL,
  `component_type` varchar(255) DEFAULT NULL,
  `field` varchar(255) DEFAULT NULL,
  `order` double UNSIGNED DEFAULT NULL
) ENGINE=InnoDB DEFAULT CHARSET=utf8mb4 COLLATE=utf8mb4_unicode_ci;

--
-- Dumping data for table `news_articles_components`
--

INSERT INTO `news_articles_components` (`id`, `entity_id`, `component_id`, `component_type`, `field`, `order`) VALUES
(643, 1, 5423, 'shared.seo-meta', 'seo', NULL),
(644, 2, 5424, 'shared.seo-meta', 'seo', NULL),
(645, 3, 5425, 'shared.seo-meta', 'seo', NULL),
(646, 4, 5426, 'shared.seo-meta', 'seo', NULL),
(647, 5, 5427, 'shared.seo-meta', 'seo', NULL),
(648, 6, 5428, 'shared.seo-meta', 'seo', NULL),
(649, 7, 5475, 'shared.seo-meta', 'seo', NULL),
(650, 8, 5476, 'shared.seo-meta', 'seo', NULL),
(651, 9, 5477, 'shared.seo-meta', 'seo', NULL),
(652, 10, 5478, 'shared.seo-meta', 'seo', NULL),
(653, 11, 5479, 'shared.seo-meta', 'seo', NULL),
(654, 12, 5480, 'shared.seo-meta', 'seo', NULL);

-- --------------------------------------------------------

--
-- Table structure for table `news_articles_documents_links`
--

CREATE TABLE `news_articles_documents_links` (
  `id` int(10) UNSIGNED NOT NULL,
  `news_article_id` int(10) UNSIGNED DEFAULT NULL,
  `downloadable_document_id` int(10) UNSIGNED DEFAULT NULL,
  `downloadable_document_order` double UNSIGNED DEFAULT NULL
) ENGINE=InnoDB DEFAULT CHARSET=utf8mb4 COLLATE=utf8mb4_unicode_ci;

--
-- Dumping data for table `news_articles_documents_links`
--

INSERT INTO `news_articles_documents_links` (`id`, `news_article_id`, `downloadable_document_id`, `downloadable_document_order`) VALUES
(1, 1, 1, 1),
(2, 2, 1, 1),
(3, 3, 1, 1),
(4, 4, 1, 1),
(5, 5, 1, 1),
(6, 6, 1, 1),
(7, 7, 4, 1),
(8, 8, 4, 1),
(9, 9, 4, 1),
(10, 10, 4, 1),
(11, 11, 4, 1),
(12, 12, 4, 1);

-- --------------------------------------------------------

--
-- Table structure for table `news_articles_localizations_links`
--

CREATE TABLE `news_articles_localizations_links` (
  `id` int(10) UNSIGNED NOT NULL,
  `news_article_id` int(10) UNSIGNED DEFAULT NULL,
  `inv_news_article_id` int(10) UNSIGNED DEFAULT NULL,
  `news_article_order` double UNSIGNED DEFAULT NULL
) ENGINE=InnoDB DEFAULT CHARSET=utf8mb4 COLLATE=utf8mb4_unicode_ci;

-- --------------------------------------------------------

--
-- Table structure for table `news_articles_tags_links`
--

CREATE TABLE `news_articles_tags_links` (
  `id` int(10) UNSIGNED NOT NULL,
  `news_article_id` int(10) UNSIGNED DEFAULT NULL,
  `tag_id` int(10) UNSIGNED DEFAULT NULL,
  `tag_order` double UNSIGNED DEFAULT NULL
) ENGINE=InnoDB DEFAULT CHARSET=utf8mb4 COLLATE=utf8mb4_unicode_ci;

--
-- Dumping data for table `news_articles_tags_links`
--

INSERT INTO `news_articles_tags_links` (`id`, `news_article_id`, `tag_id`, `tag_order`) VALUES
(1, 1, 1, 1),
(2, 1, 2, 2),
(3, 1, 3, 3),
(4, 1, 4, 4),
(5, 2, 1, 1),
(6, 2, 2, 2),
(7, 2, 3, 3),
(8, 2, 4, 4),
(9, 3, 1, 1),
(10, 3, 2, 2),
(11, 3, 3, 3),
(12, 3, 4, 4),
(13, 4, 1, 1),
(14, 4, 2, 2),
(15, 4, 3, 3),
(16, 4, 4, 4),
(17, 5, 1, 1),
(18, 5, 2, 2),
(19, 5, 3, 3),
(20, 5, 4, 4),
(21, 6, 1, 1),
(22, 6, 2, 2),
(23, 6, 3, 3),
(24, 6, 4, 4),
(25, 7, 5, 1),
(26, 7, 6, 2),
(27, 7, 7, 3),
(28, 7, 8, 4),
(29, 8, 5, 1),
(30, 8, 6, 2),
(31, 8, 7, 3),
(32, 8, 8, 4),
(33, 9, 5, 1),
(34, 9, 6, 2),
(35, 9, 7, 3),
(36, 9, 8, 4),
(37, 10, 5, 1),
(38, 10, 6, 2),
(39, 10, 7, 3),
(40, 10, 8, 4),
(41, 11, 5, 1),
(42, 11, 6, 2),
(43, 11, 7, 3),
(44, 11, 8, 4),
(45, 12, 5, 1),
(46, 12, 6, 2),
(47, 12, 7, 3),
(48, 12, 8, 4);

-- --------------------------------------------------------

--
-- Table structure for table `news_categories`
--

CREATE TABLE `news_categories` (
  `id` int(10) UNSIGNED NOT NULL,
  `title` varchar(255) DEFAULT NULL,
  `slug` varchar(255) DEFAULT NULL,
  `summary` longtext DEFAULT NULL,
  `sort_order` int(11) DEFAULT NULL,
  `created_at` datetime(6) DEFAULT NULL,
  `updated_at` datetime(6) DEFAULT NULL,
  `published_at` datetime(6) DEFAULT NULL,
  `created_by_id` int(10) UNSIGNED DEFAULT NULL,
  `updated_by_id` int(10) UNSIGNED DEFAULT NULL,
  `locale` varchar(255) DEFAULT NULL
) ENGINE=InnoDB DEFAULT CHARSET=utf8mb4 COLLATE=utf8mb4_unicode_ci;

--
-- Dumping data for table `news_categories`
--

INSERT INTO `news_categories` (`id`, `title`, `slug`, `summary`, `sort_order`, `created_at`, `updated_at`, `published_at`, `created_by_id`, `updated_by_id`, `locale`) VALUES
(1, 'Tin thị trường', 'tin-thi-truong', 'Diễn biến thị trường và dữ liệu vĩ mô.', 0, '2026-04-11 12:42:14.477000', '2026-04-20 16:48:02.112000', '2026-04-20 16:47:59.478000', NULL, NULL, 'vi'),
(2, 'Tin doanh nghiệp', 'tin-doanh-nghiep', 'Thông tin hoạt động và cập nhật nội bộ.', 0, '2026-04-11 12:42:14.479000', '2026-04-20 16:48:02.115000', '2026-04-20 16:47:59.478000', NULL, NULL, 'vi'),
(3, 'Market News', 'market-news', 'Market movement and macro updates.', 0, '2026-04-11 12:42:14.673000', '2026-04-20 16:48:04.959000', '2026-04-20 16:47:59.478000', NULL, NULL, 'en'),
(4, 'Corporate News', 'corporate-news', 'Company updates and governance news.', 0, '2026-04-11 12:42:14.674000', '2026-04-20 16:48:04.969000', '2026-04-20 16:47:59.478000', NULL, NULL, 'en');

-- --------------------------------------------------------

--
-- Table structure for table `news_categories_localizations_links`
--

CREATE TABLE `news_categories_localizations_links` (
  `id` int(10) UNSIGNED NOT NULL,
  `news_category_id` int(10) UNSIGNED DEFAULT NULL,
  `inv_news_category_id` int(10) UNSIGNED DEFAULT NULL,
  `news_category_order` double UNSIGNED DEFAULT NULL
) ENGINE=InnoDB DEFAULT CHARSET=utf8mb4 COLLATE=utf8mb4_unicode_ci;

-- --------------------------------------------------------

--
-- Table structure for table `office_locations`
--

CREATE TABLE `office_locations` (
  `id` int(10) UNSIGNED NOT NULL,
  `name` varchar(255) DEFAULT NULL,
  `slug` varchar(255) DEFAULT NULL,
  `address` longtext DEFAULT NULL,
  `city` varchar(255) DEFAULT NULL,
  `phone` varchar(255) DEFAULT NULL,
  `email` varchar(255) DEFAULT NULL,
  `working_hours` varchar(255) DEFAULT NULL,
  `map_url` varchar(255) DEFAULT NULL,
  `sort_order` int(11) DEFAULT NULL,
  `featured` tinyint(1) DEFAULT NULL,
  `created_at` datetime(6) DEFAULT NULL,
  `updated_at` datetime(6) DEFAULT NULL,
  `published_at` datetime(6) DEFAULT NULL,
  `created_by_id` int(10) UNSIGNED DEFAULT NULL,
  `updated_by_id` int(10) UNSIGNED DEFAULT NULL,
  `locale` varchar(255) DEFAULT NULL
) ENGINE=InnoDB DEFAULT CHARSET=utf8mb4 COLLATE=utf8mb4_unicode_ci;

--
-- Dumping data for table `office_locations`
--

INSERT INTO `office_locations` (`id`, `name`, `slug`, `address`, `city`, `phone`, `email`, `working_hours`, `map_url`, `sort_order`, `featured`, `created_at`, `updated_at`, `published_at`, `created_by_id`, `updated_by_id`, `locale`) VALUES
(1, 'Trụ sở Hồ Chí Minh', 'tru-so-ho-chi-minh', 'Tầng 15, 99 Nguyễn Du, Quận 1', 'TP. Hồ Chí Minh', '1900 6868', 'support@fintrust.vn', '08:00 - 17:30 (Thứ 2 - Thứ 6)', 'https://maps.google.com', 0, 1, '2026-04-11 12:42:14.584000', '2026-04-20 16:48:03.202000', '2026-04-20 16:47:59.478000', NULL, NULL, 'vi'),
(2, 'Chi nhánh Hà Nội', 'chi-nhanh-ha-noi', 'Tầng 8, 21 Lý Thường Kiệt, Hoàn Kiếm', 'Hà Nội', '1900 6868', 'support@fintrust.vn', '08:00 - 17:30 (Thứ 2 - Thứ 6)', 'https://maps.google.com', 1, 0, '2026-04-11 12:42:14.585000', '2026-04-20 16:48:03.208000', '2026-04-20 16:47:59.478000', NULL, NULL, 'vi'),
(3, 'Chi nhánh Đà Nẵng', 'chi-nhanh-da-nang', 'Tầng 6, 120 Bạch Đằng, Hải Châu', 'Đà Nẵng', '1900 6868', 'support@fintrust.vn', '08:00 - 17:30 (Thứ 2 - Thứ 6)', 'https://maps.google.com', 2, 0, '2026-04-11 12:42:14.586000', '2026-04-20 16:48:03.214000', '2026-04-20 16:47:59.478000', NULL, NULL, 'vi'),
(4, 'Ho Chi Minh Head Office', 'ho-chi-minh-head-office', '15F, 99 Nguyen Du Street, District 1', 'Ho Chi Minh City', '1900 6868', 'support@fintrust.vn', '08:00 - 17:30 (Mon - Fri)', 'https://maps.google.com', 0, 1, '2026-04-11 12:42:14.770000', '2026-04-20 16:48:06.078000', '2026-04-20 16:47:59.478000', NULL, NULL, 'en'),
(5, 'Hanoi Branch', 'hanoi-branch', '8F, 21 Ly Thuong Kiet Street, Hoan Kiem District', 'Hanoi', '1900 6868', 'support@fintrust.vn', '08:00 - 17:30 (Mon - Fri)', 'https://maps.google.com', 1, 0, '2026-04-11 12:42:14.771000', '2026-04-20 16:48:06.096000', '2026-04-20 16:47:59.478000', NULL, NULL, 'en'),
(6, 'Da Nang Branch', 'da-nang-branch', '6F, 120 Bach Dang Street, Hai Chau District', 'Da Nang', '1900 6868', 'support@fintrust.vn', '08:00 - 17:30 (Mon - Fri)', 'https://maps.google.com', 2, 0, '2026-04-11 12:42:14.772000', '2026-04-20 16:48:06.118000', '2026-04-20 16:47:59.478000', NULL, NULL, 'en');

-- --------------------------------------------------------

--
-- Table structure for table `office_locations_localizations_links`
--

CREATE TABLE `office_locations_localizations_links` (
  `id` int(10) UNSIGNED NOT NULL,
  `office_location_id` int(10) UNSIGNED DEFAULT NULL,
  `inv_office_location_id` int(10) UNSIGNED DEFAULT NULL,
  `office_location_order` double UNSIGNED DEFAULT NULL
) ENGINE=InnoDB DEFAULT CHARSET=utf8mb4 COLLATE=utf8mb4_unicode_ci;

-- --------------------------------------------------------

--
-- Table structure for table `office_locations_office_type_links`
--

CREATE TABLE `office_locations_office_type_links` (
  `id` int(10) UNSIGNED NOT NULL,
  `office_location_id` int(10) UNSIGNED DEFAULT NULL,
  `office_type_id` int(10) UNSIGNED DEFAULT NULL,
  `office_location_order` double UNSIGNED DEFAULT NULL
) ENGINE=InnoDB DEFAULT CHARSET=utf8mb4 COLLATE=utf8mb4_unicode_ci;

--
-- Dumping data for table `office_locations_office_type_links`
--

INSERT INTO `office_locations_office_type_links` (`id`, `office_location_id`, `office_type_id`, `office_location_order`) VALUES
(1, 1, 1, 1),
(2, 2, 2, 1),
(3, 3, 2, 2),
(4, 4, 4, 1),
(5, 5, 5, 1),
(6, 6, 5, 2);

-- --------------------------------------------------------

--
-- Table structure for table `office_types`
--

CREATE TABLE `office_types` (
  `id` int(10) UNSIGNED NOT NULL,
  `title` varchar(255) DEFAULT NULL,
  `slug` varchar(255) DEFAULT NULL,
  `summary` longtext DEFAULT NULL,
  `sort_order` int(11) DEFAULT NULL,
  `created_at` datetime(6) DEFAULT NULL,
  `updated_at` datetime(6) DEFAULT NULL,
  `published_at` datetime(6) DEFAULT NULL,
  `created_by_id` int(10) UNSIGNED DEFAULT NULL,
  `updated_by_id` int(10) UNSIGNED DEFAULT NULL,
  `locale` varchar(255) DEFAULT NULL
) ENGINE=InnoDB DEFAULT CHARSET=utf8mb4 COLLATE=utf8mb4_unicode_ci;

--
-- Dumping data for table `office_types`
--

INSERT INTO `office_types` (`id`, `title`, `slug`, `summary`, `sort_order`, `created_at`, `updated_at`, `published_at`, `created_by_id`, `updated_by_id`, `locale`) VALUES
(1, 'Trụ sở chính', 'head_office', 'Địa điểm văn phòng trụ sở chính.', 1, '2026-04-20 10:56:12.934000', '2026-04-20 16:48:02.144000', '2026-04-20 16:47:59.478000', NULL, NULL, 'vi'),
(2, 'Chi nhánh', 'branch', 'Địa điểm văn phòng chi nhánh.', 2, '2026-04-20 10:56:12.936000', '2026-04-20 16:48:02.147000', '2026-04-20 16:47:59.478000', NULL, NULL, 'vi'),
(3, 'Phòng giao dịch', 'transaction_office', 'Địa điểm phòng giao dịch.', 3, '2026-04-20 10:56:12.937000', '2026-04-20 16:48:02.150000', '2026-04-20 16:47:59.478000', NULL, NULL, 'vi'),
(4, 'Head office', 'head_office', 'Main corporate office.', 1, '2026-04-20 10:56:13.698000', '2026-04-20 16:48:05.057000', '2026-04-20 16:47:59.478000', NULL, NULL, 'en'),
(5, 'Branch', 'branch', 'Branch office location.', 2, '2026-04-20 10:56:13.699000', '2026-04-20 16:48:05.064000', '2026-04-20 16:47:59.478000', NULL, NULL, 'en'),
(6, 'Transaction office', 'transaction_office', 'Trading and service office.', 3, '2026-04-20 10:56:13.701000', '2026-04-20 16:48:05.070000', '2026-04-20 16:47:59.478000', NULL, NULL, 'en');

-- --------------------------------------------------------

--
-- Table structure for table `office_types_localizations_links`
--

CREATE TABLE `office_types_localizations_links` (
  `id` int(10) UNSIGNED NOT NULL,
  `office_type_id` int(10) UNSIGNED DEFAULT NULL,
  `inv_office_type_id` int(10) UNSIGNED DEFAULT NULL,
  `office_type_order` double UNSIGNED DEFAULT NULL
) ENGINE=InnoDB DEFAULT CHARSET=utf8mb4 COLLATE=utf8mb4_unicode_ci;

-- --------------------------------------------------------

--
-- Table structure for table `pages`
--

CREATE TABLE `pages` (
  `id` int(10) UNSIGNED NOT NULL,
  `title` varchar(255) DEFAULT NULL,
  `slug` varchar(255) DEFAULT NULL,
  `summary` longtext DEFAULT NULL,
  `featured` tinyint(1) DEFAULT NULL,
  `sort_order` int(11) DEFAULT NULL,
  `created_at` datetime(6) DEFAULT NULL,
  `updated_at` datetime(6) DEFAULT NULL,
  `published_at` datetime(6) DEFAULT NULL,
  `created_by_id` int(10) UNSIGNED DEFAULT NULL,
  `updated_by_id` int(10) UNSIGNED DEFAULT NULL,
  `locale` varchar(255) DEFAULT NULL
) ENGINE=InnoDB DEFAULT CHARSET=utf8mb4 COLLATE=utf8mb4_unicode_ci;

--
-- Dumping data for table `pages`
--

INSERT INTO `pages` (`id`, `title`, `slug`, `summary`, `featured`, `sort_order`, `created_at`, `updated_at`, `published_at`, `created_by_id`, `updated_by_id`, `locale`) VALUES
(1, 'Chứng Khoán Shinhan Việt Nam', 'about', 'Tổng quan doanh nghiệp, lĩnh vực kinh doanh, lịch sử hình thành, leadership, Shinhan Way và One Shinhan.', 0, 0, '2026-04-11 12:42:14.600000', '2026-04-20 16:48:03.421000', '2026-04-20 16:47:59.478000', NULL, NULL, 'vi'),
(2, 'Hỗ trợ khách hàng', 'support', 'Hướng dẫn mở tài khoản, giao dịch và quy trình dịch vụ.', 0, 0, '2026-04-11 12:42:14.610000', '2026-04-20 16:48:03.530000', '2026-04-20 16:47:59.478000', NULL, NULL, 'vi'),
(3, 'Chính sách bảo mật', 'chinh-sach-bao-mat', 'Cam kết bảo mật dữ liệu khách hàng.', 0, 0, '2026-04-11 12:42:14.613000', '2026-04-20 16:48:03.948000', '2026-04-20 16:47:59.478000', NULL, NULL, 'vi'),
(4, 'Điều khoản sử dụng', 'dieu-khoan-su-dung', 'Điều khoản và điều kiện sử dụng website.', 0, 0, '2026-04-11 12:42:14.616000', '2026-04-20 16:48:03.959000', '2026-04-20 16:47:59.478000', NULL, NULL, 'vi'),
(5, 'Miễn trừ trách nhiệm', 'mien-tru-trach-nhiem', 'Thông tin pháp lý liên quan đến nội dung công bố.', 0, 0, '2026-04-11 12:42:14.619000', '2026-04-20 16:48:03.970000', '2026-04-20 16:47:59.478000', NULL, NULL, 'vi'),
(6, 'Shinhan Securities Vietnam', 'about', 'Company overview, business lines, milestones, leadership, Shinhan Way, and One Shinhan.', 0, 0, '2026-04-11 12:42:14.783000', '2026-04-20 16:48:06.484000', '2026-04-20 16:47:59.478000', NULL, 1, 'en'),
(7, 'Customer Support', 'support', 'Guides for onboarding, trading and service procedures.', 0, 0, '2026-04-11 12:42:14.792000', '2026-04-20 16:48:06.620000', '2026-04-20 16:47:59.478000', NULL, NULL, 'en'),
(8, 'Privacy Policy', 'privacy-policy', 'Our commitment to personal data protection.', 0, 0, '2026-04-11 12:42:14.795000', '2026-04-20 16:48:07.433000', '2026-04-20 16:47:59.478000', NULL, NULL, 'en'),
(9, 'Terms of Use', 'terms-of-use', 'Terms and conditions for website usage.', 0, 0, '2026-04-11 12:42:14.798000', '2026-04-20 16:48:07.501000', '2026-04-20 16:47:59.478000', NULL, NULL, 'en'),
(10, 'Disclaimer', 'disclaimer', 'Legal notice regarding published content.', 0, 0, '2026-04-11 12:42:14.801000', '2026-04-20 16:48:07.572000', '2026-04-20 16:47:59.478000', NULL, NULL, 'en'),
(11, 'Hướng dẫn mở tài khoản trực tuyến', 'mo-tai-khoan-truc-tuyen', 'Quy trình mở tài khoản eKYC, danh sách chuẩn bị và hướng dẫn liên hệ khi cần hỗ trợ.', 0, 0, '2026-04-18 16:01:20.824000', '2026-04-20 16:48:03.594000', '2026-04-20 16:47:59.478000', NULL, NULL, 'vi'),
(12, 'Hướng dẫn giao dịch', 'huong-dan-giao-dich', 'Các bước đăng nhập, nộp/rút tiền và quản lý tài khoản giao dịch.', 0, 0, '2026-04-18 16:01:20.833000', '2026-04-20 16:48:03.631000', '2026-04-20 16:47:59.478000', NULL, NULL, 'vi'),
(13, 'Quy định giao dịch', 'quy-dinh-giao-dich', 'Tổng hợp khung giờ, đơn vị giao dịch, bước giá, lô lẻ và nguyên tắc thanh toán.', 0, 0, '2026-04-18 16:01:20.840000', '2026-04-20 16:48:03.660000', '2026-04-20 16:47:59.478000', NULL, NULL, 'vi'),
(14, 'Câu hỏi thường gặp', 'cau-hoi-thuong-gap', 'Những câu hỏi phổ biến về mở tài khoản, giao dịch, ký quỹ và chuyển tiền.', 0, 0, '2026-04-18 16:01:20.845000', '2026-04-20 16:48:03.681000', '2026-04-20 16:47:59.478000', NULL, NULL, 'vi'),
(15, 'Thông báo', 'thong-bao', 'Danh sách cập nhật về danh mục ký quỹ, thay đổi quy định, nghỉ lễ và các thông báo quan trọng.', 0, 0, '2026-04-18 16:01:20.853000', '2026-04-20 16:48:03.715000', '2026-04-20 16:47:59.478000', NULL, NULL, 'vi'),
(16, 'Hướng dẫn giao dịch ký quỹ', 'dang-ky-giao-dich-ky-quy', 'Các bước đăng ký, điều kiện sử dụng và lưu ý khi giao dịch ký quỹ.', 0, 0, '2026-04-18 16:01:20.860000', '2026-04-20 16:48:03.748000', '2026-04-20 16:47:59.478000', NULL, NULL, 'vi'),
(17, 'Sản phẩm & Dịch vụ', 'services', 'Danh mục giải pháp cho khách hàng cá nhân, doanh nghiệp và định chế.', 0, 0, '2026-04-18 16:01:20.870000', '2026-04-20 16:48:03.802000', '2026-04-20 16:47:59.478000', NULL, NULL, 'vi'),
(18, 'Tin tức', 'news', 'Dòng tin thị trường, vận hành và hoạt động doanh nghiệp.', 0, 0, '2026-04-18 16:01:20.878000', '2026-04-20 16:48:03.883000', '2026-04-20 16:47:59.478000', NULL, NULL, 'vi'),
(19, 'Sự kiện', 'events', 'Workshop, webinar và cập nhật chiến lược cho cộng đồng đầu tư.', 0, 0, '2026-04-18 16:01:20.887000', '2026-04-20 16:48:03.937000', '2026-04-20 16:47:59.478000', NULL, NULL, 'vi'),
(20, 'Tuyển dụng', 'careers', 'Cơ hội nghề nghiệp trong lĩnh vực chứng khoán, tư vấn, vận hành và công nghệ.', 0, 0, '2026-04-18 16:01:20.928000', '2026-04-20 16:48:03.978000', '2026-04-20 16:47:59.478000', NULL, NULL, 'vi'),
(21, 'Trung tâm phân tích', 'research', 'Khuyến nghị cổ phiếu, báo cáo định kỳ, báo cáo vĩ mô và đội ngũ phân tích viên.', 0, 0, '2026-04-18 16:01:20.939000', '2026-04-20 16:48:03.987000', '2026-04-20 16:47:59.478000', NULL, NULL, 'vi'),
(22, 'Câu hỏi thường gặp', 'faq', 'Tổng hợp câu hỏi thường gặp về tài khoản, giao dịch, nộp rút tiền và dịch vụ hỗ trợ khách hàng.', 0, 0, '2026-04-18 16:01:20.952000', '2026-04-20 16:48:03.995000', '2026-04-20 16:47:59.478000', NULL, NULL, 'vi'),
(23, 'Liên hệ', 'contact', 'Kết nối với bộ phận tư vấn, vận hành và mạng lưới văn phòng giao dịch.', 0, 0, '2026-04-18 16:01:20.955000', '2026-04-20 16:48:04.003000', '2026-04-20 16:47:59.478000', NULL, NULL, 'vi'),
(24, 'Online account opening guide', 'mo-tai-khoan-truc-tuyen', 'eKYC onboarding, required documents, and support contacts.', 0, 0, '2026-04-18 16:01:21.361000', '2026-04-20 16:48:06.831000', '2026-04-20 16:47:59.478000', NULL, NULL, 'en'),
(25, 'Trading guide', 'huong-dan-giao-dich', 'Login, profile updates, funding, and account management steps.', 0, 0, '2026-04-18 16:01:21.367000', '2026-04-20 16:48:06.954000', '2026-04-20 16:47:59.478000', NULL, NULL, 'en'),
(26, 'Trading regulations', 'quy-dinh-giao-dich', 'Trading hours, lot sizes, tick sizes, odd-lot rules, and settlement basics.', 0, 0, '2026-04-18 16:01:21.373000', '2026-04-20 16:48:06.992000', '2026-04-20 16:47:59.478000', NULL, NULL, 'en'),
(27, 'Frequently asked questions', 'cau-hoi-thuong-gap', 'Common questions about onboarding, trading, margin, and fund transfers.', 0, 0, '2026-04-18 16:01:21.378000', '2026-04-20 16:48:07.047000', '2026-04-20 16:47:59.478000', NULL, NULL, 'en'),
(28, 'Notices', 'thong-bao', 'Updates on margin lists, rule changes, holidays, and important notices.', 0, 0, '2026-04-18 16:01:21.385000', '2026-04-20 16:48:07.101000', '2026-04-20 16:47:59.478000', NULL, NULL, 'en'),
(29, 'Margin trading guide', 'dang-ky-giao-dich-ky-quy', 'Registration flow, usage conditions, and key margin trading notes.', 0, 0, '2026-04-18 16:01:21.390000', '2026-04-20 16:48:07.146000', '2026-04-20 16:47:59.478000', NULL, NULL, 'en'),
(30, 'Products & Services', 'services', 'Service portfolio for retail, corporate and institutional clients.', 0, 0, '2026-04-18 16:01:21.396000', '2026-04-20 16:48:07.202000', '2026-04-20 16:47:59.478000', NULL, NULL, 'en'),
(31, 'News', 'news', 'Market news, operational updates and corporate activities.', 0, 0, '2026-04-18 16:01:21.402000', '2026-04-20 16:48:07.264000', '2026-04-20 16:47:59.478000', NULL, NULL, 'en'),
(32, 'Events', 'events', 'Workshops, webinars and strategy updates for investors.', 0, 0, '2026-04-18 16:01:21.407000', '2026-04-20 16:48:07.362000', '2026-04-20 16:47:59.478000', NULL, NULL, 'en'),
(33, 'Careers', 'careers', 'Career opportunities in securities, advisory, operations, and technology.', 0, 0, '2026-04-18 16:01:21.429000', '2026-04-20 16:48:07.632000', '2026-04-20 16:47:59.478000', NULL, NULL, 'en'),
(34, 'Research Center', 'research', 'Stock recommendations, periodic reports, macro reports, and analysts.', 0, 0, '2026-04-18 16:01:21.431000', '2026-04-20 16:48:07.688000', '2026-04-20 16:47:59.478000', NULL, NULL, 'en'),
(35, 'Frequently Asked Questions', 'faq', 'Common questions about onboarding, trading, fund transfers, and customer support.', 0, 0, '2026-04-18 16:01:21.434000', '2026-04-20 16:48:07.734000', '2026-04-20 16:47:59.478000', NULL, NULL, 'en'),
(36, 'Contact', 'contact', 'Connect with advisory, operations and office network touchpoints.', 0, 0, '2026-04-18 16:01:21.436000', '2026-04-20 16:48:07.756000', '2026-04-20 16:47:59.478000', NULL, NULL, 'en');

-- --------------------------------------------------------

--
-- Table structure for table `pages_components`
--

CREATE TABLE `pages_components` (
  `id` int(10) UNSIGNED NOT NULL,
  `entity_id` int(10) UNSIGNED DEFAULT NULL,
  `component_id` int(10) UNSIGNED DEFAULT NULL,
  `component_type` varchar(255) DEFAULT NULL,
  `field` varchar(255) DEFAULT NULL,
  `order` double UNSIGNED DEFAULT NULL
) ENGINE=InnoDB DEFAULT CHARSET=utf8mb4 COLLATE=utf8mb4_unicode_ci;

--
-- Dumping data for table `pages_components`
--

INSERT INTO `pages_components` (`id`, `entity_id`, `component_id`, `component_type`, `field`, `order`) VALUES
(7072, 1, 1065, 'sections.hero-block', 'sections', 1),
(7073, 1, 721, 'sections.rich-text-block', 'sections', 2),
(7074, 1, 1087, 'sections.feature-card-section', 'sections', 3),
(7075, 1, 108, 'sections.timeline-section', 'sections', 4),
(7076, 1, 106, 'sections.quote-section', 'sections', 5),
(7077, 1, 722, 'sections.rich-text-block', 'sections', 6),
(7078, 1, 723, 'sections.rich-text-block', 'sections', 7),
(7079, 1, 1088, 'sections.feature-card-section', 'sections', 8),
(7080, 1, 724, 'sections.rich-text-block', 'sections', 9),
(7081, 1, 219, 'sections.cta-section', 'sections', 10),
(7082, 1, 1755, 'shared.breadcrumb-config', 'breadcrumb', NULL),
(7083, 1, 5449, 'shared.seo-meta', 'seo', NULL),
(7084, 2, 1089, 'sections.feature-card-section', 'sections', 1),
(7085, 2, 202, 'sections.table-block', 'sections', 2),
(7086, 2, 501, 'sections.faq-section', 'sections', 3),
(7087, 2, 1756, 'shared.breadcrumb-config', 'breadcrumb', NULL),
(7088, 2, 5450, 'shared.seo-meta', 'seo', NULL),
(7089, 11, 1066, 'sections.hero-block', 'sections', 1),
(7090, 11, 1090, 'sections.feature-card-section', 'sections', 2),
(7091, 11, 725, 'sections.rich-text-block', 'sections', 3),
(7092, 11, 502, 'sections.faq-section', 'sections', 4),
(7093, 11, 1757, 'shared.breadcrumb-config', 'breadcrumb', NULL),
(7094, 11, 5451, 'shared.seo-meta', 'seo', NULL),
(7095, 12, 1067, 'sections.hero-block', 'sections', 1),
(7096, 12, 1091, 'sections.feature-card-section', 'sections', 2),
(7097, 12, 1758, 'shared.breadcrumb-config', 'breadcrumb', NULL),
(7098, 12, 5452, 'shared.seo-meta', 'seo', NULL),
(7099, 13, 1068, 'sections.hero-block', 'sections', 1),
(7100, 13, 203, 'sections.table-block', 'sections', 2),
(7101, 13, 503, 'sections.faq-section', 'sections', 3),
(7102, 13, 1759, 'shared.breadcrumb-config', 'breadcrumb', NULL),
(7103, 13, 5453, 'shared.seo-meta', 'seo', NULL),
(7104, 14, 1069, 'sections.hero-block', 'sections', 1),
(7105, 14, 504, 'sections.faq-section', 'sections', 2),
(7106, 14, 1760, 'shared.breadcrumb-config', 'breadcrumb', NULL),
(7107, 14, 5454, 'shared.seo-meta', 'seo', NULL),
(7108, 15, 1070, 'sections.hero-block', 'sections', 1),
(7109, 15, 1092, 'sections.feature-card-section', 'sections', 2),
(7110, 15, 1761, 'shared.breadcrumb-config', 'breadcrumb', NULL),
(7111, 15, 5455, 'shared.seo-meta', 'seo', NULL),
(7112, 16, 1071, 'sections.hero-block', 'sections', 1),
(7113, 16, 1093, 'sections.feature-card-section', 'sections', 2),
(7114, 16, 1762, 'shared.breadcrumb-config', 'breadcrumb', NULL),
(7115, 16, 5456, 'shared.seo-meta', 'seo', NULL),
(7116, 17, 1072, 'sections.hero-block', 'sections', 1),
(7117, 17, 1094, 'sections.feature-card-section', 'sections', 2),
(7118, 17, 1763, 'shared.breadcrumb-config', 'breadcrumb', NULL),
(7119, 17, 5457, 'shared.seo-meta', 'seo', NULL),
(7120, 18, 1073, 'sections.hero-block', 'sections', 1),
(7121, 18, 1095, 'sections.feature-card-section', 'sections', 2),
(7122, 18, 1764, 'shared.breadcrumb-config', 'breadcrumb', NULL),
(7123, 18, 5458, 'shared.seo-meta', 'seo', NULL),
(7124, 19, 1074, 'sections.hero-block', 'sections', 1),
(7125, 19, 1096, 'sections.feature-card-section', 'sections', 2),
(7126, 19, 1765, 'shared.breadcrumb-config', 'breadcrumb', NULL),
(7127, 19, 5459, 'shared.seo-meta', 'seo', NULL),
(7128, 3, 726, 'sections.rich-text-block', 'sections', 1),
(7129, 3, 1766, 'shared.breadcrumb-config', 'breadcrumb', NULL),
(7130, 3, 5460, 'shared.seo-meta', 'seo', NULL),
(7131, 4, 727, 'sections.rich-text-block', 'sections', 1),
(7132, 4, 1767, 'shared.breadcrumb-config', 'breadcrumb', NULL),
(7133, 4, 5461, 'shared.seo-meta', 'seo', NULL),
(7134, 5, 728, 'sections.rich-text-block', 'sections', 1),
(7135, 5, 1768, 'shared.breadcrumb-config', 'breadcrumb', NULL),
(7136, 5, 5462, 'shared.seo-meta', 'seo', NULL),
(7137, 20, 1769, 'shared.breadcrumb-config', 'breadcrumb', NULL),
(7138, 20, 5463, 'shared.seo-meta', 'seo', NULL),
(7139, 21, 1770, 'shared.breadcrumb-config', 'breadcrumb', NULL),
(7140, 21, 5464, 'shared.seo-meta', 'seo', NULL),
(7141, 22, 1771, 'shared.breadcrumb-config', 'breadcrumb', NULL),
(7142, 22, 5465, 'shared.seo-meta', 'seo', NULL),
(7143, 23, 1772, 'shared.breadcrumb-config', 'breadcrumb', NULL),
(7144, 23, 5466, 'shared.seo-meta', 'seo', NULL),
(7145, 6, 1076, 'sections.hero-block', 'sections', 1),
(7146, 6, 729, 'sections.rich-text-block', 'sections', 2),
(7147, 6, 1098, 'sections.feature-card-section', 'sections', 3),
(7148, 6, 109, 'sections.timeline-section', 'sections', 4),
(7149, 6, 107, 'sections.quote-section', 'sections', 5),
(7150, 6, 730, 'sections.rich-text-block', 'sections', 6),
(7151, 6, 1099, 'sections.feature-card-section', 'sections', 7),
(7152, 6, 221, 'sections.cta-section', 'sections', 8),
(7153, 6, 1773, 'shared.breadcrumb-config', 'breadcrumb', NULL),
(7154, 6, 5501, 'shared.seo-meta', 'seo', NULL),
(7155, 7, 1100, 'sections.feature-card-section', 'sections', 1),
(7156, 7, 204, 'sections.table-block', 'sections', 2),
(7157, 7, 506, 'sections.faq-section', 'sections', 3),
(7158, 7, 1774, 'shared.breadcrumb-config', 'breadcrumb', NULL),
(7159, 7, 5502, 'shared.seo-meta', 'seo', NULL),
(7160, 24, 1077, 'sections.hero-block', 'sections', 1),
(7161, 24, 1101, 'sections.feature-card-section', 'sections', 2),
(7162, 24, 731, 'sections.rich-text-block', 'sections', 3),
(7163, 24, 507, 'sections.faq-section', 'sections', 4),
(7164, 24, 1775, 'shared.breadcrumb-config', 'breadcrumb', NULL),
(7165, 24, 5503, 'shared.seo-meta', 'seo', NULL),
(7166, 25, 1078, 'sections.hero-block', 'sections', 1),
(7167, 25, 1102, 'sections.feature-card-section', 'sections', 2),
(7168, 25, 1776, 'shared.breadcrumb-config', 'breadcrumb', NULL),
(7169, 25, 5504, 'shared.seo-meta', 'seo', NULL),
(7170, 26, 1079, 'sections.hero-block', 'sections', 1),
(7171, 26, 205, 'sections.table-block', 'sections', 2),
(7172, 26, 508, 'sections.faq-section', 'sections', 3),
(7173, 26, 1777, 'shared.breadcrumb-config', 'breadcrumb', NULL),
(7174, 26, 5505, 'shared.seo-meta', 'seo', NULL),
(7175, 27, 1080, 'sections.hero-block', 'sections', 1),
(7176, 27, 509, 'sections.faq-section', 'sections', 2),
(7177, 27, 1778, 'shared.breadcrumb-config', 'breadcrumb', NULL),
(7178, 27, 5506, 'shared.seo-meta', 'seo', NULL),
(7179, 28, 1081, 'sections.hero-block', 'sections', 1),
(7180, 28, 1103, 'sections.feature-card-section', 'sections', 2),
(7181, 28, 1779, 'shared.breadcrumb-config', 'breadcrumb', NULL),
(7182, 28, 5507, 'shared.seo-meta', 'seo', NULL),
(7183, 29, 1082, 'sections.hero-block', 'sections', 1),
(7184, 29, 1104, 'sections.feature-card-section', 'sections', 2),
(7185, 29, 1780, 'shared.breadcrumb-config', 'breadcrumb', NULL),
(7186, 29, 5508, 'shared.seo-meta', 'seo', NULL),
(7187, 30, 1083, 'sections.hero-block', 'sections', 1),
(7188, 30, 1105, 'sections.feature-card-section', 'sections', 2),
(7189, 30, 1781, 'shared.breadcrumb-config', 'breadcrumb', NULL),
(7190, 30, 5509, 'shared.seo-meta', 'seo', NULL),
(7191, 31, 1084, 'sections.hero-block', 'sections', 1),
(7192, 31, 1106, 'sections.feature-card-section', 'sections', 2),
(7193, 31, 1782, 'shared.breadcrumb-config', 'breadcrumb', NULL),
(7194, 31, 5510, 'shared.seo-meta', 'seo', NULL),
(7195, 32, 1085, 'sections.hero-block', 'sections', 1),
(7196, 32, 1107, 'sections.feature-card-section', 'sections', 2),
(7197, 32, 1783, 'shared.breadcrumb-config', 'breadcrumb', NULL),
(7198, 32, 5511, 'shared.seo-meta', 'seo', NULL),
(7199, 8, 732, 'sections.rich-text-block', 'sections', 1),
(7200, 8, 1784, 'shared.breadcrumb-config', 'breadcrumb', NULL),
(7201, 8, 5512, 'shared.seo-meta', 'seo', NULL),
(7202, 9, 733, 'sections.rich-text-block', 'sections', 1),
(7203, 9, 1785, 'shared.breadcrumb-config', 'breadcrumb', NULL),
(7204, 9, 5513, 'shared.seo-meta', 'seo', NULL),
(7205, 10, 734, 'sections.rich-text-block', 'sections', 1),
(7206, 10, 1786, 'shared.breadcrumb-config', 'breadcrumb', NULL),
(7207, 10, 5514, 'shared.seo-meta', 'seo', NULL),
(7208, 33, 1787, 'shared.breadcrumb-config', 'breadcrumb', NULL),
(7209, 33, 5515, 'shared.seo-meta', 'seo', NULL),
(7210, 34, 1788, 'shared.breadcrumb-config', 'breadcrumb', NULL),
(7211, 34, 5516, 'shared.seo-meta', 'seo', NULL),
(7212, 35, 1789, 'shared.breadcrumb-config', 'breadcrumb', NULL),
(7213, 35, 5517, 'shared.seo-meta', 'seo', NULL),
(7214, 36, 1790, 'shared.breadcrumb-config', 'breadcrumb', NULL),
(7215, 36, 5518, 'shared.seo-meta', 'seo', NULL);

-- --------------------------------------------------------

--
-- Table structure for table `pages_localizations_links`
--

CREATE TABLE `pages_localizations_links` (
  `id` int(10) UNSIGNED NOT NULL,
  `page_id` int(10) UNSIGNED DEFAULT NULL,
  `inv_page_id` int(10) UNSIGNED DEFAULT NULL,
  `page_order` double UNSIGNED DEFAULT NULL
) ENGINE=InnoDB DEFAULT CHARSET=utf8mb4 COLLATE=utf8mb4_unicode_ci;

-- --------------------------------------------------------

--
-- Table structure for table `pages_page_type_links`
--

CREATE TABLE `pages_page_type_links` (
  `id` int(10) UNSIGNED NOT NULL,
  `page_id` int(10) UNSIGNED DEFAULT NULL,
  `page_type_id` int(10) UNSIGNED DEFAULT NULL,
  `page_order` double UNSIGNED DEFAULT NULL
) ENGINE=InnoDB DEFAULT CHARSET=utf8mb4 COLLATE=utf8mb4_unicode_ci;

--
-- Dumping data for table `pages_page_type_links`
--

INSERT INTO `pages_page_type_links` (`id`, `page_id`, `page_type_id`, `page_order`) VALUES
(1, 1, 2, 1),
(2, 2, 4, 1),
(3, 11, 4, 2),
(4, 12, 4, 3),
(5, 13, 4, 4),
(6, 14, 4, 5),
(7, 15, 4, 6),
(8, 16, 4, 7),
(9, 17, 1, 1),
(10, 18, 1, 2),
(11, 19, 1, 3),
(12, 3, 3, 1),
(13, 4, 3, 2),
(14, 5, 3, 3),
(15, 20, 1, 4),
(16, 21, 1, 5),
(17, 22, 1, 6),
(18, 23, 1, 7),
(19, 6, 6, 1),
(20, 7, 8, 1),
(21, 24, 8, 2),
(22, 25, 8, 3),
(23, 26, 8, 4),
(24, 27, 8, 5),
(25, 28, 8, 6),
(26, 29, 8, 7),
(27, 30, 5, 1),
(28, 31, 5, 2),
(29, 32, 5, 3),
(30, 8, 7, 1),
(31, 9, 7, 2),
(32, 10, 7, 3),
(33, 33, 5, 4),
(34, 34, 5, 5),
(35, 35, 5, 6),
(36, 36, 5, 7);

-- --------------------------------------------------------

--
-- Table structure for table `page_types`
--

CREATE TABLE `page_types` (
  `id` int(10) UNSIGNED NOT NULL,
  `title` varchar(255) DEFAULT NULL,
  `slug` varchar(255) DEFAULT NULL,
  `summary` longtext DEFAULT NULL,
  `sort_order` int(11) DEFAULT NULL,
  `created_at` datetime(6) DEFAULT NULL,
  `updated_at` datetime(6) DEFAULT NULL,
  `published_at` datetime(6) DEFAULT NULL,
  `created_by_id` int(10) UNSIGNED DEFAULT NULL,
  `updated_by_id` int(10) UNSIGNED DEFAULT NULL,
  `locale` varchar(255) DEFAULT NULL
) ENGINE=InnoDB DEFAULT CHARSET=utf8mb4 COLLATE=utf8mb4_unicode_ci;

--
-- Dumping data for table `page_types`
--

INSERT INTO `page_types` (`id`, `title`, `slug`, `summary`, `sort_order`, `created_at`, `updated_at`, `published_at`, `created_by_id`, `updated_by_id`, `locale`) VALUES
(1, 'Trang tổng quan', 'generic', 'Trang nội dung tổng quan.', 0, '2026-04-20 10:27:43.917000', '2026-04-20 16:48:02.179000', '2026-04-20 16:47:59.478000', NULL, NULL, 'vi'),
(2, 'Giới thiệu', 'about', 'Trang giới thiệu doanh nghiệp.', 0, '2026-04-20 10:27:43.919000', '2026-04-20 16:48:02.182000', '2026-04-20 16:47:59.478000', NULL, NULL, 'vi'),
(3, 'Pháp lý', 'legal', 'Trang nội dung pháp lý.', 0, '2026-04-20 10:27:43.920000', '2026-04-20 16:48:02.187000', '2026-04-20 16:47:59.478000', NULL, NULL, 'vi'),
(4, 'Hỗ trợ', 'support', 'Trang tài liệu và hướng dẫn hỗ trợ khách hàng.', 0, '2026-04-20 10:27:43.921000', '2026-04-20 16:48:02.190000', '2026-04-20 16:47:59.478000', NULL, NULL, 'vi'),
(5, 'Generic page', 'generic', 'General content page.', 0, '2026-04-20 10:27:44.656000', '2026-04-20 16:48:05.138000', '2026-04-20 16:47:59.478000', NULL, NULL, 'en'),
(6, 'About page', 'about', 'Company overview page.', 0, '2026-04-20 10:27:44.657000', '2026-04-20 16:48:05.150000', '2026-04-20 16:47:59.478000', NULL, NULL, 'en'),
(7, 'Legal page', 'legal', 'Legal and policy page.', 0, '2026-04-20 10:27:44.658000', '2026-04-20 16:48:05.157000', '2026-04-20 16:47:59.478000', NULL, NULL, 'en'),
(8, 'Support page', 'support', 'Customer support and guidance page.', 0, '2026-04-20 10:27:44.659000', '2026-04-20 16:48:05.162000', '2026-04-20 16:47:59.478000', NULL, NULL, 'en');

-- --------------------------------------------------------

--
-- Table structure for table `page_types_localizations_links`
--

CREATE TABLE `page_types_localizations_links` (
  `id` int(10) UNSIGNED NOT NULL,
  `page_type_id` int(10) UNSIGNED DEFAULT NULL,
  `inv_page_type_id` int(10) UNSIGNED DEFAULT NULL,
  `page_type_order` double UNSIGNED DEFAULT NULL
) ENGINE=InnoDB DEFAULT CHARSET=utf8mb4 COLLATE=utf8mb4_unicode_ci;

-- --------------------------------------------------------

--
-- Table structure for table `related_content_types`
--

CREATE TABLE `related_content_types` (
  `id` int(10) UNSIGNED NOT NULL,
  `title` varchar(255) DEFAULT NULL,
  `slug` varchar(255) DEFAULT NULL,
  `summary` longtext DEFAULT NULL,
  `sort_order` int(11) DEFAULT NULL,
  `created_at` datetime(6) DEFAULT NULL,
  `updated_at` datetime(6) DEFAULT NULL,
  `published_at` datetime(6) DEFAULT NULL,
  `created_by_id` int(10) UNSIGNED DEFAULT NULL,
  `updated_by_id` int(10) UNSIGNED DEFAULT NULL,
  `locale` varchar(255) DEFAULT NULL
) ENGINE=InnoDB DEFAULT CHARSET=utf8mb4 COLLATE=utf8mb4_unicode_ci;

--
-- Dumping data for table `related_content_types`
--

INSERT INTO `related_content_types` (`id`, `title`, `slug`, `summary`, `sort_order`, `created_at`, `updated_at`, `published_at`, `created_by_id`, `updated_by_id`, `locale`) VALUES
(1, 'Tin tức', 'news', 'Nội dung tin tức và cập nhật thị trường.', 1, '2026-04-20 10:56:12.943000', '2026-04-20 16:48:02.165000', '2026-04-20 16:47:59.478000', NULL, NULL, 'vi'),
(2, 'Nghiên cứu', 'research', 'Báo cáo và phân tích chuyên sâu.', 2, '2026-04-20 10:56:12.944000', '2026-04-20 16:48:02.168000', '2026-04-20 16:47:59.478000', NULL, NULL, 'vi'),
(3, 'Dịch vụ', 'service', 'Nội dung giới thiệu dịch vụ.', 3, '2026-04-20 10:56:12.946000', '2026-04-20 16:48:02.171000', '2026-04-20 16:47:59.478000', NULL, NULL, 'vi'),
(4, 'Sự kiện', 'event', 'Tin sự kiện và hội thảo.', 4, '2026-04-20 10:56:12.947000', '2026-04-20 16:48:02.174000', '2026-04-20 16:47:59.478000', NULL, NULL, 'vi'),
(5, 'News', 'news', 'News and market updates.', 1, '2026-04-20 10:56:13.705000', '2026-04-20 16:48:05.100000', '2026-04-20 16:47:59.478000', NULL, NULL, 'en'),
(6, 'Research', 'research', 'Reports and in-depth analysis.', 2, '2026-04-20 10:56:13.706000', '2026-04-20 16:48:05.109000', '2026-04-20 16:47:59.478000', NULL, NULL, 'en'),
(7, 'Service', 'service', 'Service introduction content.', 3, '2026-04-20 10:56:13.708000', '2026-04-20 16:48:05.117000', '2026-04-20 16:47:59.478000', NULL, NULL, 'en'),
(8, 'Event', 'event', 'Event and webinar updates.', 4, '2026-04-20 10:56:13.709000', '2026-04-20 16:48:05.126000', '2026-04-20 16:47:59.478000', NULL, NULL, 'en');

-- --------------------------------------------------------

--
-- Table structure for table `related_content_types_localizations_links`
--

CREATE TABLE `related_content_types_localizations_links` (
  `id` int(10) UNSIGNED NOT NULL,
  `related_content_type_id` int(10) UNSIGNED DEFAULT NULL,
  `inv_related_content_type_id` int(10) UNSIGNED DEFAULT NULL,
  `related_content_type_order` double UNSIGNED DEFAULT NULL
) ENGINE=InnoDB DEFAULT CHARSET=utf8mb4 COLLATE=utf8mb4_unicode_ci;

-- --------------------------------------------------------

--
-- Table structure for table `research_categories`
--

CREATE TABLE `research_categories` (
  `id` int(10) UNSIGNED NOT NULL,
  `title` varchar(255) DEFAULT NULL,
  `slug` varchar(255) DEFAULT NULL,
  `summary` longtext DEFAULT NULL,
  `created_at` datetime(6) DEFAULT NULL,
  `updated_at` datetime(6) DEFAULT NULL,
  `published_at` datetime(6) DEFAULT NULL,
  `created_by_id` int(10) UNSIGNED DEFAULT NULL,
  `updated_by_id` int(10) UNSIGNED DEFAULT NULL,
  `locale` varchar(255) DEFAULT NULL
) ENGINE=InnoDB DEFAULT CHARSET=utf8mb4 COLLATE=utf8mb4_unicode_ci;

--
-- Dumping data for table `research_categories`
--

INSERT INTO `research_categories` (`id`, `title`, `slug`, `summary`, `created_at`, `updated_at`, `published_at`, `created_by_id`, `updated_by_id`, `locale`) VALUES
(1, 'Báo cáo chiến lược', 'bao-cao-chien-luoc', 'Phân tích chiến lược theo chu kỳ thị trường.', '2026-04-11 12:42:14.484000', '2026-04-20 16:48:02.125000', '2026-04-20 16:47:59.478000', NULL, NULL, 'vi'),
(2, 'Phân tích doanh nghiệp', 'phan-tich-doanh-nghiep', 'Định giá, rủi ro và triển vọng doanh nghiệp.', '2026-04-11 12:42:14.485000', '2026-04-20 16:48:02.129000', '2026-04-20 16:47:59.478000', NULL, NULL, 'vi'),
(3, 'Phân tích ngành', 'phan-tich-nganh', 'Xu hướng ngành và cơ hội đầu tư.', '2026-04-11 12:42:14.486000', '2026-04-20 16:48:02.133000', '2026-04-20 16:47:59.478000', NULL, NULL, 'vi'),
(4, 'Strategy Reports', 'strategy-reports', 'Top-down strategy and asset allocation perspectives.', '2026-04-11 12:42:14.678000', '2026-04-20 16:48:04.996000', '2026-04-20 16:47:59.478000', NULL, NULL, 'en'),
(5, 'Company Analysis', 'company-analysis', 'Valuation, risk and earnings outlook.', '2026-04-11 12:42:14.680000', '2026-04-20 16:48:05.005000', '2026-04-20 16:47:59.478000', NULL, NULL, 'en'),
(6, 'Sector Analysis', 'sector-analysis', 'Sector trends and opportunity mapping.', '2026-04-11 12:42:14.682000', '2026-04-20 16:48:05.019000', '2026-04-20 16:47:59.478000', NULL, NULL, 'en');

-- --------------------------------------------------------

--
-- Table structure for table `research_categories_localizations_links`
--

CREATE TABLE `research_categories_localizations_links` (
  `id` int(10) UNSIGNED NOT NULL,
  `research_category_id` int(10) UNSIGNED DEFAULT NULL,
  `inv_research_category_id` int(10) UNSIGNED DEFAULT NULL,
  `research_category_order` double UNSIGNED DEFAULT NULL
) ENGINE=InnoDB DEFAULT CHARSET=utf8mb4 COLLATE=utf8mb4_unicode_ci;

-- --------------------------------------------------------

--
-- Table structure for table `research_reports`
--

CREATE TABLE `research_reports` (
  `id` int(10) UNSIGNED NOT NULL,
  `title` varchar(255) DEFAULT NULL,
  `slug` varchar(255) DEFAULT NULL,
  `summary` longtext DEFAULT NULL,
  `content` longtext DEFAULT NULL,
  `publish_date` datetime(6) DEFAULT NULL,
  `featured` tinyint(1) DEFAULT NULL,
  `created_at` datetime(6) DEFAULT NULL,
  `updated_at` datetime(6) DEFAULT NULL,
  `published_at` datetime(6) DEFAULT NULL,
  `created_by_id` int(10) UNSIGNED DEFAULT NULL,
  `updated_by_id` int(10) UNSIGNED DEFAULT NULL,
  `locale` varchar(255) DEFAULT NULL
) ENGINE=InnoDB DEFAULT CHARSET=utf8mb4 COLLATE=utf8mb4_unicode_ci;

--
-- Dumping data for table `research_reports`
--

INSERT INTO `research_reports` (`id`, `title`, `slug`, `summary`, `content`, `publish_date`, `featured`, `created_at`, `updated_at`, `published_at`, `created_by_id`, `updated_by_id`, `locale`) VALUES
(1, 'Chiến lược ngày 11/04/2026', 'chien-luoc-ngay-11-04-2026', 'Báo cáo mẫu cung cấp góc nhìn chiến lược, dữ liệu định lượng và khuyến nghị theo kịch bản.', '<p>Nội dung báo cáo mẫu cho trung tâm nghiên cứu, có thể mở rộng thêm bảng biểu, biểu đồ và tệp đính kèm.</p>', '2026-04-20 16:48:02.770000', 1, '2026-04-11 12:42:14.542000', '2026-04-20 16:48:02.779000', '2026-04-20 16:47:59.478000', NULL, NULL, 'vi'),
(2, 'Chiến lược tuần 15/2026', 'chien-luoc-tuan-15-2026', 'Báo cáo mẫu cung cấp góc nhìn chiến lược, dữ liệu định lượng và khuyến nghị theo kịch bản.', '<p>Nội dung báo cáo mẫu cho trung tâm nghiên cứu, có thể mở rộng thêm bảng biểu, biểu đồ và tệp đính kèm.</p>', '2026-04-20 04:48:02.804000', 1, '2026-04-11 12:42:14.547000', '2026-04-20 16:48:02.816000', '2026-04-20 16:47:59.478000', NULL, NULL, 'vi'),
(3, 'Chiến lược tháng 04/2026', 'chien-luoc-thang-04-2026', 'Báo cáo mẫu cung cấp góc nhìn chiến lược, dữ liệu định lượng và khuyến nghị theo kịch bản.', '<p>Nội dung báo cáo mẫu cho trung tâm nghiên cứu, có thể mở rộng thêm bảng biểu, biểu đồ và tệp đính kèm.</p>', '2026-04-19 16:48:02.830000', 0, '2026-04-11 12:42:14.551000', '2026-04-20 16:48:02.840000', '2026-04-20 16:47:59.478000', NULL, NULL, 'vi'),
(4, 'Phân tích doanh nghiệp: Ngân hàng A', 'bao-cao-co-phieu-ngan-hang-a', 'Báo cáo mẫu cung cấp góc nhìn chiến lược, dữ liệu định lượng và khuyến nghị theo kịch bản.', '<p>Nội dung báo cáo mẫu cho trung tâm nghiên cứu, có thể mở rộng thêm bảng biểu, biểu đồ và tệp đính kèm.</p>', '2026-04-19 04:48:02.855000', 0, '2026-04-11 12:42:14.554000', '2026-04-20 16:48:02.864000', '2026-04-20 16:47:59.478000', NULL, NULL, 'vi'),
(5, 'Phân tích ngành bán lẻ', 'bao-cao-nganh-ban-le', 'Báo cáo mẫu cung cấp góc nhìn chiến lược, dữ liệu định lượng và khuyến nghị theo kịch bản.', '<p>Nội dung báo cáo mẫu cho trung tâm nghiên cứu, có thể mở rộng thêm bảng biểu, biểu đồ và tệp đính kèm.</p>', '2026-04-18 16:48:02.883000', 0, '2026-04-11 12:42:14.557000', '2026-04-20 16:48:02.905000', '2026-04-20 16:47:59.478000', NULL, NULL, 'vi'),
(6, 'Bình luận thị trường đầu phiên', 'goc-nhin-thi-truong-dau-phien', 'Báo cáo mẫu cung cấp góc nhìn chiến lược, dữ liệu định lượng và khuyến nghị theo kịch bản.', '<p>Nội dung báo cáo mẫu cho trung tâm nghiên cứu, có thể mở rộng thêm bảng biểu, biểu đồ và tệp đính kèm.</p>', '2026-04-18 04:48:02.935000', 0, '2026-04-11 12:42:14.560000', '2026-04-20 16:48:02.955000', '2026-04-20 16:47:59.478000', NULL, NULL, 'vi'),
(7, 'Daily Strategy - April 11, 2026', 'daily-strategy-2026-04-11', 'Sample report with strategy perspective, quantitative datapoints, and scenario-based recommendations.', '<p>Sample research content for the research center, extendable with data tables, charts, and attachments.</p>', '2026-04-20 16:48:05.677000', 1, '2026-04-11 12:42:14.735000', '2026-04-20 16:48:05.686000', '2026-04-20 16:47:59.478000', NULL, NULL, 'en'),
(8, 'Week 15 Strategy Note', 'week-15-strategy-2026', 'Sample report with strategy perspective, quantitative datapoints, and scenario-based recommendations.', '<p>Sample research content for the research center, extendable with data tables, charts, and attachments.</p>', '2026-04-20 04:48:05.703000', 1, '2026-04-11 12:42:14.739000', '2026-04-20 16:48:05.711000', '2026-04-20 16:47:59.478000', NULL, NULL, 'en'),
(9, 'April 2026 Monthly Strategy', 'april-2026-monthly-strategy', 'Sample report with strategy perspective, quantitative datapoints, and scenario-based recommendations.', '<p>Sample research content for the research center, extendable with data tables, charts, and attachments.</p>', '2026-04-19 16:48:05.724000', 0, '2026-04-11 12:42:14.742000', '2026-04-20 16:48:05.741000', '2026-04-20 16:47:59.478000', NULL, NULL, 'en'),
(10, 'Company Coverage: Bank A', 'company-note-bank-a', 'Sample report with strategy perspective, quantitative datapoints, and scenario-based recommendations.', '<p>Sample research content for the research center, extendable with data tables, charts, and attachments.</p>', '2026-04-19 04:48:05.771000', 0, '2026-04-11 12:42:14.745000', '2026-04-20 16:48:05.787000', '2026-04-20 16:47:59.478000', NULL, NULL, 'en'),
(11, 'Sector Coverage: Retail', 'sector-note-retail', 'Sample report with strategy perspective, quantitative datapoints, and scenario-based recommendations.', '<p>Sample research content for the research center, extendable with data tables, charts, and attachments.</p>', '2026-04-18 16:48:05.801000', 0, '2026-04-11 12:42:14.747000', '2026-04-20 16:48:05.814000', '2026-04-20 16:47:59.478000', NULL, NULL, 'en'),
(12, 'Opening Bell Market Commentary', 'opening-bell-market-commentary', 'Sample report with strategy perspective, quantitative datapoints, and scenario-based recommendations.', '<p>Sample research content for the research center, extendable with data tables, charts, and attachments.</p>', '2026-04-18 04:48:05.828000', 0, '2026-04-11 12:42:14.750000', '2026-04-20 16:48:05.840000', '2026-04-20 16:47:59.478000', NULL, NULL, 'en');

-- --------------------------------------------------------

--
-- Table structure for table `research_reports_author_links`
--

CREATE TABLE `research_reports_author_links` (
  `id` int(10) UNSIGNED NOT NULL,
  `research_report_id` int(10) UNSIGNED DEFAULT NULL,
  `author_id` int(10) UNSIGNED DEFAULT NULL
) ENGINE=InnoDB DEFAULT CHARSET=utf8mb4 COLLATE=utf8mb4_unicode_ci;

--
-- Dumping data for table `research_reports_author_links`
--

INSERT INTO `research_reports_author_links` (`id`, `research_report_id`, `author_id`) VALUES
(1, 1, 1),
(2, 2, 2),
(3, 3, 1),
(4, 4, 2),
(5, 5, 1),
(6, 6, 2),
(7, 7, 3),
(8, 8, 4),
(9, 9, 3),
(10, 10, 4),
(11, 11, 3),
(12, 12, 4);

-- --------------------------------------------------------

--
-- Table structure for table `research_reports_category_links`
--

CREATE TABLE `research_reports_category_links` (
  `id` int(10) UNSIGNED NOT NULL,
  `research_report_id` int(10) UNSIGNED DEFAULT NULL,
  `research_category_id` int(10) UNSIGNED DEFAULT NULL,
  `research_report_order` double UNSIGNED DEFAULT NULL
) ENGINE=InnoDB DEFAULT CHARSET=utf8mb4 COLLATE=utf8mb4_unicode_ci;

--
-- Dumping data for table `research_reports_category_links`
--

INSERT INTO `research_reports_category_links` (`id`, `research_report_id`, `research_category_id`, `research_report_order`) VALUES
(1, 1, 1, 1),
(2, 2, 2, 1),
(3, 3, 3, 1),
(4, 4, 1, 2),
(5, 5, 2, 2),
(6, 6, 3, 2),
(7, 7, 4, 1),
(8, 8, 5, 1),
(9, 9, 6, 1),
(10, 10, 4, 2),
(11, 11, 5, 2),
(12, 12, 6, 2);

-- --------------------------------------------------------

--
-- Table structure for table `research_reports_components`
--

CREATE TABLE `research_reports_components` (
  `id` int(10) UNSIGNED NOT NULL,
  `entity_id` int(10) UNSIGNED DEFAULT NULL,
  `component_id` int(10) UNSIGNED DEFAULT NULL,
  `component_type` varchar(255) DEFAULT NULL,
  `field` varchar(255) DEFAULT NULL,
  `order` double UNSIGNED DEFAULT NULL
) ENGINE=InnoDB DEFAULT CHARSET=utf8mb4 COLLATE=utf8mb4_unicode_ci;

--
-- Dumping data for table `research_reports_components`
--

INSERT INTO `research_reports_components` (`id`, `entity_id`, `component_id`, `component_type`, `field`, `order`) VALUES
(643, 1, 5432, 'shared.seo-meta', 'seo', NULL),
(644, 2, 5433, 'shared.seo-meta', 'seo', NULL),
(645, 3, 5434, 'shared.seo-meta', 'seo', NULL),
(646, 4, 5435, 'shared.seo-meta', 'seo', NULL),
(647, 5, 5436, 'shared.seo-meta', 'seo', NULL),
(648, 6, 5437, 'shared.seo-meta', 'seo', NULL),
(649, 7, 5484, 'shared.seo-meta', 'seo', NULL),
(650, 8, 5485, 'shared.seo-meta', 'seo', NULL),
(651, 9, 5486, 'shared.seo-meta', 'seo', NULL),
(652, 10, 5487, 'shared.seo-meta', 'seo', NULL),
(653, 11, 5488, 'shared.seo-meta', 'seo', NULL),
(654, 12, 5489, 'shared.seo-meta', 'seo', NULL);

-- --------------------------------------------------------

--
-- Table structure for table `research_reports_documents_links`
--

CREATE TABLE `research_reports_documents_links` (
  `id` int(10) UNSIGNED NOT NULL,
  `research_report_id` int(10) UNSIGNED DEFAULT NULL,
  `downloadable_document_id` int(10) UNSIGNED DEFAULT NULL,
  `downloadable_document_order` double UNSIGNED DEFAULT NULL
) ENGINE=InnoDB DEFAULT CHARSET=utf8mb4 COLLATE=utf8mb4_unicode_ci;

--
-- Dumping data for table `research_reports_documents_links`
--

INSERT INTO `research_reports_documents_links` (`id`, `research_report_id`, `downloadable_document_id`, `downloadable_document_order`) VALUES
(1, 1, 1, 1),
(2, 1, 2, 2),
(3, 1, 3, 3),
(4, 2, 1, 1),
(5, 2, 2, 2),
(6, 2, 3, 3),
(7, 3, 1, 1),
(8, 3, 2, 2),
(9, 3, 3, 3),
(10, 4, 1, 1),
(11, 4, 2, 2),
(12, 4, 3, 3),
(13, 5, 1, 1),
(14, 5, 2, 2),
(15, 5, 3, 3),
(16, 6, 1, 1),
(17, 6, 2, 2),
(18, 6, 3, 3),
(19, 7, 4, 1),
(20, 7, 5, 2),
(21, 7, 6, 3),
(22, 8, 4, 1),
(23, 8, 5, 2),
(24, 8, 6, 3),
(25, 9, 4, 1),
(26, 9, 5, 2),
(27, 9, 6, 3),
(28, 10, 4, 1),
(29, 10, 5, 2),
(30, 10, 6, 3),
(31, 11, 4, 1),
(32, 11, 5, 2),
(33, 11, 6, 3),
(34, 12, 4, 1),
(35, 12, 5, 2),
(36, 12, 6, 3);

-- --------------------------------------------------------

--
-- Table structure for table `research_reports_localizations_links`
--

CREATE TABLE `research_reports_localizations_links` (
  `id` int(10) UNSIGNED NOT NULL,
  `research_report_id` int(10) UNSIGNED DEFAULT NULL,
  `inv_research_report_id` int(10) UNSIGNED DEFAULT NULL,
  `research_report_order` double UNSIGNED DEFAULT NULL
) ENGINE=InnoDB DEFAULT CHARSET=utf8mb4 COLLATE=utf8mb4_unicode_ci;

-- --------------------------------------------------------

--
-- Table structure for table `research_reports_report_type_links`
--

CREATE TABLE `research_reports_report_type_links` (
  `id` int(10) UNSIGNED NOT NULL,
  `research_report_id` int(10) UNSIGNED DEFAULT NULL,
  `research_report_type_id` int(10) UNSIGNED DEFAULT NULL,
  `research_report_order` double UNSIGNED DEFAULT NULL
) ENGINE=InnoDB DEFAULT CHARSET=utf8mb4 COLLATE=utf8mb4_unicode_ci;

--
-- Dumping data for table `research_reports_report_type_links`
--

INSERT INTO `research_reports_report_type_links` (`id`, `research_report_id`, `research_report_type_id`, `research_report_order`) VALUES
(1, 1, 1, 1),
(2, 2, 2, 1),
(3, 3, 3, 1),
(4, 4, 5, 1),
(5, 5, 6, 1),
(6, 6, 7, 1),
(7, 7, 8, 1),
(8, 8, 9, 1),
(9, 9, 10, 1),
(10, 10, 12, 1),
(11, 11, 13, 1),
(12, 12, 14, 1);

-- --------------------------------------------------------

--
-- Table structure for table `research_reports_tags_links`
--

CREATE TABLE `research_reports_tags_links` (
  `id` int(10) UNSIGNED NOT NULL,
  `research_report_id` int(10) UNSIGNED DEFAULT NULL,
  `tag_id` int(10) UNSIGNED DEFAULT NULL,
  `tag_order` double UNSIGNED DEFAULT NULL
) ENGINE=InnoDB DEFAULT CHARSET=utf8mb4 COLLATE=utf8mb4_unicode_ci;

--
-- Dumping data for table `research_reports_tags_links`
--

INSERT INTO `research_reports_tags_links` (`id`, `research_report_id`, `tag_id`, `tag_order`) VALUES
(1, 1, 1, 1),
(2, 1, 2, 2),
(3, 1, 3, 3),
(4, 1, 4, 4),
(5, 2, 1, 1),
(6, 2, 2, 2),
(7, 2, 3, 3),
(8, 2, 4, 4),
(9, 3, 1, 1),
(10, 3, 2, 2),
(11, 3, 3, 3),
(12, 3, 4, 4),
(13, 4, 1, 1),
(14, 4, 2, 2),
(15, 4, 3, 3),
(16, 4, 4, 4),
(17, 5, 1, 1),
(18, 5, 2, 2),
(19, 5, 3, 3),
(20, 5, 4, 4),
(21, 6, 1, 1),
(22, 6, 2, 2),
(23, 6, 3, 3),
(24, 6, 4, 4),
(25, 7, 5, 1),
(26, 7, 6, 2),
(27, 7, 7, 3),
(28, 7, 8, 4),
(29, 8, 5, 1),
(30, 8, 6, 2),
(31, 8, 7, 3),
(32, 8, 8, 4),
(33, 9, 5, 1),
(34, 9, 6, 2),
(35, 9, 7, 3),
(36, 9, 8, 4),
(37, 10, 5, 1),
(38, 10, 6, 2),
(39, 10, 7, 3),
(40, 10, 8, 4),
(41, 11, 5, 1),
(42, 11, 6, 2),
(43, 11, 7, 3),
(44, 11, 8, 4),
(45, 12, 5, 1),
(46, 12, 6, 2),
(47, 12, 7, 3),
(48, 12, 8, 4);

-- --------------------------------------------------------

--
-- Table structure for table `research_report_types`
--

CREATE TABLE `research_report_types` (
  `id` int(10) UNSIGNED NOT NULL,
  `title` varchar(255) DEFAULT NULL,
  `slug` varchar(255) DEFAULT NULL,
  `summary` longtext DEFAULT NULL,
  `sort_order` int(11) DEFAULT NULL,
  `created_at` datetime(6) DEFAULT NULL,
  `updated_at` datetime(6) DEFAULT NULL,
  `published_at` datetime(6) DEFAULT NULL,
  `created_by_id` int(10) UNSIGNED DEFAULT NULL,
  `updated_by_id` int(10) UNSIGNED DEFAULT NULL,
  `locale` varchar(255) DEFAULT NULL
) ENGINE=InnoDB DEFAULT CHARSET=utf8mb4 COLLATE=utf8mb4_unicode_ci;

--
-- Dumping data for table `research_report_types`
--

INSERT INTO `research_report_types` (`id`, `title`, `slug`, `summary`, `sort_order`, `created_at`, `updated_at`, `published_at`, `created_by_id`, `updated_by_id`, `locale`) VALUES
(1, 'Hàng ngày', 'daily', 'Báo cáo hoặc chiến lược hàng ngày.', 0, '2026-04-20 10:27:43.936000', '2026-04-20 16:48:02.223000', '2026-04-20 16:47:59.478000', NULL, NULL, 'vi'),
(2, 'Hàng tuần', 'weekly', 'Báo cáo hoặc chiến lược hàng tuần.', 0, '2026-04-20 10:27:43.937000', '2026-04-20 16:48:02.228000', '2026-04-20 16:47:59.478000', NULL, NULL, 'vi'),
(3, 'Hàng tháng', 'monthly', 'Báo cáo hoặc chiến lược hàng tháng.', 0, '2026-04-20 10:27:43.938000', '2026-04-20 16:48:02.233000', '2026-04-20 16:47:59.478000', NULL, NULL, 'vi'),
(4, 'Chiến lược', 'strategy', 'Góc nhìn chiến lược và phân bổ tài sản.', 0, '2026-04-20 10:27:43.939000', '2026-04-20 16:48:02.237000', '2026-04-20 16:47:59.478000', NULL, NULL, 'vi'),
(5, 'Doanh nghiệp', 'company', 'Báo cáo phân tích doanh nghiệp.', 0, '2026-04-20 10:27:43.941000', '2026-04-20 16:48:02.244000', '2026-04-20 16:47:59.478000', NULL, NULL, 'vi'),
(6, 'Ngành', 'sector', 'Báo cáo phân tích ngành.', 0, '2026-04-20 10:27:43.943000', '2026-04-20 16:48:02.249000', '2026-04-20 16:47:59.478000', NULL, NULL, 'vi'),
(7, 'Bình luận', 'commentary', 'Bình luận thị trường và diễn biến ngắn hạn.', 0, '2026-04-20 10:27:43.945000', '2026-04-20 16:48:02.253000', '2026-04-20 16:47:59.478000', NULL, NULL, 'vi'),
(8, 'Daily', 'daily', 'Daily research and strategy note.', 0, '2026-04-20 10:27:44.671000', '2026-04-20 16:48:05.194000', '2026-04-20 16:47:59.478000', NULL, NULL, 'en'),
(9, 'Weekly', 'weekly', 'Weekly research and strategy note.', 0, '2026-04-20 10:27:44.672000', '2026-04-20 16:48:05.197000', '2026-04-20 16:47:59.478000', NULL, NULL, 'en'),
(10, 'Monthly', 'monthly', 'Monthly research and strategy note.', 0, '2026-04-20 10:27:44.673000', '2026-04-20 16:48:05.205000', '2026-04-20 16:47:59.478000', NULL, NULL, 'en'),
(11, 'Strategy', 'strategy', 'Strategy and allocation perspective.', 0, '2026-04-20 10:27:44.674000', '2026-04-20 16:48:05.211000', '2026-04-20 16:47:59.478000', NULL, NULL, 'en'),
(12, 'Company', 'company', 'Company coverage report.', 0, '2026-04-20 10:27:44.675000', '2026-04-20 16:48:05.214000', '2026-04-20 16:47:59.478000', NULL, NULL, 'en'),
(13, 'Sector', 'sector', 'Sector coverage report.', 0, '2026-04-20 10:27:44.676000', '2026-04-20 16:48:05.217000', '2026-04-20 16:47:59.478000', NULL, NULL, 'en'),
(14, 'Commentary', 'commentary', 'Market commentary and short-term view.', 0, '2026-04-20 10:27:44.677000', '2026-04-20 16:48:05.221000', '2026-04-20 16:47:59.478000', NULL, NULL, 'en');

-- --------------------------------------------------------

--
-- Table structure for table `research_report_types_localizations_links`
--

CREATE TABLE `research_report_types_localizations_links` (
  `id` int(10) UNSIGNED NOT NULL,
  `research_report_type_id` int(10) UNSIGNED DEFAULT NULL,
  `inv_research_report_type_id` int(10) UNSIGNED DEFAULT NULL,
  `research_report_type_order` double UNSIGNED DEFAULT NULL
) ENGINE=InnoDB DEFAULT CHARSET=utf8mb4 COLLATE=utf8mb4_unicode_ci;

-- --------------------------------------------------------

--
-- Table structure for table `seo_defaults`
--

CREATE TABLE `seo_defaults` (
  `id` int(10) UNSIGNED NOT NULL,
  `site_url` varchar(255) DEFAULT NULL,
  `organization_schema` longtext CHARACTER SET utf8mb4 COLLATE utf8mb4_bin DEFAULT NULL CHECK (json_valid(`organization_schema`)),
  `created_at` datetime(6) DEFAULT NULL,
  `updated_at` datetime(6) DEFAULT NULL,
  `published_at` datetime(6) DEFAULT NULL,
  `created_by_id` int(10) UNSIGNED DEFAULT NULL,
  `updated_by_id` int(10) UNSIGNED DEFAULT NULL,
  `locale` varchar(255) DEFAULT NULL
) ENGINE=InnoDB DEFAULT CHARSET=utf8mb4 COLLATE=utf8mb4_unicode_ci;

--
-- Dumping data for table `seo_defaults`
--

INSERT INTO `seo_defaults` (`id`, `site_url`, `organization_schema`, `created_at`, `updated_at`, `published_at`, `created_by_id`, `updated_by_id`, `locale`) VALUES
(1, 'https://fintrust.vn', '{\"@type\":\"Organization\",\"name\":\"Công ty Cổ phần Chứng khoán FinTrust\",\"url\":\"https://fintrust.vn\",\"contactPoint\":[{\"@type\":\"ContactPoint\",\"contactType\":\"customer support\",\"telephone\":\"1900 6868\",\"email\":\"support@fintrust.vn\"}]}', '2026-04-11 12:42:14.446000', '2026-04-20 16:48:01.552000', '2026-04-20 16:47:59.478000', NULL, NULL, 'vi'),
(2, 'https://fintrust.vn', '{\"@type\":\"Organization\",\"name\":\"FinTrust Securities Joint Stock Company\",\"url\":\"https://fintrust.vn\",\"contactPoint\":[{\"@type\":\"ContactPoint\",\"contactType\":\"customer support\",\"telephone\":\"+84 1900 6868\",\"email\":\"support@fintrust.vn\"}]}', '2026-04-11 12:42:14.646000', '2026-04-20 16:48:04.513000', '2026-04-20 16:47:59.478000', NULL, NULL, 'en');

-- --------------------------------------------------------

--
-- Table structure for table `seo_defaults_components`
--

CREATE TABLE `seo_defaults_components` (
  `id` int(10) UNSIGNED NOT NULL,
  `entity_id` int(10) UNSIGNED DEFAULT NULL,
  `component_id` int(10) UNSIGNED DEFAULT NULL,
  `component_type` varchar(255) DEFAULT NULL,
  `field` varchar(255) DEFAULT NULL,
  `order` double UNSIGNED DEFAULT NULL
) ENGINE=InnoDB DEFAULT CHARSET=utf8mb4 COLLATE=utf8mb4_unicode_ci;

--
-- Dumping data for table `seo_defaults_components`
--

INSERT INTO `seo_defaults_components` (`id`, `entity_id`, `component_id`, `component_type`, `field`, `order`) VALUES
(111, 1, 5416, 'shared.seo-meta', 'meta', NULL),
(112, 2, 5468, 'shared.seo-meta', 'meta', NULL);

-- --------------------------------------------------------

--
-- Table structure for table `seo_defaults_localizations_links`
--

CREATE TABLE `seo_defaults_localizations_links` (
  `id` int(10) UNSIGNED NOT NULL,
  `seo_default_id` int(10) UNSIGNED DEFAULT NULL,
  `inv_seo_default_id` int(10) UNSIGNED DEFAULT NULL,
  `seo_default_order` double UNSIGNED DEFAULT NULL
) ENGINE=InnoDB DEFAULT CHARSET=utf8mb4 COLLATE=utf8mb4_unicode_ci;

-- --------------------------------------------------------

--
-- Table structure for table `services`
--

CREATE TABLE `services` (
  `id` int(10) UNSIGNED NOT NULL,
  `title` varchar(255) DEFAULT NULL,
  `slug` varchar(255) DEFAULT NULL,
  `summary` longtext DEFAULT NULL,
  `description` longtext DEFAULT NULL,
  `featured` tinyint(1) DEFAULT NULL,
  `sort_order` int(11) DEFAULT NULL,
  `publish_date` datetime(6) DEFAULT NULL,
  `status` varchar(255) DEFAULT NULL,
  `created_at` datetime(6) DEFAULT NULL,
  `updated_at` datetime(6) DEFAULT NULL,
  `published_at` datetime(6) DEFAULT NULL,
  `created_by_id` int(10) UNSIGNED DEFAULT NULL,
  `updated_by_id` int(10) UNSIGNED DEFAULT NULL,
  `locale` varchar(255) DEFAULT NULL,
  `advisor_section_title` varchar(255) DEFAULT NULL,
  `advisor_section_description` longtext DEFAULT NULL
) ENGINE=InnoDB DEFAULT CHARSET=utf8mb4 COLLATE=utf8mb4_unicode_ci;

--
-- Dumping data for table `services`
--

INSERT INTO `services` (`id`, `title`, `slug`, `summary`, `description`, `featured`, `sort_order`, `publish_date`, `status`, `created_at`, `updated_at`, `published_at`, `created_by_id`, `updated_by_id`, `locale`, `advisor_section_title`, `advisor_section_description`) VALUES
(1, 'Môi giới chứng khoán', 'moi-gioi-chung-khoan', 'Giải pháp môi giới cổ phiếu, trái phiếu và chứng chỉ quỹ với tư vấn theo khẩu vị rủi ro.', '<p>Dịch vụ môi giới của FinTrust kết hợp tư vấn đầu tư, quản trị danh mục và hệ thống hỗ trợ quyết định theo dữ liệu thị trường.</p>', 1, 0, '2026-04-20 16:47:59.478000', 'active', '2026-04-11 12:42:14.503000', '2026-04-20 16:48:02.310000', '2026-04-20 16:47:59.478000', NULL, NULL, 'vi', NULL, NULL),
(2, 'Giao dịch trực tuyến', 'giao-dich-truc-tuyen', 'Nền tảng giao dịch web/mobile với cảnh báo thông minh và bảo mật nâng cao.', '<p>Khách hàng có thể giao dịch nhiều sản phẩm, theo dõi tài sản thời gian thực và quản trị hạn mức hiệu quả.</p>', 1, 0, '2026-04-20 16:47:59.478000', 'active', '2026-04-11 12:42:14.507000', '2026-04-20 16:48:02.345000', '2026-04-20 16:47:59.478000', NULL, NULL, 'vi', NULL, NULL),
(3, 'Tư vấn đầu tư', 'tu-van-dau-tu', 'Khuyến nghị đầu tư theo mục tiêu tài chính và chu kỳ thị trường.', '<p>Đội ngũ chuyên gia hỗ trợ xây dựng chiến lược phân bổ tài sản, tái cân bằng danh mục và giám sát hiệu quả đầu tư.</p>', 1, 0, '2026-04-20 16:47:59.478000', 'active', '2026-04-11 12:42:14.511000', '2026-04-20 16:48:02.428000', '2026-04-20 16:47:59.478000', NULL, NULL, 'vi', 'Danh sách chuyên viên tư vấn', 'Chọn tư vấn viên và để lại thông tin để đội ngũ liên hệ sớm.'),
(4, 'Giải pháp tổ chức', 'giai-phap-to-chuc', 'Dịch vụ giao dịch và tư vấn chuyên biệt cho khách hàng doanh nghiệp và tổ chức.', '<p>Chúng tôi cung cấp dịch vụ execution, tư vấn giao dịch khối lớn và báo cáo phân tích chuyên sâu cho khách hàng tổ chức.</p>', 1, 0, '2026-04-20 16:47:59.478000', 'active', '2026-04-11 12:42:14.514000', '2026-04-20 16:48:02.484000', '2026-04-20 16:47:59.478000', NULL, NULL, 'vi', NULL, NULL),
(5, 'Securities Brokerage', 'securities-brokerage', 'Brokerage execution for equities, bonds, and funds with risk-profile guidance.', '<p>FinTrust brokerage combines trade execution, portfolio monitoring, and actionable research coverage.</p>', 1, 0, '2026-04-20 16:47:59.478000', 'active', '2026-04-11 12:42:14.699000', '2026-04-20 16:48:05.267000', '2026-04-20 16:47:59.478000', NULL, NULL, 'en', NULL, NULL),
(6, 'Online Trading', 'online-trading', 'Web and mobile trading platform with smart alerts and robust security.', '<p>Trade multiple products with real-time portfolio visibility and integrated risk controls.</p>', 1, 0, '2026-04-20 16:47:59.478000', 'active', '2026-04-11 12:42:14.702000', '2026-04-20 16:48:05.286000', '2026-04-20 16:47:59.478000', NULL, NULL, 'en', NULL, NULL),
(7, 'Investment Advisory', 'investment-advisory', 'Advisory service aligned with financial goals and market cycles.', '<p>Our advisors support allocation planning, portfolio rebalancing, and investment monitoring.</p>', 1, 0, '2026-04-20 16:47:59.478000', 'active', '2026-04-11 12:42:14.705000', '2026-04-20 16:48:05.324000', '2026-04-20 16:47:59.478000', NULL, NULL, 'en', 'Advisor directory', 'Pick an advisor and leave your details so we can follow up quickly.'),
(8, 'Institutional Solutions', 'institutional-solutions', 'Execution and advisory solutions for corporate and institutional clients.', '<p>Services include block-trade support, customized dealing strategy, and dedicated analytical coverage.</p>', 1, 0, '2026-04-20 16:47:59.478000', 'active', '2026-04-11 12:42:14.708000', '2026-04-20 16:48:05.344000', '2026-04-20 16:47:59.478000', NULL, NULL, 'en', NULL, NULL);

-- --------------------------------------------------------

--
-- Table structure for table `services_category_links`
--

CREATE TABLE `services_category_links` (
  `id` int(10) UNSIGNED NOT NULL,
  `service_id` int(10) UNSIGNED DEFAULT NULL,
  `service_category_id` int(10) UNSIGNED DEFAULT NULL,
  `service_order` double UNSIGNED DEFAULT NULL
) ENGINE=InnoDB DEFAULT CHARSET=utf8mb4 COLLATE=utf8mb4_unicode_ci;

--
-- Dumping data for table `services_category_links`
--

INSERT INTO `services_category_links` (`id`, `service_id`, `service_category_id`, `service_order`) VALUES
(1, 1, 1, 1),
(2, 2, 1, 2),
(3, 3, 1, 3),
(4, 4, 2, 1),
(5, 5, 3, 1),
(6, 6, 3, 2),
(7, 7, 3, 3),
(8, 8, 4, 1);

-- --------------------------------------------------------

--
-- Table structure for table `services_components`
--

CREATE TABLE `services_components` (
  `id` int(10) UNSIGNED NOT NULL,
  `entity_id` int(10) UNSIGNED DEFAULT NULL,
  `component_id` int(10) UNSIGNED DEFAULT NULL,
  `component_type` varchar(255) DEFAULT NULL,
  `field` varchar(255) DEFAULT NULL,
  `order` double UNSIGNED DEFAULT NULL
) ENGINE=InnoDB DEFAULT CHARSET=utf8mb4 COLLATE=utf8mb4_unicode_ci;

--
-- Dumping data for table `services_components`
--

INSERT INTO `services_components` (`id`, `entity_id`, `component_id`, `component_type`, `field`, `order`) VALUES
(598, 1, 5419, 'shared.seo-meta', 'seo', NULL),
(599, 2, 5420, 'shared.seo-meta', 'seo', NULL),
(600, 3, 163, 'shared.advisor-card', 'advisors', 1),
(601, 3, 164, 'shared.advisor-card', 'advisors', 2),
(602, 3, 5421, 'shared.seo-meta', 'seo', NULL),
(603, 4, 5422, 'shared.seo-meta', 'seo', NULL),
(604, 5, 5471, 'shared.seo-meta', 'seo', NULL),
(605, 6, 5472, 'shared.seo-meta', 'seo', NULL),
(606, 7, 165, 'shared.advisor-card', 'advisors', 1),
(607, 7, 166, 'shared.advisor-card', 'advisors', 2),
(608, 7, 5473, 'shared.seo-meta', 'seo', NULL),
(609, 8, 5474, 'shared.seo-meta', 'seo', NULL);

-- --------------------------------------------------------

--
-- Table structure for table `services_documents_links`
--

CREATE TABLE `services_documents_links` (
  `id` int(10) UNSIGNED NOT NULL,
  `service_id` int(10) UNSIGNED DEFAULT NULL,
  `downloadable_document_id` int(10) UNSIGNED DEFAULT NULL,
  `downloadable_document_order` double UNSIGNED DEFAULT NULL
) ENGINE=InnoDB DEFAULT CHARSET=utf8mb4 COLLATE=utf8mb4_unicode_ci;

--
-- Dumping data for table `services_documents_links`
--

INSERT INTO `services_documents_links` (`id`, `service_id`, `downloadable_document_id`, `downloadable_document_order`) VALUES
(1, 1, 1, 1),
(2, 1, 2, 2),
(3, 1, 3, 3),
(4, 2, 1, 1),
(5, 2, 2, 2),
(6, 2, 3, 3),
(7, 3, 1, 1),
(8, 3, 2, 2),
(9, 3, 3, 3),
(10, 4, 1, 1),
(11, 4, 2, 2),
(12, 4, 3, 3),
(13, 5, 4, 1),
(14, 5, 5, 2),
(15, 5, 6, 3),
(16, 6, 4, 1),
(17, 6, 5, 2),
(18, 6, 6, 3),
(19, 7, 4, 1),
(20, 7, 5, 2),
(21, 7, 6, 3),
(22, 8, 4, 1),
(23, 8, 5, 2),
(24, 8, 6, 3);

-- --------------------------------------------------------

--
-- Table structure for table `services_localizations_links`
--

CREATE TABLE `services_localizations_links` (
  `id` int(10) UNSIGNED NOT NULL,
  `service_id` int(10) UNSIGNED DEFAULT NULL,
  `inv_service_id` int(10) UNSIGNED DEFAULT NULL,
  `service_order` double UNSIGNED DEFAULT NULL
) ENGINE=InnoDB DEFAULT CHARSET=utf8mb4 COLLATE=utf8mb4_unicode_ci;

-- --------------------------------------------------------

--
-- Table structure for table `services_tags_links`
--

CREATE TABLE `services_tags_links` (
  `id` int(10) UNSIGNED NOT NULL,
  `service_id` int(10) UNSIGNED DEFAULT NULL,
  `tag_id` int(10) UNSIGNED DEFAULT NULL,
  `tag_order` double UNSIGNED DEFAULT NULL
) ENGINE=InnoDB DEFAULT CHARSET=utf8mb4 COLLATE=utf8mb4_unicode_ci;

--
-- Dumping data for table `services_tags_links`
--

INSERT INTO `services_tags_links` (`id`, `service_id`, `tag_id`, `tag_order`) VALUES
(1, 1, 1, 1),
(2, 1, 2, 2),
(3, 2, 1, 1),
(4, 2, 2, 2),
(5, 3, 1, 1),
(6, 3, 2, 2),
(7, 4, 1, 1),
(8, 4, 2, 2),
(9, 5, 5, 1),
(10, 5, 6, 2),
(11, 6, 5, 1),
(12, 6, 6, 2),
(13, 7, 5, 1),
(14, 7, 6, 2),
(15, 8, 5, 1),
(16, 8, 6, 2);

-- --------------------------------------------------------

--
-- Table structure for table `service_categories`
--

CREATE TABLE `service_categories` (
  `id` int(10) UNSIGNED NOT NULL,
  `title` varchar(255) DEFAULT NULL,
  `slug` varchar(255) DEFAULT NULL,
  `summary` longtext DEFAULT NULL,
  `sort_order` int(11) DEFAULT NULL,
  `created_at` datetime(6) DEFAULT NULL,
  `updated_at` datetime(6) DEFAULT NULL,
  `published_at` datetime(6) DEFAULT NULL,
  `created_by_id` int(10) UNSIGNED DEFAULT NULL,
  `updated_by_id` int(10) UNSIGNED DEFAULT NULL,
  `locale` varchar(255) DEFAULT NULL
) ENGINE=InnoDB DEFAULT CHARSET=utf8mb4 COLLATE=utf8mb4_unicode_ci;

--
-- Dumping data for table `service_categories`
--

INSERT INTO `service_categories` (`id`, `title`, `slug`, `summary`, `sort_order`, `created_at`, `updated_at`, `published_at`, `created_by_id`, `updated_by_id`, `locale`) VALUES
(1, 'Khách hàng cá nhân', 'khach-hang-ca-nhan', 'Dịch vụ cho nhà đầu tư cá nhân.', 0, '2026-04-11 12:42:14.475000', '2026-04-20 16:48:02.105000', '2026-04-20 16:47:59.478000', NULL, NULL, 'vi'),
(2, 'Khách hàng tổ chức', 'khach-hang-to-chuc', 'Giải pháp chuyên biệt cho doanh nghiệp và định chế.', 0, '2026-04-11 12:42:14.476000', '2026-04-20 16:48:02.107000', '2026-04-20 16:47:59.478000', NULL, NULL, 'vi'),
(3, 'Retail Clients', 'retail-clients', 'Service suite for individual investors.', 0, '2026-04-11 12:42:14.670000', '2026-04-20 16:48:04.941000', '2026-04-20 16:47:59.478000', NULL, NULL, 'en'),
(4, 'Institutional Clients', 'institutional-clients', 'Tailored solutions for corporate and institutional clients.', 0, '2026-04-11 12:42:14.671000', '2026-04-20 16:48:04.950000', '2026-04-20 16:47:59.478000', NULL, NULL, 'en');

-- --------------------------------------------------------

--
-- Table structure for table `service_categories_localizations_links`
--

CREATE TABLE `service_categories_localizations_links` (
  `id` int(10) UNSIGNED NOT NULL,
  `service_category_id` int(10) UNSIGNED DEFAULT NULL,
  `inv_service_category_id` int(10) UNSIGNED DEFAULT NULL,
  `service_category_order` double UNSIGNED DEFAULT NULL
) ENGINE=InnoDB DEFAULT CHARSET=utf8mb4 COLLATE=utf8mb4_unicode_ci;

-- --------------------------------------------------------

--
-- Table structure for table `strapi_api_tokens`
--

CREATE TABLE `strapi_api_tokens` (
  `id` int(10) UNSIGNED NOT NULL,
  `name` varchar(255) DEFAULT NULL,
  `description` varchar(255) DEFAULT NULL,
  `type` varchar(255) DEFAULT NULL,
  `access_key` varchar(255) DEFAULT NULL,
  `last_used_at` datetime(6) DEFAULT NULL,
  `expires_at` datetime(6) DEFAULT NULL,
  `lifespan` bigint(20) DEFAULT NULL,
  `created_at` datetime(6) DEFAULT NULL,
  `updated_at` datetime(6) DEFAULT NULL,
  `created_by_id` int(10) UNSIGNED DEFAULT NULL,
  `updated_by_id` int(10) UNSIGNED DEFAULT NULL
) ENGINE=InnoDB DEFAULT CHARSET=utf8mb4 COLLATE=utf8mb4_unicode_ci;

-- --------------------------------------------------------

--
-- Table structure for table `strapi_api_token_permissions`
--

CREATE TABLE `strapi_api_token_permissions` (
  `id` int(10) UNSIGNED NOT NULL,
  `action` varchar(255) DEFAULT NULL,
  `created_at` datetime(6) DEFAULT NULL,
  `updated_at` datetime(6) DEFAULT NULL,
  `created_by_id` int(10) UNSIGNED DEFAULT NULL,
  `updated_by_id` int(10) UNSIGNED DEFAULT NULL
) ENGINE=InnoDB DEFAULT CHARSET=utf8mb4 COLLATE=utf8mb4_unicode_ci;

-- --------------------------------------------------------

--
-- Table structure for table `strapi_api_token_permissions_token_links`
--

CREATE TABLE `strapi_api_token_permissions_token_links` (
  `id` int(10) UNSIGNED NOT NULL,
  `api_token_permission_id` int(10) UNSIGNED DEFAULT NULL,
  `api_token_id` int(10) UNSIGNED DEFAULT NULL,
  `api_token_permission_order` double UNSIGNED DEFAULT NULL
) ENGINE=InnoDB DEFAULT CHARSET=utf8mb4 COLLATE=utf8mb4_unicode_ci;

-- --------------------------------------------------------

--
-- Table structure for table `strapi_core_store_settings`
--

CREATE TABLE `strapi_core_store_settings` (
  `id` int(10) UNSIGNED NOT NULL,
  `key` varchar(255) DEFAULT NULL,
  `value` longtext DEFAULT NULL,
  `type` varchar(255) DEFAULT NULL,
  `environment` varchar(255) DEFAULT NULL,
  `tag` varchar(255) DEFAULT NULL
) ENGINE=InnoDB DEFAULT CHARSET=utf8mb4 COLLATE=utf8mb4_unicode_ci;

--
-- Dumping data for table `strapi_core_store_settings`
--

INSERT INTO `strapi_core_store_settings` (`id`, `key`, `value`, `type`, `environment`, `tag`) VALUES
(1, 'strapi_content_types_schema', '{\"admin::permission\":{\"collectionName\":\"admin_permissions\",\"info\":{\"name\":\"Permission\",\"description\":\"\",\"singularName\":\"permission\",\"pluralName\":\"permissions\",\"displayName\":\"Permission\"},\"options\":{},\"pluginOptions\":{\"content-manager\":{\"visible\":false},\"content-type-builder\":{\"visible\":false}},\"attributes\":{\"action\":{\"type\":\"string\",\"minLength\":1,\"configurable\":false,\"required\":true},\"actionParameters\":{\"type\":\"json\",\"configurable\":false,\"required\":false,\"default\":{}},\"subject\":{\"type\":\"string\",\"minLength\":1,\"configurable\":false,\"required\":false},\"properties\":{\"type\":\"json\",\"configurable\":false,\"required\":false,\"default\":{}},\"conditions\":{\"type\":\"json\",\"configurable\":false,\"required\":false,\"default\":[]},\"role\":{\"configurable\":false,\"type\":\"relation\",\"relation\":\"manyToOne\",\"inversedBy\":\"permissions\",\"target\":\"admin::role\"},\"createdAt\":{\"type\":\"datetime\"},\"updatedAt\":{\"type\":\"datetime\"},\"createdBy\":{\"type\":\"relation\",\"relation\":\"oneToOne\",\"target\":\"admin::user\",\"configurable\":false,\"writable\":false,\"visible\":false,\"useJoinTable\":false,\"private\":true},\"updatedBy\":{\"type\":\"relation\",\"relation\":\"oneToOne\",\"target\":\"admin::user\",\"configurable\":false,\"writable\":false,\"visible\":false,\"useJoinTable\":false,\"private\":true}},\"kind\":\"collectionType\",\"__schema__\":{\"collectionName\":\"admin_permissions\",\"info\":{\"name\":\"Permission\",\"description\":\"\",\"singularName\":\"permission\",\"pluralName\":\"permissions\",\"displayName\":\"Permission\"},\"options\":{},\"pluginOptions\":{\"content-manager\":{\"visible\":false},\"content-type-builder\":{\"visible\":false}},\"attributes\":{\"action\":{\"type\":\"string\",\"minLength\":1,\"configurable\":false,\"required\":true},\"actionParameters\":{\"type\":\"json\",\"configurable\":false,\"required\":false,\"default\":{}},\"subject\":{\"type\":\"string\",\"minLength\":1,\"configurable\":false,\"required\":false},\"properties\":{\"type\":\"json\",\"configurable\":false,\"required\":false,\"default\":{}},\"conditions\":{\"type\":\"json\",\"configurable\":false,\"required\":false,\"default\":[]},\"role\":{\"configurable\":false,\"type\":\"relation\",\"relation\":\"manyToOne\",\"inversedBy\":\"permissions\",\"target\":\"admin::role\"}},\"kind\":\"collectionType\"},\"modelType\":\"contentType\",\"modelName\":\"permission\",\"connection\":\"default\",\"uid\":\"admin::permission\",\"plugin\":\"admin\",\"globalId\":\"AdminPermission\"},\"admin::user\":{\"collectionName\":\"admin_users\",\"info\":{\"name\":\"User\",\"description\":\"\",\"singularName\":\"user\",\"pluralName\":\"users\",\"displayName\":\"User\"},\"pluginOptions\":{\"content-manager\":{\"visible\":false},\"content-type-builder\":{\"visible\":false}},\"attributes\":{\"firstname\":{\"type\":\"string\",\"unique\":false,\"minLength\":1,\"configurable\":false,\"required\":false},\"lastname\":{\"type\":\"string\",\"unique\":false,\"minLength\":1,\"configurable\":false,\"required\":false},\"username\":{\"type\":\"string\",\"unique\":false,\"configurable\":false,\"required\":false},\"email\":{\"type\":\"email\",\"minLength\":6,\"configurable\":false,\"required\":true,\"unique\":true,\"private\":true},\"password\":{\"type\":\"password\",\"minLength\":6,\"configurable\":false,\"required\":false,\"private\":true,\"searchable\":false},\"resetPasswordToken\":{\"type\":\"string\",\"configurable\":false,\"private\":true,\"searchable\":false},\"registrationToken\":{\"type\":\"string\",\"configurable\":false,\"private\":true,\"searchable\":false},\"isActive\":{\"type\":\"boolean\",\"default\":false,\"configurable\":false,\"private\":true},\"roles\":{\"configurable\":false,\"private\":true,\"type\":\"relation\",\"relation\":\"manyToMany\",\"inversedBy\":\"users\",\"target\":\"admin::role\",\"collectionName\":\"strapi_users_roles\"},\"blocked\":{\"type\":\"boolean\",\"default\":false,\"configurable\":false,\"private\":true},\"preferedLanguage\":{\"type\":\"string\",\"configurable\":false,\"required\":false,\"searchable\":false},\"createdAt\":{\"type\":\"datetime\"},\"updatedAt\":{\"type\":\"datetime\"},\"createdBy\":{\"type\":\"relation\",\"relation\":\"oneToOne\",\"target\":\"admin::user\",\"configurable\":false,\"writable\":false,\"visible\":false,\"useJoinTable\":false,\"private\":true},\"updatedBy\":{\"type\":\"relation\",\"relation\":\"oneToOne\",\"target\":\"admin::user\",\"configurable\":false,\"writable\":false,\"visible\":false,\"useJoinTable\":false,\"private\":true}},\"config\":{\"attributes\":{\"resetPasswordToken\":{\"hidden\":true},\"registrationToken\":{\"hidden\":true}}},\"kind\":\"collectionType\",\"__schema__\":{\"collectionName\":\"admin_users\",\"info\":{\"name\":\"User\",\"description\":\"\",\"singularName\":\"user\",\"pluralName\":\"users\",\"displayName\":\"User\"},\"pluginOptions\":{\"content-manager\":{\"visible\":false},\"content-type-builder\":{\"visible\":false}},\"attributes\":{\"firstname\":{\"type\":\"string\",\"unique\":false,\"minLength\":1,\"configurable\":false,\"required\":false},\"lastname\":{\"type\":\"string\",\"unique\":false,\"minLength\":1,\"configurable\":false,\"required\":false},\"username\":{\"type\":\"string\",\"unique\":false,\"configurable\":false,\"required\":false},\"email\":{\"type\":\"email\",\"minLength\":6,\"configurable\":false,\"required\":true,\"unique\":true,\"private\":true},\"password\":{\"type\":\"password\",\"minLength\":6,\"configurable\":false,\"required\":false,\"private\":true,\"searchable\":false},\"resetPasswordToken\":{\"type\":\"string\",\"configurable\":false,\"private\":true,\"searchable\":false},\"registrationToken\":{\"type\":\"string\",\"configurable\":false,\"private\":true,\"searchable\":false},\"isActive\":{\"type\":\"boolean\",\"default\":false,\"configurable\":false,\"private\":true},\"roles\":{\"configurable\":false,\"private\":true,\"type\":\"relation\",\"relation\":\"manyToMany\",\"inversedBy\":\"users\",\"target\":\"admin::role\",\"collectionName\":\"strapi_users_roles\"},\"blocked\":{\"type\":\"boolean\",\"default\":false,\"configurable\":false,\"private\":true},\"preferedLanguage\":{\"type\":\"string\",\"configurable\":false,\"required\":false,\"searchable\":false}},\"kind\":\"collectionType\"},\"modelType\":\"contentType\",\"modelName\":\"user\",\"connection\":\"default\",\"uid\":\"admin::user\",\"plugin\":\"admin\",\"globalId\":\"AdminUser\"},\"admin::role\":{\"collectionName\":\"admin_roles\",\"info\":{\"name\":\"Role\",\"description\":\"\",\"singularName\":\"role\",\"pluralName\":\"roles\",\"displayName\":\"Role\"},\"options\":{},\"pluginOptions\":{\"content-manager\":{\"visible\":false},\"content-type-builder\":{\"visible\":false}},\"attributes\":{\"name\":{\"type\":\"string\",\"minLength\":1,\"unique\":true,\"configurable\":false,\"required\":true},\"code\":{\"type\":\"string\",\"minLength\":1,\"unique\":true,\"configurable\":false,\"required\":true},\"description\":{\"type\":\"string\",\"configurable\":false},\"users\":{\"configurable\":false,\"type\":\"relation\",\"relation\":\"manyToMany\",\"mappedBy\":\"roles\",\"target\":\"admin::user\"},\"permissions\":{\"configurable\":false,\"type\":\"relation\",\"relation\":\"oneToMany\",\"mappedBy\":\"role\",\"target\":\"admin::permission\"},\"createdAt\":{\"type\":\"datetime\"},\"updatedAt\":{\"type\":\"datetime\"},\"createdBy\":{\"type\":\"relation\",\"relation\":\"oneToOne\",\"target\":\"admin::user\",\"configurable\":false,\"writable\":false,\"visible\":false,\"useJoinTable\":false,\"private\":true},\"updatedBy\":{\"type\":\"relation\",\"relation\":\"oneToOne\",\"target\":\"admin::user\",\"configurable\":false,\"writable\":false,\"visible\":false,\"useJoinTable\":false,\"private\":true}},\"kind\":\"collectionType\",\"__schema__\":{\"collectionName\":\"admin_roles\",\"info\":{\"name\":\"Role\",\"description\":\"\",\"singularName\":\"role\",\"pluralName\":\"roles\",\"displayName\":\"Role\"},\"options\":{},\"pluginOptions\":{\"content-manager\":{\"visible\":false},\"content-type-builder\":{\"visible\":false}},\"attributes\":{\"name\":{\"type\":\"string\",\"minLength\":1,\"unique\":true,\"configurable\":false,\"required\":true},\"code\":{\"type\":\"string\",\"minLength\":1,\"unique\":true,\"configurable\":false,\"required\":true},\"description\":{\"type\":\"string\",\"configurable\":false},\"users\":{\"configurable\":false,\"type\":\"relation\",\"relation\":\"manyToMany\",\"mappedBy\":\"roles\",\"target\":\"admin::user\"},\"permissions\":{\"configurable\":false,\"type\":\"relation\",\"relation\":\"oneToMany\",\"mappedBy\":\"role\",\"target\":\"admin::permission\"}},\"kind\":\"collectionType\"},\"modelType\":\"contentType\",\"modelName\":\"role\",\"connection\":\"default\",\"uid\":\"admin::role\",\"plugin\":\"admin\",\"globalId\":\"AdminRole\"},\"admin::api-token\":{\"collectionName\":\"strapi_api_tokens\",\"info\":{\"name\":\"Api Token\",\"singularName\":\"api-token\",\"pluralName\":\"api-tokens\",\"displayName\":\"Api Token\",\"description\":\"\"},\"options\":{},\"pluginOptions\":{\"content-manager\":{\"visible\":false},\"content-type-builder\":{\"visible\":false}},\"attributes\":{\"name\":{\"type\":\"string\",\"minLength\":1,\"configurable\":false,\"required\":true,\"unique\":true},\"description\":{\"type\":\"string\",\"minLength\":1,\"configurable\":false,\"required\":false,\"default\":\"\"},\"type\":{\"type\":\"enumeration\",\"enum\":[\"read-only\",\"full-access\",\"custom\"],\"configurable\":false,\"required\":true,\"default\":\"read-only\"},\"accessKey\":{\"type\":\"string\",\"minLength\":1,\"configurable\":false,\"required\":true,\"searchable\":false},\"lastUsedAt\":{\"type\":\"datetime\",\"configurable\":false,\"required\":false},\"permissions\":{\"type\":\"relation\",\"target\":\"admin::api-token-permission\",\"relation\":\"oneToMany\",\"mappedBy\":\"token\",\"configurable\":false,\"required\":false},\"expiresAt\":{\"type\":\"datetime\",\"configurable\":false,\"required\":false},\"lifespan\":{\"type\":\"biginteger\",\"configurable\":false,\"required\":false},\"createdAt\":{\"type\":\"datetime\"},\"updatedAt\":{\"type\":\"datetime\"},\"createdBy\":{\"type\":\"relation\",\"relation\":\"oneToOne\",\"target\":\"admin::user\",\"configurable\":false,\"writable\":false,\"visible\":false,\"useJoinTable\":false,\"private\":true},\"updatedBy\":{\"type\":\"relation\",\"relation\":\"oneToOne\",\"target\":\"admin::user\",\"configurable\":false,\"writable\":false,\"visible\":false,\"useJoinTable\":false,\"private\":true}},\"kind\":\"collectionType\",\"__schema__\":{\"collectionName\":\"strapi_api_tokens\",\"info\":{\"name\":\"Api Token\",\"singularName\":\"api-token\",\"pluralName\":\"api-tokens\",\"displayName\":\"Api Token\",\"description\":\"\"},\"options\":{},\"pluginOptions\":{\"content-manager\":{\"visible\":false},\"content-type-builder\":{\"visible\":false}},\"attributes\":{\"name\":{\"type\":\"string\",\"minLength\":1,\"configurable\":false,\"required\":true,\"unique\":true},\"description\":{\"type\":\"string\",\"minLength\":1,\"configurable\":false,\"required\":false,\"default\":\"\"},\"type\":{\"type\":\"enumeration\",\"enum\":[\"read-only\",\"full-access\",\"custom\"],\"configurable\":false,\"required\":true,\"default\":\"read-only\"},\"accessKey\":{\"type\":\"string\",\"minLength\":1,\"configurable\":false,\"required\":true,\"searchable\":false},\"lastUsedAt\":{\"type\":\"datetime\",\"configurable\":false,\"required\":false},\"permissions\":{\"type\":\"relation\",\"target\":\"admin::api-token-permission\",\"relation\":\"oneToMany\",\"mappedBy\":\"token\",\"configurable\":false,\"required\":false},\"expiresAt\":{\"type\":\"datetime\",\"configurable\":false,\"required\":false},\"lifespan\":{\"type\":\"biginteger\",\"configurable\":false,\"required\":false}},\"kind\":\"collectionType\"},\"modelType\":\"contentType\",\"modelName\":\"api-token\",\"connection\":\"default\",\"uid\":\"admin::api-token\",\"plugin\":\"admin\",\"globalId\":\"AdminApiToken\"},\"admin::api-token-permission\":{\"collectionName\":\"strapi_api_token_permissions\",\"info\":{\"name\":\"API Token Permission\",\"description\":\"\",\"singularName\":\"api-token-permission\",\"pluralName\":\"api-token-permissions\",\"displayName\":\"API Token Permission\"},\"options\":{},\"pluginOptions\":{\"content-manager\":{\"visible\":false},\"content-type-builder\":{\"visible\":false}},\"attributes\":{\"action\":{\"type\":\"string\",\"minLength\":1,\"configurable\":false,\"required\":true},\"token\":{\"configurable\":false,\"type\":\"relation\",\"relation\":\"manyToOne\",\"inversedBy\":\"permissions\",\"target\":\"admin::api-token\"},\"createdAt\":{\"type\":\"datetime\"},\"updatedAt\":{\"type\":\"datetime\"},\"createdBy\":{\"type\":\"relation\",\"relation\":\"oneToOne\",\"target\":\"admin::user\",\"configurable\":false,\"writable\":false,\"visible\":false,\"useJoinTable\":false,\"private\":true},\"updatedBy\":{\"type\":\"relation\",\"relation\":\"oneToOne\",\"target\":\"admin::user\",\"configurable\":false,\"writable\":false,\"visible\":false,\"useJoinTable\":false,\"private\":true}},\"kind\":\"collectionType\",\"__schema__\":{\"collectionName\":\"strapi_api_token_permissions\",\"info\":{\"name\":\"API Token Permission\",\"description\":\"\",\"singularName\":\"api-token-permission\",\"pluralName\":\"api-token-permissions\",\"displayName\":\"API Token Permission\"},\"options\":{},\"pluginOptions\":{\"content-manager\":{\"visible\":false},\"content-type-builder\":{\"visible\":false}},\"attributes\":{\"action\":{\"type\":\"string\",\"minLength\":1,\"configurable\":false,\"required\":true},\"token\":{\"configurable\":false,\"type\":\"relation\",\"relation\":\"manyToOne\",\"inversedBy\":\"permissions\",\"target\":\"admin::api-token\"}},\"kind\":\"collectionType\"},\"modelType\":\"contentType\",\"modelName\":\"api-token-permission\",\"connection\":\"default\",\"uid\":\"admin::api-token-permission\",\"plugin\":\"admin\",\"globalId\":\"AdminApiTokenPermission\"},\"admin::transfer-token\":{\"collectionName\":\"strapi_transfer_tokens\",\"info\":{\"name\":\"Transfer Token\",\"singularName\":\"transfer-token\",\"pluralName\":\"transfer-tokens\",\"displayName\":\"Transfer Token\",\"description\":\"\"},\"options\":{},\"pluginOptions\":{\"content-manager\":{\"visible\":false},\"content-type-builder\":{\"visible\":false}},\"attributes\":{\"name\":{\"type\":\"string\",\"minLength\":1,\"configurable\":false,\"required\":true,\"unique\":true},\"description\":{\"type\":\"string\",\"minLength\":1,\"configurable\":false,\"required\":false,\"default\":\"\"},\"accessKey\":{\"type\":\"string\",\"minLength\":1,\"configurable\":false,\"required\":true},\"lastUsedAt\":{\"type\":\"datetime\",\"configurable\":false,\"required\":false},\"permissions\":{\"type\":\"relation\",\"target\":\"admin::transfer-token-permission\",\"relation\":\"oneToMany\",\"mappedBy\":\"token\",\"configurable\":false,\"required\":false},\"expiresAt\":{\"type\":\"datetime\",\"configurable\":false,\"required\":false},\"lifespan\":{\"type\":\"biginteger\",\"configurable\":false,\"required\":false},\"createdAt\":{\"type\":\"datetime\"},\"updatedAt\":{\"type\":\"datetime\"},\"createdBy\":{\"type\":\"relation\",\"relation\":\"oneToOne\",\"target\":\"admin::user\",\"configurable\":false,\"writable\":false,\"visible\":false,\"useJoinTable\":false,\"private\":true},\"updatedBy\":{\"type\":\"relation\",\"relation\":\"oneToOne\",\"target\":\"admin::user\",\"configurable\":false,\"writable\":false,\"visible\":false,\"useJoinTable\":false,\"private\":true}},\"kind\":\"collectionType\",\"__schema__\":{\"collectionName\":\"strapi_transfer_tokens\",\"info\":{\"name\":\"Transfer Token\",\"singularName\":\"transfer-token\",\"pluralName\":\"transfer-tokens\",\"displayName\":\"Transfer Token\",\"description\":\"\"},\"options\":{},\"pluginOptions\":{\"content-manager\":{\"visible\":false},\"content-type-builder\":{\"visible\":false}},\"attributes\":{\"name\":{\"type\":\"string\",\"minLength\":1,\"configurable\":false,\"required\":true,\"unique\":true},\"description\":{\"type\":\"string\",\"minLength\":1,\"configurable\":false,\"required\":false,\"default\":\"\"},\"accessKey\":{\"type\":\"string\",\"minLength\":1,\"configurable\":false,\"required\":true},\"lastUsedAt\":{\"type\":\"datetime\",\"configurable\":false,\"required\":false},\"permissions\":{\"type\":\"relation\",\"target\":\"admin::transfer-token-permission\",\"relation\":\"oneToMany\",\"mappedBy\":\"token\",\"configurable\":false,\"required\":false},\"expiresAt\":{\"type\":\"datetime\",\"configurable\":false,\"required\":false},\"lifespan\":{\"type\":\"biginteger\",\"configurable\":false,\"required\":false}},\"kind\":\"collectionType\"},\"modelType\":\"contentType\",\"modelName\":\"transfer-token\",\"connection\":\"default\",\"uid\":\"admin::transfer-token\",\"plugin\":\"admin\",\"globalId\":\"AdminTransferToken\"},\"admin::transfer-token-permission\":{\"collectionName\":\"strapi_transfer_token_permissions\",\"info\":{\"name\":\"Transfer Token Permission\",\"description\":\"\",\"singularName\":\"transfer-token-permission\",\"pluralName\":\"transfer-token-permissions\",\"displayName\":\"Transfer Token Permission\"},\"options\":{},\"pluginOptions\":{\"content-manager\":{\"visible\":false},\"content-type-builder\":{\"visible\":false}},\"attributes\":{\"action\":{\"type\":\"string\",\"minLength\":1,\"configurable\":false,\"required\":true},\"token\":{\"configurable\":false,\"type\":\"relation\",\"relation\":\"manyToOne\",\"inversedBy\":\"permissions\",\"target\":\"admin::transfer-token\"},\"createdAt\":{\"type\":\"datetime\"},\"updatedAt\":{\"type\":\"datetime\"},\"createdBy\":{\"type\":\"relation\",\"relation\":\"oneToOne\",\"target\":\"admin::user\",\"configurable\":false,\"writable\":false,\"visible\":false,\"useJoinTable\":false,\"private\":true},\"updatedBy\":{\"type\":\"relation\",\"relation\":\"oneToOne\",\"target\":\"admin::user\",\"configurable\":false,\"writable\":false,\"visible\":false,\"useJoinTable\":false,\"private\":true}},\"kind\":\"collectionType\",\"__schema__\":{\"collectionName\":\"strapi_transfer_token_permissions\",\"info\":{\"name\":\"Transfer Token Permission\",\"description\":\"\",\"singularName\":\"transfer-token-permission\",\"pluralName\":\"transfer-token-permissions\",\"displayName\":\"Transfer Token Permission\"},\"options\":{},\"pluginOptions\":{\"content-manager\":{\"visible\":false},\"content-type-builder\":{\"visible\":false}},\"attributes\":{\"action\":{\"type\":\"string\",\"minLength\":1,\"configurable\":false,\"required\":true},\"token\":{\"configurable\":false,\"type\":\"relation\",\"relation\":\"manyToOne\",\"inversedBy\":\"permissions\",\"target\":\"admin::transfer-token\"}},\"kind\":\"collectionType\"},\"modelType\":\"contentType\",\"modelName\":\"transfer-token-permission\",\"connection\":\"default\",\"uid\":\"admin::transfer-token-permission\",\"plugin\":\"admin\",\"globalId\":\"AdminTransferTokenPermission\"},\"plugin::upload.file\":{\"collectionName\":\"files\",\"info\":{\"singularName\":\"file\",\"pluralName\":\"files\",\"displayName\":\"File\",\"description\":\"\"},\"options\":{},\"pluginOptions\":{\"content-manager\":{\"visible\":false},\"content-type-builder\":{\"visible\":false}},\"attributes\":{\"name\":{\"type\":\"string\",\"configurable\":false,\"required\":true},\"alternativeText\":{\"type\":\"string\",\"configurable\":false},\"caption\":{\"type\":\"string\",\"configurable\":false},\"width\":{\"type\":\"integer\",\"configurable\":false},\"height\":{\"type\":\"integer\",\"configurable\":false},\"formats\":{\"type\":\"json\",\"configurable\":false},\"hash\":{\"type\":\"string\",\"configurable\":false,\"required\":true},\"ext\":{\"type\":\"string\",\"configurable\":false},\"mime\":{\"type\":\"string\",\"configurable\":false,\"required\":true},\"size\":{\"type\":\"decimal\",\"configurable\":false,\"required\":true},\"url\":{\"type\":\"string\",\"configurable\":false,\"required\":true},\"previewUrl\":{\"type\":\"string\",\"configurable\":false},\"provider\":{\"type\":\"string\",\"configurable\":false,\"required\":true},\"provider_metadata\":{\"type\":\"json\",\"configurable\":false},\"related\":{\"type\":\"relation\",\"relation\":\"morphToMany\",\"configurable\":false},\"folder\":{\"type\":\"relation\",\"relation\":\"manyToOne\",\"target\":\"plugin::upload.folder\",\"inversedBy\":\"files\",\"private\":true},\"folderPath\":{\"type\":\"string\",\"min\":1,\"required\":true,\"private\":true,\"searchable\":false},\"createdAt\":{\"type\":\"datetime\"},\"updatedAt\":{\"type\":\"datetime\"},\"createdBy\":{\"type\":\"relation\",\"relation\":\"oneToOne\",\"target\":\"admin::user\",\"configurable\":false,\"writable\":false,\"visible\":false,\"useJoinTable\":false,\"private\":true},\"updatedBy\":{\"type\":\"relation\",\"relation\":\"oneToOne\",\"target\":\"admin::user\",\"configurable\":false,\"writable\":false,\"visible\":false,\"useJoinTable\":false,\"private\":true}},\"indexes\":[{\"name\":\"upload_files_folder_path_index\",\"columns\":[\"folder_path\"],\"type\":null},{\"name\":\"upload_files_created_at_index\",\"columns\":[\"created_at\"],\"type\":null},{\"name\":\"upload_files_updated_at_index\",\"columns\":[\"updated_at\"],\"type\":null},{\"name\":\"upload_files_name_index\",\"columns\":[\"name\"],\"type\":null},{\"name\":\"upload_files_size_index\",\"columns\":[\"size\"],\"type\":null},{\"name\":\"upload_files_ext_index\",\"columns\":[\"ext\"],\"type\":null}],\"kind\":\"collectionType\",\"__schema__\":{\"collectionName\":\"files\",\"info\":{\"singularName\":\"file\",\"pluralName\":\"files\",\"displayName\":\"File\",\"description\":\"\"},\"options\":{},\"pluginOptions\":{\"content-manager\":{\"visible\":false},\"content-type-builder\":{\"visible\":false}},\"attributes\":{\"name\":{\"type\":\"string\",\"configurable\":false,\"required\":true},\"alternativeText\":{\"type\":\"string\",\"configurable\":false},\"caption\":{\"type\":\"string\",\"configurable\":false},\"width\":{\"type\":\"integer\",\"configurable\":false},\"height\":{\"type\":\"integer\",\"configurable\":false},\"formats\":{\"type\":\"json\",\"configurable\":false},\"hash\":{\"type\":\"string\",\"configurable\":false,\"required\":true},\"ext\":{\"type\":\"string\",\"configurable\":false},\"mime\":{\"type\":\"string\",\"configurable\":false,\"required\":true},\"size\":{\"type\":\"decimal\",\"configurable\":false,\"required\":true},\"url\":{\"type\":\"string\",\"configurable\":false,\"required\":true},\"previewUrl\":{\"type\":\"string\",\"configurable\":false},\"provider\":{\"type\":\"string\",\"configurable\":false,\"required\":true},\"provider_metadata\":{\"type\":\"json\",\"configurable\":false},\"related\":{\"type\":\"relation\",\"relation\":\"morphToMany\",\"configurable\":false},\"folder\":{\"type\":\"relation\",\"relation\":\"manyToOne\",\"target\":\"plugin::upload.folder\",\"inversedBy\":\"files\",\"private\":true},\"folderPath\":{\"type\":\"string\",\"min\":1,\"required\":true,\"private\":true,\"searchable\":false}},\"kind\":\"collectionType\"},\"modelType\":\"contentType\",\"modelName\":\"file\",\"connection\":\"default\",\"uid\":\"plugin::upload.file\",\"plugin\":\"upload\",\"globalId\":\"UploadFile\"},\"plugin::upload.folder\":{\"collectionName\":\"upload_folders\",\"info\":{\"singularName\":\"folder\",\"pluralName\":\"folders\",\"displayName\":\"Folder\"},\"options\":{},\"pluginOptions\":{\"content-manager\":{\"visible\":false},\"content-type-builder\":{\"visible\":false}},\"attributes\":{\"name\":{\"type\":\"string\",\"min\":1,\"required\":true},\"pathId\":{\"type\":\"integer\",\"unique\":true,\"required\":true},\"parent\":{\"type\":\"relation\",\"relation\":\"manyToOne\",\"target\":\"plugin::upload.folder\",\"inversedBy\":\"children\"},\"children\":{\"type\":\"relation\",\"relation\":\"oneToMany\",\"target\":\"plugin::upload.folder\",\"mappedBy\":\"parent\"},\"files\":{\"type\":\"relation\",\"relation\":\"oneToMany\",\"target\":\"plugin::upload.file\",\"mappedBy\":\"folder\"},\"path\":{\"type\":\"string\",\"min\":1,\"required\":true},\"createdAt\":{\"type\":\"datetime\"},\"updatedAt\":{\"type\":\"datetime\"},\"createdBy\":{\"type\":\"relation\",\"relation\":\"oneToOne\",\"target\":\"admin::user\",\"configurable\":false,\"writable\":false,\"visible\":false,\"useJoinTable\":false,\"private\":true},\"updatedBy\":{\"type\":\"relation\",\"relation\":\"oneToOne\",\"target\":\"admin::user\",\"configurable\":false,\"writable\":false,\"visible\":false,\"useJoinTable\":false,\"private\":true}},\"indexes\":[{\"name\":\"upload_folders_path_id_index\",\"columns\":[\"path_id\"],\"type\":\"unique\"},{\"name\":\"upload_folders_path_index\",\"columns\":[\"path\"],\"type\":\"unique\"}],\"kind\":\"collectionType\",\"__schema__\":{\"collectionName\":\"upload_folders\",\"info\":{\"singularName\":\"folder\",\"pluralName\":\"folders\",\"displayName\":\"Folder\"},\"options\":{},\"pluginOptions\":{\"content-manager\":{\"visible\":false},\"content-type-builder\":{\"visible\":false}},\"attributes\":{\"name\":{\"type\":\"string\",\"min\":1,\"required\":true},\"pathId\":{\"type\":\"integer\",\"unique\":true,\"required\":true},\"parent\":{\"type\":\"relation\",\"relation\":\"manyToOne\",\"target\":\"plugin::upload.folder\",\"inversedBy\":\"children\"},\"children\":{\"type\":\"relation\",\"relation\":\"oneToMany\",\"target\":\"plugin::upload.folder\",\"mappedBy\":\"parent\"},\"files\":{\"type\":\"relation\",\"relation\":\"oneToMany\",\"target\":\"plugin::upload.file\",\"mappedBy\":\"folder\"},\"path\":{\"type\":\"string\",\"min\":1,\"required\":true}},\"kind\":\"collectionType\"},\"modelType\":\"contentType\",\"modelName\":\"folder\",\"connection\":\"default\",\"uid\":\"plugin::upload.folder\",\"plugin\":\"upload\",\"globalId\":\"UploadFolder\"},\"plugin::content-releases.release\":{\"collectionName\":\"strapi_releases\",\"info\":{\"singularName\":\"release\",\"pluralName\":\"releases\",\"displayName\":\"Release\"},\"options\":{\"draftAndPublish\":false},\"pluginOptions\":{\"content-manager\":{\"visible\":false},\"content-type-builder\":{\"visible\":false}},\"attributes\":{\"name\":{\"type\":\"string\",\"required\":true},\"releasedAt\":{\"type\":\"datetime\"},\"scheduledAt\":{\"type\":\"datetime\"},\"timezone\":{\"type\":\"string\"},\"status\":{\"type\":\"enumeration\",\"enum\":[\"ready\",\"blocked\",\"failed\",\"done\",\"empty\"],\"required\":true},\"actions\":{\"type\":\"relation\",\"relation\":\"oneToMany\",\"target\":\"plugin::content-releases.release-action\",\"mappedBy\":\"release\"},\"createdAt\":{\"type\":\"datetime\"},\"updatedAt\":{\"type\":\"datetime\"},\"createdBy\":{\"type\":\"relation\",\"relation\":\"oneToOne\",\"target\":\"admin::user\",\"configurable\":false,\"writable\":false,\"visible\":false,\"useJoinTable\":false,\"private\":true},\"updatedBy\":{\"type\":\"relation\",\"relation\":\"oneToOne\",\"target\":\"admin::user\",\"configurable\":false,\"writable\":false,\"visible\":false,\"useJoinTable\":false,\"private\":true}},\"kind\":\"collectionType\",\"__schema__\":{\"collectionName\":\"strapi_releases\",\"info\":{\"singularName\":\"release\",\"pluralName\":\"releases\",\"displayName\":\"Release\"},\"options\":{\"draftAndPublish\":false},\"pluginOptions\":{\"content-manager\":{\"visible\":false},\"content-type-builder\":{\"visible\":false}},\"attributes\":{\"name\":{\"type\":\"string\",\"required\":true},\"releasedAt\":{\"type\":\"datetime\"},\"scheduledAt\":{\"type\":\"datetime\"},\"timezone\":{\"type\":\"string\"},\"status\":{\"type\":\"enumeration\",\"enum\":[\"ready\",\"blocked\",\"failed\",\"done\",\"empty\"],\"required\":true},\"actions\":{\"type\":\"relation\",\"relation\":\"oneToMany\",\"target\":\"plugin::content-releases.release-action\",\"mappedBy\":\"release\"}},\"kind\":\"collectionType\"},\"modelType\":\"contentType\",\"modelName\":\"release\",\"connection\":\"default\",\"uid\":\"plugin::content-releases.release\",\"plugin\":\"content-releases\",\"globalId\":\"ContentReleasesRelease\"},\"plugin::content-releases.release-action\":{\"collectionName\":\"strapi_release_actions\",\"info\":{\"singularName\":\"release-action\",\"pluralName\":\"release-actions\",\"displayName\":\"Release Action\"},\"options\":{\"draftAndPublish\":false},\"pluginOptions\":{\"content-manager\":{\"visible\":false},\"content-type-builder\":{\"visible\":false}},\"attributes\":{\"type\":{\"type\":\"enumeration\",\"enum\":[\"publish\",\"unpublish\"],\"required\":true},\"entry\":{\"type\":\"relation\",\"relation\":\"morphToOne\",\"configurable\":false},\"contentType\":{\"type\":\"string\",\"required\":true},\"locale\":{\"type\":\"string\"},\"release\":{\"type\":\"relation\",\"relation\":\"manyToOne\",\"target\":\"plugin::content-releases.release\",\"inversedBy\":\"actions\"},\"isEntryValid\":{\"type\":\"boolean\"},\"createdAt\":{\"type\":\"datetime\"},\"updatedAt\":{\"type\":\"datetime\"},\"createdBy\":{\"type\":\"relation\",\"relation\":\"oneToOne\",\"target\":\"admin::user\",\"configurable\":false,\"writable\":false,\"visible\":false,\"useJoinTable\":false,\"private\":true},\"updatedBy\":{\"type\":\"relation\",\"relation\":\"oneToOne\",\"target\":\"admin::user\",\"configurable\":false,\"writable\":false,\"visible\":false,\"useJoinTable\":false,\"private\":true}},\"kind\":\"collectionType\",\"__schema__\":{\"collectionName\":\"strapi_release_actions\",\"info\":{\"singularName\":\"release-action\",\"pluralName\":\"release-actions\",\"displayName\":\"Release Action\"},\"options\":{\"draftAndPublish\":false},\"pluginOptions\":{\"content-manager\":{\"visible\":false},\"content-type-builder\":{\"visible\":false}},\"attributes\":{\"type\":{\"type\":\"enumeration\",\"enum\":[\"publish\",\"unpublish\"],\"required\":true},\"entry\":{\"type\":\"relation\",\"relation\":\"morphToOne\",\"configurable\":false},\"contentType\":{\"type\":\"string\",\"required\":true},\"locale\":{\"type\":\"string\"},\"release\":{\"type\":\"relation\",\"relation\":\"manyToOne\",\"target\":\"plugin::content-releases.release\",\"inversedBy\":\"actions\"},\"isEntryValid\":{\"type\":\"boolean\"}},\"kind\":\"collectionType\"},\"modelType\":\"contentType\",\"modelName\":\"release-action\",\"connection\":\"default\",\"uid\":\"plugin::content-releases.release-action\",\"plugin\":\"content-releases\",\"globalId\":\"ContentReleasesReleaseAction\"},\"plugin::i18n.locale\":{\"info\":{\"singularName\":\"locale\",\"pluralName\":\"locales\",\"collectionName\":\"locales\",\"displayName\":\"Locale\",\"description\":\"\"},\"options\":{\"draftAndPublish\":false},\"pluginOptions\":{\"content-manager\":{\"visible\":false},\"content-type-builder\":{\"visible\":false}},\"attributes\":{\"name\":{\"type\":\"string\",\"min\":1,\"max\":50,\"configurable\":false},\"code\":{\"type\":\"string\",\"unique\":true,\"configurable\":false},\"createdAt\":{\"type\":\"datetime\"},\"updatedAt\":{\"type\":\"datetime\"},\"createdBy\":{\"type\":\"relation\",\"relation\":\"oneToOne\",\"target\":\"admin::user\",\"configurable\":false,\"writable\":false,\"visible\":false,\"useJoinTable\":false,\"private\":true},\"updatedBy\":{\"type\":\"relation\",\"relation\":\"oneToOne\",\"target\":\"admin::user\",\"configurable\":false,\"writable\":false,\"visible\":false,\"useJoinTable\":false,\"private\":true}},\"kind\":\"collectionType\",\"__schema__\":{\"info\":{\"singularName\":\"locale\",\"pluralName\":\"locales\",\"collectionName\":\"locales\",\"displayName\":\"Locale\",\"description\":\"\"},\"options\":{\"draftAndPublish\":false},\"pluginOptions\":{\"content-manager\":{\"visible\":false},\"content-type-builder\":{\"visible\":false}},\"attributes\":{\"name\":{\"type\":\"string\",\"min\":1,\"max\":50,\"configurable\":false},\"code\":{\"type\":\"string\",\"unique\":true,\"configurable\":false}},\"kind\":\"collectionType\"},\"modelType\":\"contentType\",\"modelName\":\"locale\",\"connection\":\"default\",\"uid\":\"plugin::i18n.locale\",\"plugin\":\"i18n\",\"collectionName\":\"i18n_locale\",\"globalId\":\"I18NLocale\"},\"plugin::users-permissions.permission\":{\"collectionName\":\"up_permissions\",\"info\":{\"name\":\"permission\",\"description\":\"\",\"singularName\":\"permission\",\"pluralName\":\"permissions\",\"displayName\":\"Permission\"},\"pluginOptions\":{\"content-manager\":{\"visible\":false},\"content-type-builder\":{\"visible\":false}},\"attributes\":{\"action\":{\"type\":\"string\",\"required\":true,\"configurable\":false},\"role\":{\"type\":\"relation\",\"relation\":\"manyToOne\",\"target\":\"plugin::users-permissions.role\",\"inversedBy\":\"permissions\",\"configurable\":false},\"createdAt\":{\"type\":\"datetime\"},\"updatedAt\":{\"type\":\"datetime\"},\"createdBy\":{\"type\":\"relation\",\"relation\":\"oneToOne\",\"target\":\"admin::user\",\"configurable\":false,\"writable\":false,\"visible\":false,\"useJoinTable\":false,\"private\":true},\"updatedBy\":{\"type\":\"relation\",\"relation\":\"oneToOne\",\"target\":\"admin::user\",\"configurable\":false,\"writable\":false,\"visible\":false,\"useJoinTable\":false,\"private\":true}},\"kind\":\"collectionType\",\"__schema__\":{\"collectionName\":\"up_permissions\",\"info\":{\"name\":\"permission\",\"description\":\"\",\"singularName\":\"permission\",\"pluralName\":\"permissions\",\"displayName\":\"Permission\"},\"pluginOptions\":{\"content-manager\":{\"visible\":false},\"content-type-builder\":{\"visible\":false}},\"attributes\":{\"action\":{\"type\":\"string\",\"required\":true,\"configurable\":false},\"role\":{\"type\":\"relation\",\"relation\":\"manyToOne\",\"target\":\"plugin::users-permissions.role\",\"inversedBy\":\"permissions\",\"configurable\":false}},\"kind\":\"collectionType\"},\"modelType\":\"contentType\",\"modelName\":\"permission\",\"connection\":\"default\",\"uid\":\"plugin::users-permissions.permission\",\"plugin\":\"users-permissions\",\"globalId\":\"UsersPermissionsPermission\"},\"plugin::users-permissions.role\":{\"collectionName\":\"up_roles\",\"info\":{\"name\":\"role\",\"description\":\"\",\"singularName\":\"role\",\"pluralName\":\"roles\",\"displayName\":\"Role\"},\"pluginOptions\":{\"content-manager\":{\"visible\":false},\"content-type-builder\":{\"visible\":false}},\"attributes\":{\"name\":{\"type\":\"string\",\"minLength\":3,\"required\":true,\"configurable\":false},\"description\":{\"type\":\"string\",\"configurable\":false},\"type\":{\"type\":\"string\",\"unique\":true,\"configurable\":false},\"permissions\":{\"type\":\"relation\",\"relation\":\"oneToMany\",\"target\":\"plugin::users-permissions.permission\",\"mappedBy\":\"role\",\"configurable\":false},\"users\":{\"type\":\"relation\",\"relation\":\"oneToMany\",\"target\":\"plugin::users-permissions.user\",\"mappedBy\":\"role\",\"configurable\":false},\"createdAt\":{\"type\":\"datetime\"},\"updatedAt\":{\"type\":\"datetime\"},\"createdBy\":{\"type\":\"relation\",\"relation\":\"oneToOne\",\"target\":\"admin::user\",\"configurable\":false,\"writable\":false,\"visible\":false,\"useJoinTable\":false,\"private\":true},\"updatedBy\":{\"type\":\"relation\",\"relation\":\"oneToOne\",\"target\":\"admin::user\",\"configurable\":false,\"writable\":false,\"visible\":false,\"useJoinTable\":false,\"private\":true}},\"kind\":\"collectionType\",\"__schema__\":{\"collectionName\":\"up_roles\",\"info\":{\"name\":\"role\",\"description\":\"\",\"singularName\":\"role\",\"pluralName\":\"roles\",\"displayName\":\"Role\"},\"pluginOptions\":{\"content-manager\":{\"visible\":false},\"content-type-builder\":{\"visible\":false}},\"attributes\":{\"name\":{\"type\":\"string\",\"minLength\":3,\"required\":true,\"configurable\":false},\"description\":{\"type\":\"string\",\"configurable\":false},\"type\":{\"type\":\"string\",\"unique\":true,\"configurable\":false},\"permissions\":{\"type\":\"relation\",\"relation\":\"oneToMany\",\"target\":\"plugin::users-permissions.permission\",\"mappedBy\":\"role\",\"configurable\":false},\"users\":{\"type\":\"relation\",\"relation\":\"oneToMany\",\"target\":\"plugin::users-permissions.user\",\"mappedBy\":\"role\",\"configurable\":false}},\"kind\":\"collectionType\"},\"modelType\":\"contentType\",\"modelName\":\"role\",\"connection\":\"default\",\"uid\":\"plugin::users-permissions.role\",\"plugin\":\"users-permissions\",\"globalId\":\"UsersPermissionsRole\"},\"plugin::users-permissions.user\":{\"collectionName\":\"up_users\",\"info\":{\"name\":\"user\",\"description\":\"\",\"singularName\":\"user\",\"pluralName\":\"users\",\"displayName\":\"User\"},\"options\":{\"draftAndPublish\":false,\"timestamps\":true},\"attributes\":{\"username\":{\"type\":\"string\",\"minLength\":3,\"unique\":true,\"configurable\":false,\"required\":true},\"email\":{\"type\":\"email\",\"minLength\":6,\"configurable\":false,\"required\":true},\"provider\":{\"type\":\"string\",\"configurable\":false},\"password\":{\"type\":\"password\",\"minLength\":6,\"configurable\":false,\"private\":true,\"searchable\":false},\"resetPasswordToken\":{\"type\":\"string\",\"configurable\":false,\"private\":true,\"searchable\":false},\"confirmationToken\":{\"type\":\"string\",\"configurable\":false,\"private\":true,\"searchable\":false},\"confirmed\":{\"type\":\"boolean\",\"default\":false,\"configurable\":false},\"blocked\":{\"type\":\"boolean\",\"default\":false,\"configurable\":false},\"role\":{\"type\":\"relation\",\"relation\":\"manyToOne\",\"target\":\"plugin::users-permissions.role\",\"inversedBy\":\"users\",\"configurable\":false},\"createdAt\":{\"type\":\"datetime\"},\"updatedAt\":{\"type\":\"datetime\"},\"createdBy\":{\"type\":\"relation\",\"relation\":\"oneToOne\",\"target\":\"admin::user\",\"configurable\":false,\"writable\":false,\"visible\":false,\"useJoinTable\":false,\"private\":true},\"updatedBy\":{\"type\":\"relation\",\"relation\":\"oneToOne\",\"target\":\"admin::user\",\"configurable\":false,\"writable\":false,\"visible\":false,\"useJoinTable\":false,\"private\":true}},\"config\":{\"attributes\":{\"resetPasswordToken\":{\"hidden\":true},\"confirmationToken\":{\"hidden\":true},\"provider\":{\"hidden\":true}}},\"kind\":\"collectionType\",\"__schema__\":{\"collectionName\":\"up_users\",\"info\":{\"name\":\"user\",\"description\":\"\",\"singularName\":\"user\",\"pluralName\":\"users\",\"displayName\":\"User\"},\"options\":{\"draftAndPublish\":false,\"timestamps\":true},\"attributes\":{\"username\":{\"type\":\"string\",\"minLength\":3,\"unique\":true,\"configurable\":false,\"required\":true},\"email\":{\"type\":\"email\",\"minLength\":6,\"configurable\":false,\"required\":true},\"provider\":{\"type\":\"string\",\"configurable\":false},\"password\":{\"type\":\"password\",\"minLength\":6,\"configurable\":false,\"private\":true,\"searchable\":false},\"resetPasswordToken\":{\"type\":\"string\",\"configurable\":false,\"private\":true,\"searchable\":false},\"confirmationToken\":{\"type\":\"string\",\"configurable\":false,\"private\":true,\"searchable\":false},\"confirmed\":{\"type\":\"boolean\",\"default\":false,\"configurable\":false},\"blocked\":{\"type\":\"boolean\",\"default\":false,\"configurable\":false},\"role\":{\"type\":\"relation\",\"relation\":\"manyToOne\",\"target\":\"plugin::users-permissions.role\",\"inversedBy\":\"users\",\"configurable\":false}},\"kind\":\"collectionType\"},\"modelType\":\"contentType\",\"modelName\":\"user\",\"connection\":\"default\",\"uid\":\"plugin::users-permissions.user\",\"plugin\":\"users-permissions\",\"globalId\":\"UsersPermissionsUser\"},\"api::announcement.announcement\":{\"kind\":\"collectionType\",\"collectionName\":\"announcements\",\"info\":{\"singularName\":\"announcement\",\"pluralName\":\"announcements\",\"displayName\":\"Thông báo / Announcement\"},\"options\":{\"draftAndPublish\":true},\"pluginOptions\":{\"i18n\":{\"localized\":true}},\"attributes\":{\"title\":{\"type\":\"string\",\"required\":true},\"slug\":{\"type\":\"string\",\"required\":true,\"pluginOptions\":{\"i18n\":{\"localized\":true}}},\"summary\":{\"type\":\"text\"},\"content\":{\"type\":\"richtext\"},\"publishDate\":{\"type\":\"datetime\"},\"priority\":{\"type\":\"enumeration\",\"enum\":[\"high\",\"medium\",\"low\"],\"default\":\"medium\"},\"featured\":{\"type\":\"boolean\",\"default\":false},\"seo\":{\"type\":\"component\",\"repeatable\":false,\"component\":\"shared.seo-meta\"},\"createdAt\":{\"type\":\"datetime\"},\"updatedAt\":{\"type\":\"datetime\"},\"publishedAt\":{\"type\":\"datetime\",\"configurable\":false,\"writable\":true,\"visible\":false},\"createdBy\":{\"type\":\"relation\",\"relation\":\"oneToOne\",\"target\":\"admin::user\",\"configurable\":false,\"writable\":false,\"visible\":false,\"useJoinTable\":false,\"private\":true},\"updatedBy\":{\"type\":\"relation\",\"relation\":\"oneToOne\",\"target\":\"admin::user\",\"configurable\":false,\"writable\":false,\"visible\":false,\"useJoinTable\":false,\"private\":true},\"localizations\":{\"writable\":true,\"private\":false,\"configurable\":false,\"visible\":false,\"type\":\"relation\",\"relation\":\"oneToMany\",\"target\":\"api::announcement.announcement\"},\"locale\":{\"writable\":true,\"private\":false,\"configurable\":false,\"visible\":false,\"type\":\"string\"}},\"__schema__\":{\"collectionName\":\"announcements\",\"info\":{\"singularName\":\"announcement\",\"pluralName\":\"announcements\",\"displayName\":\"Thông báo / Announcement\"},\"options\":{\"draftAndPublish\":true},\"pluginOptions\":{\"i18n\":{\"localized\":true}},\"attributes\":{\"title\":{\"type\":\"string\",\"required\":true},\"slug\":{\"type\":\"string\",\"required\":true,\"pluginOptions\":{\"i18n\":{\"localized\":true}}},\"summary\":{\"type\":\"text\"},\"content\":{\"type\":\"richtext\"},\"publishDate\":{\"type\":\"datetime\"},\"priority\":{\"type\":\"enumeration\",\"enum\":[\"high\",\"medium\",\"low\"],\"default\":\"medium\"},\"featured\":{\"type\":\"boolean\",\"default\":false},\"seo\":{\"type\":\"component\",\"repeatable\":false,\"component\":\"shared.seo-meta\"}},\"kind\":\"collectionType\"},\"modelType\":\"contentType\",\"modelName\":\"announcement\",\"connection\":\"default\",\"uid\":\"api::announcement.announcement\",\"apiName\":\"announcement\",\"globalId\":\"Announcement\",\"actions\":{},\"lifecycles\":{}},\"api::author.author\":{\"kind\":\"collectionType\",\"collectionName\":\"authors\",\"info\":{\"singularName\":\"author\",\"pluralName\":\"authors\",\"displayName\":\"Tác giả / Author\"},\"options\":{\"draftAndPublish\":true},\"pluginOptions\":{\"i18n\":{\"localized\":true}},\"attributes\":{\"name\":{\"type\":\"string\",\"required\":true},\"slug\":{\"type\":\"string\",\"required\":true,\"pluginOptions\":{\"i18n\":{\"localized\":true}}},\"title\":{\"type\":\"string\"},\"bio\":{\"type\":\"text\"},\"avatar\":{\"type\":\"media\",\"multiple\":false,\"allowedTypes\":[\"images\"]},\"email\":{\"type\":\"email\"},\"linkedin\":{\"type\":\"string\"},\"createdAt\":{\"type\":\"datetime\"},\"updatedAt\":{\"type\":\"datetime\"},\"publishedAt\":{\"type\":\"datetime\",\"configurable\":false,\"writable\":true,\"visible\":false},\"createdBy\":{\"type\":\"relation\",\"relation\":\"oneToOne\",\"target\":\"admin::user\",\"configurable\":false,\"writable\":false,\"visible\":false,\"useJoinTable\":false,\"private\":true},\"updatedBy\":{\"type\":\"relation\",\"relation\":\"oneToOne\",\"target\":\"admin::user\",\"configurable\":false,\"writable\":false,\"visible\":false,\"useJoinTable\":false,\"private\":true},\"localizations\":{\"writable\":true,\"private\":false,\"configurable\":false,\"visible\":false,\"type\":\"relation\",\"relation\":\"oneToMany\",\"target\":\"api::author.author\"},\"locale\":{\"writable\":true,\"private\":false,\"configurable\":false,\"visible\":false,\"type\":\"string\"}},\"__schema__\":{\"collectionName\":\"authors\",\"info\":{\"singularName\":\"author\",\"pluralName\":\"authors\",\"displayName\":\"Tác giả / Author\"},\"options\":{\"draftAndPublish\":true},\"pluginOptions\":{\"i18n\":{\"localized\":true}},\"attributes\":{\"name\":{\"type\":\"string\",\"required\":true},\"slug\":{\"type\":\"string\",\"required\":true,\"pluginOptions\":{\"i18n\":{\"localized\":true}}},\"title\":{\"type\":\"string\"},\"bio\":{\"type\":\"text\"},\"avatar\":{\"type\":\"media\",\"multiple\":false,\"allowedTypes\":[\"images\"]},\"email\":{\"type\":\"email\"},\"linkedin\":{\"type\":\"string\"}},\"kind\":\"collectionType\"},\"modelType\":\"contentType\",\"modelName\":\"author\",\"connection\":\"default\",\"uid\":\"api::author.author\",\"apiName\":\"author\",\"globalId\":\"Author\",\"actions\":{},\"lifecycles\":{}},\"api::banner.banner\":{\"kind\":\"collectionType\",\"collectionName\":\"banners\",\"info\":{\"singularName\":\"banner\",\"pluralName\":\"banners\",\"displayName\":\"Banner trang chủ / Homepage Banner\"},\"options\":{\"draftAndPublish\":true},\"pluginOptions\":{\"i18n\":{\"localized\":true}},\"attributes\":{\"title\":{\"type\":\"string\",\"required\":true},\"slug\":{\"type\":\"string\",\"required\":true,\"pluginOptions\":{\"i18n\":{\"localized\":true}}},\"summary\":{\"type\":\"text\"},\"image\":{\"type\":\"media\",\"multiple\":false,\"allowedTypes\":[\"images\"]},\"mobileImage\":{\"type\":\"media\",\"multiple\":false,\"allowedTypes\":[\"images\"]},\"placement\":{\"type\":\"relation\",\"relation\":\"manyToOne\",\"target\":\"api::banner-placement.banner-placement\",\"inversedBy\":\"banners\"},\"priority\":{\"type\":\"integer\",\"default\":0},\"active\":{\"type\":\"boolean\",\"default\":true},\"button\":{\"type\":\"component\",\"repeatable\":false,\"component\":\"shared.button-config\"},\"createdAt\":{\"type\":\"datetime\"},\"updatedAt\":{\"type\":\"datetime\"},\"publishedAt\":{\"type\":\"datetime\",\"configurable\":false,\"writable\":true,\"visible\":false},\"createdBy\":{\"type\":\"relation\",\"relation\":\"oneToOne\",\"target\":\"admin::user\",\"configurable\":false,\"writable\":false,\"visible\":false,\"useJoinTable\":false,\"private\":true},\"updatedBy\":{\"type\":\"relation\",\"relation\":\"oneToOne\",\"target\":\"admin::user\",\"configurable\":false,\"writable\":false,\"visible\":false,\"useJoinTable\":false,\"private\":true},\"localizations\":{\"writable\":true,\"private\":false,\"configurable\":false,\"visible\":false,\"type\":\"relation\",\"relation\":\"oneToMany\",\"target\":\"api::banner.banner\"},\"locale\":{\"writable\":true,\"private\":false,\"configurable\":false,\"visible\":false,\"type\":\"string\"}},\"__schema__\":{\"collectionName\":\"banners\",\"info\":{\"singularName\":\"banner\",\"pluralName\":\"banners\",\"displayName\":\"Banner trang chủ / Homepage Banner\"},\"options\":{\"draftAndPublish\":true},\"pluginOptions\":{\"i18n\":{\"localized\":true}},\"attributes\":{\"title\":{\"type\":\"string\",\"required\":true},\"slug\":{\"type\":\"string\",\"required\":true,\"pluginOptions\":{\"i18n\":{\"localized\":true}}},\"summary\":{\"type\":\"text\"},\"image\":{\"type\":\"media\",\"multiple\":false,\"allowedTypes\":[\"images\"]},\"mobileImage\":{\"type\":\"media\",\"multiple\":false,\"allowedTypes\":[\"images\"]},\"placement\":{\"type\":\"relation\",\"relation\":\"manyToOne\",\"target\":\"api::banner-placement.banner-placement\",\"inversedBy\":\"banners\"},\"priority\":{\"type\":\"integer\",\"default\":0},\"active\":{\"type\":\"boolean\",\"default\":true},\"button\":{\"type\":\"component\",\"repeatable\":false,\"component\":\"shared.button-config\"}},\"kind\":\"collectionType\"},\"modelType\":\"contentType\",\"modelName\":\"banner\",\"connection\":\"default\",\"uid\":\"api::banner.banner\",\"apiName\":\"banner\",\"globalId\":\"Banner\",\"actions\":{},\"lifecycles\":{}},\"api::banner-placement.banner-placement\":{\"kind\":\"collectionType\",\"collectionName\":\"banner_placements\",\"info\":{\"singularName\":\"banner-placement\",\"pluralName\":\"banner-placements\",\"displayName\":\"Vị trí banner / Banner Placement\"},\"options\":{\"draftAndPublish\":true},\"pluginOptions\":{\"i18n\":{\"localized\":true}},\"attributes\":{\"title\":{\"type\":\"string\",\"required\":true},\"slug\":{\"type\":\"string\",\"required\":true,\"pluginOptions\":{\"i18n\":{\"localized\":true}}},\"summary\":{\"type\":\"text\"},\"sortOrder\":{\"type\":\"integer\",\"default\":0},\"banners\":{\"type\":\"relation\",\"relation\":\"oneToMany\",\"target\":\"api::banner.banner\",\"mappedBy\":\"placement\"},\"createdAt\":{\"type\":\"datetime\"},\"updatedAt\":{\"type\":\"datetime\"},\"publishedAt\":{\"type\":\"datetime\",\"configurable\":false,\"writable\":true,\"visible\":false},\"createdBy\":{\"type\":\"relation\",\"relation\":\"oneToOne\",\"target\":\"admin::user\",\"configurable\":false,\"writable\":false,\"visible\":false,\"useJoinTable\":false,\"private\":true},\"updatedBy\":{\"type\":\"relation\",\"relation\":\"oneToOne\",\"target\":\"admin::user\",\"configurable\":false,\"writable\":false,\"visible\":false,\"useJoinTable\":false,\"private\":true},\"localizations\":{\"writable\":true,\"private\":false,\"configurable\":false,\"visible\":false,\"type\":\"relation\",\"relation\":\"oneToMany\",\"target\":\"api::banner-placement.banner-placement\"},\"locale\":{\"writable\":true,\"private\":false,\"configurable\":false,\"visible\":false,\"type\":\"string\"}},\"__schema__\":{\"collectionName\":\"banner_placements\",\"info\":{\"singularName\":\"banner-placement\",\"pluralName\":\"banner-placements\",\"displayName\":\"Vị trí banner / Banner Placement\"},\"options\":{\"draftAndPublish\":true},\"pluginOptions\":{\"i18n\":{\"localized\":true}},\"attributes\":{\"title\":{\"type\":\"string\",\"required\":true},\"slug\":{\"type\":\"string\",\"required\":true,\"pluginOptions\":{\"i18n\":{\"localized\":true}}},\"summary\":{\"type\":\"text\"},\"sortOrder\":{\"type\":\"integer\",\"default\":0},\"banners\":{\"type\":\"relation\",\"relation\":\"oneToMany\",\"target\":\"api::banner.banner\",\"mappedBy\":\"placement\"}},\"kind\":\"collectionType\"},\"modelType\":\"contentType\",\"modelName\":\"banner-placement\",\"connection\":\"default\",\"uid\":\"api::banner-placement.banner-placement\",\"apiName\":\"banner-placement\",\"globalId\":\"BannerPlacement\",\"actions\":{},\"lifecycles\":{}},\"api::career-job.career-job\":{\"kind\":\"collectionType\",\"collectionName\":\"career_jobs\",\"info\":{\"singularName\":\"career-job\",\"pluralName\":\"career-jobs\",\"displayName\":\"Tin tuyển dụng / Career Job\"},\"options\":{\"draftAndPublish\":true},\"pluginOptions\":{\"i18n\":{\"localized\":true}},\"attributes\":{\"title\":{\"type\":\"string\",\"required\":true},\"slug\":{\"type\":\"string\",\"required\":true,\"pluginOptions\":{\"i18n\":{\"localized\":true}}},\"summary\":{\"type\":\"text\"},\"description\":{\"type\":\"richtext\"},\"department\":{\"type\":\"string\"},\"location\":{\"type\":\"string\"},\"employmentType\":{\"type\":\"relation\",\"relation\":\"manyToOne\",\"target\":\"api::employment-type.employment-type\",\"inversedBy\":\"jobs\"},\"salaryRange\":{\"type\":\"string\"},\"publishDate\":{\"type\":\"datetime\"},\"applicationDeadline\":{\"type\":\"date\"},\"featured\":{\"type\":\"boolean\",\"default\":false},\"status\":{\"type\":\"enumeration\",\"enum\":[\"open\",\"closed\"],\"default\":\"open\"},\"applyUrl\":{\"type\":\"string\"},\"seo\":{\"type\":\"component\",\"repeatable\":false,\"component\":\"shared.seo-meta\"},\"createdAt\":{\"type\":\"datetime\"},\"updatedAt\":{\"type\":\"datetime\"},\"publishedAt\":{\"type\":\"datetime\",\"configurable\":false,\"writable\":true,\"visible\":false},\"createdBy\":{\"type\":\"relation\",\"relation\":\"oneToOne\",\"target\":\"admin::user\",\"configurable\":false,\"writable\":false,\"visible\":false,\"useJoinTable\":false,\"private\":true},\"updatedBy\":{\"type\":\"relation\",\"relation\":\"oneToOne\",\"target\":\"admin::user\",\"configurable\":false,\"writable\":false,\"visible\":false,\"useJoinTable\":false,\"private\":true},\"localizations\":{\"writable\":true,\"private\":false,\"configurable\":false,\"visible\":false,\"type\":\"relation\",\"relation\":\"oneToMany\",\"target\":\"api::career-job.career-job\"},\"locale\":{\"writable\":true,\"private\":false,\"configurable\":false,\"visible\":false,\"type\":\"string\"}},\"__schema__\":{\"collectionName\":\"career_jobs\",\"info\":{\"singularName\":\"career-job\",\"pluralName\":\"career-jobs\",\"displayName\":\"Tin tuyển dụng / Career Job\"},\"options\":{\"draftAndPublish\":true},\"pluginOptions\":{\"i18n\":{\"localized\":true}},\"attributes\":{\"title\":{\"type\":\"string\",\"required\":true},\"slug\":{\"type\":\"string\",\"required\":true,\"pluginOptions\":{\"i18n\":{\"localized\":true}}},\"summary\":{\"type\":\"text\"},\"description\":{\"type\":\"richtext\"},\"department\":{\"type\":\"string\"},\"location\":{\"type\":\"string\"},\"employmentType\":{\"type\":\"relation\",\"relation\":\"manyToOne\",\"target\":\"api::employment-type.employment-type\",\"inversedBy\":\"jobs\"},\"salaryRange\":{\"type\":\"string\"},\"publishDate\":{\"type\":\"datetime\"},\"applicationDeadline\":{\"type\":\"date\"},\"featured\":{\"type\":\"boolean\",\"default\":false},\"status\":{\"type\":\"enumeration\",\"enum\":[\"open\",\"closed\"],\"default\":\"open\"},\"applyUrl\":{\"type\":\"string\"},\"seo\":{\"type\":\"component\",\"repeatable\":false,\"component\":\"shared.seo-meta\"}},\"kind\":\"collectionType\"},\"modelType\":\"contentType\",\"modelName\":\"career-job\",\"connection\":\"default\",\"uid\":\"api::career-job.career-job\",\"apiName\":\"career-job\",\"globalId\":\"CareerJob\",\"actions\":{},\"lifecycles\":{}},\"api::contact-page-setting.contact-page-setting\":{\"kind\":\"singleType\",\"collectionName\":\"contact_page_settings\",\"info\":{\"singularName\":\"contact-page-setting\",\"pluralName\":\"contact-page-settings\",\"displayName\":\"Cấu hình trang liên hệ / Contact Page Setting\"},\"options\":{\"draftAndPublish\":true},\"pluginOptions\":{\"i18n\":{\"localized\":true}},\"attributes\":{\"title\":{\"type\":\"string\",\"required\":true},\"summary\":{\"type\":\"text\"},\"recipientEmail\":{\"type\":\"email\"},\"mapEmbedUrl\":{\"type\":\"string\"},\"supportChannels\":{\"type\":\"component\",\"repeatable\":true,\"component\":\"shared.link-item\"},\"seo\":{\"type\":\"component\",\"repeatable\":false,\"component\":\"shared.seo-meta\"},\"createdAt\":{\"type\":\"datetime\"},\"updatedAt\":{\"type\":\"datetime\"},\"publishedAt\":{\"type\":\"datetime\",\"configurable\":false,\"writable\":true,\"visible\":false},\"createdBy\":{\"type\":\"relation\",\"relation\":\"oneToOne\",\"target\":\"admin::user\",\"configurable\":false,\"writable\":false,\"visible\":false,\"useJoinTable\":false,\"private\":true},\"updatedBy\":{\"type\":\"relation\",\"relation\":\"oneToOne\",\"target\":\"admin::user\",\"configurable\":false,\"writable\":false,\"visible\":false,\"useJoinTable\":false,\"private\":true},\"localizations\":{\"writable\":true,\"private\":false,\"configurable\":false,\"visible\":false,\"type\":\"relation\",\"relation\":\"oneToMany\",\"target\":\"api::contact-page-setting.contact-page-setting\"},\"locale\":{\"writable\":true,\"private\":false,\"configurable\":false,\"visible\":false,\"type\":\"string\"}},\"__schema__\":{\"collectionName\":\"contact_page_settings\",\"info\":{\"singularName\":\"contact-page-setting\",\"pluralName\":\"contact-page-settings\",\"displayName\":\"Cấu hình trang liên hệ / Contact Page Setting\"},\"options\":{\"draftAndPublish\":true},\"pluginOptions\":{\"i18n\":{\"localized\":true}},\"attributes\":{\"title\":{\"type\":\"string\",\"required\":true},\"summary\":{\"type\":\"text\"},\"recipientEmail\":{\"type\":\"email\"},\"mapEmbedUrl\":{\"type\":\"string\"},\"supportChannels\":{\"type\":\"component\",\"repeatable\":true,\"component\":\"shared.link-item\"},\"seo\":{\"type\":\"component\",\"repeatable\":false,\"component\":\"shared.seo-meta\"}},\"kind\":\"singleType\"},\"modelType\":\"contentType\",\"modelName\":\"contact-page-setting\",\"connection\":\"default\",\"uid\":\"api::contact-page-setting.contact-page-setting\",\"apiName\":\"contact-page-setting\",\"globalId\":\"ContactPageSetting\",\"actions\":{},\"lifecycles\":{}},\"api::document-category.document-category\":{\"kind\":\"collectionType\",\"collectionName\":\"document_categories\",\"info\":{\"singularName\":\"document-category\",\"pluralName\":\"document-categories\",\"displayName\":\"Danh mục tài liệu / Document Category\"},\"options\":{\"draftAndPublish\":true},\"pluginOptions\":{\"i18n\":{\"localized\":true}},\"attributes\":{\"title\":{\"type\":\"string\",\"required\":true},\"slug\":{\"type\":\"string\",\"required\":true,\"pluginOptions\":{\"i18n\":{\"localized\":true}}},\"summary\":{\"type\":\"text\"},\"sortOrder\":{\"type\":\"integer\",\"default\":0},\"documents\":{\"type\":\"relation\",\"relation\":\"oneToMany\",\"target\":\"api::downloadable-document.downloadable-document\",\"mappedBy\":\"documentCategory\"},\"createdAt\":{\"type\":\"datetime\"},\"updatedAt\":{\"type\":\"datetime\"},\"publishedAt\":{\"type\":\"datetime\",\"configurable\":false,\"writable\":true,\"visible\":false},\"createdBy\":{\"type\":\"relation\",\"relation\":\"oneToOne\",\"target\":\"admin::user\",\"configurable\":false,\"writable\":false,\"visible\":false,\"useJoinTable\":false,\"private\":true},\"updatedBy\":{\"type\":\"relation\",\"relation\":\"oneToOne\",\"target\":\"admin::user\",\"configurable\":false,\"writable\":false,\"visible\":false,\"useJoinTable\":false,\"private\":true},\"localizations\":{\"writable\":true,\"private\":false,\"configurable\":false,\"visible\":false,\"type\":\"relation\",\"relation\":\"oneToMany\",\"target\":\"api::document-category.document-category\"},\"locale\":{\"writable\":true,\"private\":false,\"configurable\":false,\"visible\":false,\"type\":\"string\"}},\"__schema__\":{\"collectionName\":\"document_categories\",\"info\":{\"singularName\":\"document-category\",\"pluralName\":\"document-categories\",\"displayName\":\"Danh mục tài liệu / Document Category\"},\"options\":{\"draftAndPublish\":true},\"pluginOptions\":{\"i18n\":{\"localized\":true}},\"attributes\":{\"title\":{\"type\":\"string\",\"required\":true},\"slug\":{\"type\":\"string\",\"required\":true,\"pluginOptions\":{\"i18n\":{\"localized\":true}}},\"summary\":{\"type\":\"text\"},\"sortOrder\":{\"type\":\"integer\",\"default\":0},\"documents\":{\"type\":\"relation\",\"relation\":\"oneToMany\",\"target\":\"api::downloadable-document.downloadable-document\",\"mappedBy\":\"documentCategory\"}},\"kind\":\"collectionType\"},\"modelType\":\"contentType\",\"modelName\":\"document-category\",\"connection\":\"default\",\"uid\":\"api::document-category.document-category\",\"apiName\":\"document-category\",\"globalId\":\"DocumentCategory\",\"actions\":{},\"lifecycles\":{}},\"api::downloadable-document.downloadable-document\":{\"kind\":\"collectionType\",\"collectionName\":\"downloadable_documents\",\"info\":{\"singularName\":\"downloadable-document\",\"pluralName\":\"downloadable-documents\",\"displayName\":\"Tài liệu tải xuống / Downloadable Document\"},\"options\":{\"draftAndPublish\":true},\"pluginOptions\":{\"i18n\":{\"localized\":true}},\"attributes\":{\"title\":{\"type\":\"string\",\"required\":true},\"slug\":{\"type\":\"string\",\"required\":true,\"pluginOptions\":{\"i18n\":{\"localized\":true}}},\"summary\":{\"type\":\"text\"},\"document\":{\"type\":\"media\",\"multiple\":false,\"allowedTypes\":[\"files\"]},\"thumbnail\":{\"type\":\"media\",\"multiple\":false,\"allowedTypes\":[\"images\"]},\"documentCategory\":{\"type\":\"relation\",\"relation\":\"manyToOne\",\"target\":\"api::document-category.document-category\",\"inversedBy\":\"documents\"},\"publishDate\":{\"type\":\"datetime\"},\"featured\":{\"type\":\"boolean\",\"default\":false},\"createdAt\":{\"type\":\"datetime\"},\"updatedAt\":{\"type\":\"datetime\"},\"publishedAt\":{\"type\":\"datetime\",\"configurable\":false,\"writable\":true,\"visible\":false},\"createdBy\":{\"type\":\"relation\",\"relation\":\"oneToOne\",\"target\":\"admin::user\",\"configurable\":false,\"writable\":false,\"visible\":false,\"useJoinTable\":false,\"private\":true},\"updatedBy\":{\"type\":\"relation\",\"relation\":\"oneToOne\",\"target\":\"admin::user\",\"configurable\":false,\"writable\":false,\"visible\":false,\"useJoinTable\":false,\"private\":true},\"localizations\":{\"writable\":true,\"private\":false,\"configurable\":false,\"visible\":false,\"type\":\"relation\",\"relation\":\"oneToMany\",\"target\":\"api::downloadable-document.downloadable-document\"},\"locale\":{\"writable\":true,\"private\":false,\"configurable\":false,\"visible\":false,\"type\":\"string\"}},\"__schema__\":{\"collectionName\":\"downloadable_documents\",\"info\":{\"singularName\":\"downloadable-document\",\"pluralName\":\"downloadable-documents\",\"displayName\":\"Tài liệu tải xuống / Downloadable Document\"},\"options\":{\"draftAndPublish\":true},\"pluginOptions\":{\"i18n\":{\"localized\":true}},\"attributes\":{\"title\":{\"type\":\"string\",\"required\":true},\"slug\":{\"type\":\"string\",\"required\":true,\"pluginOptions\":{\"i18n\":{\"localized\":true}}},\"summary\":{\"type\":\"text\"},\"document\":{\"type\":\"media\",\"multiple\":false,\"allowedTypes\":[\"files\"]},\"thumbnail\":{\"type\":\"media\",\"multiple\":false,\"allowedTypes\":[\"images\"]},\"documentCategory\":{\"type\":\"relation\",\"relation\":\"manyToOne\",\"target\":\"api::document-category.document-category\",\"inversedBy\":\"documents\"},\"publishDate\":{\"type\":\"datetime\"},\"featured\":{\"type\":\"boolean\",\"default\":false}},\"kind\":\"collectionType\"},\"modelType\":\"contentType\",\"modelName\":\"downloadable-document\",\"connection\":\"default\",\"uid\":\"api::downloadable-document.downloadable-document\",\"apiName\":\"downloadable-document\",\"globalId\":\"DownloadableDocument\",\"actions\":{},\"lifecycles\":{}},\"api::employment-type.employment-type\":{\"kind\":\"collectionType\",\"collectionName\":\"employment_types\",\"info\":{\"singularName\":\"employment-type\",\"pluralName\":\"employment-types\",\"displayName\":\"Loại hình tuyển dụng / Employment Type\"},\"options\":{\"draftAndPublish\":true},\"pluginOptions\":{\"i18n\":{\"localized\":true}},\"attributes\":{\"title\":{\"type\":\"string\",\"required\":true},\"slug\":{\"type\":\"string\",\"required\":true,\"pluginOptions\":{\"i18n\":{\"localized\":true}}},\"summary\":{\"type\":\"text\"},\"sortOrder\":{\"type\":\"integer\",\"default\":0},\"jobs\":{\"type\":\"relation\",\"relation\":\"oneToMany\",\"target\":\"api::career-job.career-job\",\"mappedBy\":\"employmentType\"},\"createdAt\":{\"type\":\"datetime\"},\"updatedAt\":{\"type\":\"datetime\"},\"publishedAt\":{\"type\":\"datetime\",\"configurable\":false,\"writable\":true,\"visible\":false},\"createdBy\":{\"type\":\"relation\",\"relation\":\"oneToOne\",\"target\":\"admin::user\",\"configurable\":false,\"writable\":false,\"visible\":false,\"useJoinTable\":false,\"private\":true},\"updatedBy\":{\"type\":\"relation\",\"relation\":\"oneToOne\",\"target\":\"admin::user\",\"configurable\":false,\"writable\":false,\"visible\":false,\"useJoinTable\":false,\"private\":true},\"localizations\":{\"writable\":true,\"private\":false,\"configurable\":false,\"visible\":false,\"type\":\"relation\",\"relation\":\"oneToMany\",\"target\":\"api::employment-type.employment-type\"},\"locale\":{\"writable\":true,\"private\":false,\"configurable\":false,\"visible\":false,\"type\":\"string\"}},\"__schema__\":{\"collectionName\":\"employment_types\",\"info\":{\"singularName\":\"employment-type\",\"pluralName\":\"employment-types\",\"displayName\":\"Loại hình tuyển dụng / Employment Type\"},\"options\":{\"draftAndPublish\":true},\"pluginOptions\":{\"i18n\":{\"localized\":true}},\"attributes\":{\"title\":{\"type\":\"string\",\"required\":true},\"slug\":{\"type\":\"string\",\"required\":true,\"pluginOptions\":{\"i18n\":{\"localized\":true}}},\"summary\":{\"type\":\"text\"},\"sortOrder\":{\"type\":\"integer\",\"default\":0},\"jobs\":{\"type\":\"relation\",\"relation\":\"oneToMany\",\"target\":\"api::career-job.career-job\",\"mappedBy\":\"employmentType\"}},\"kind\":\"collectionType\"},\"modelType\":\"contentType\",\"modelName\":\"employment-type\",\"connection\":\"default\",\"uid\":\"api::employment-type.employment-type\",\"apiName\":\"employment-type\",\"globalId\":\"EmploymentType\",\"actions\":{},\"lifecycles\":{}},\"api::event.event\":{\"kind\":\"collectionType\",\"collectionName\":\"events\",\"info\":{\"singularName\":\"event\",\"pluralName\":\"events\",\"displayName\":\"Sự kiện / Event\"},\"options\":{\"draftAndPublish\":true},\"pluginOptions\":{\"i18n\":{\"localized\":true}},\"attributes\":{\"title\":{\"type\":\"string\",\"required\":true},\"slug\":{\"type\":\"string\",\"required\":true,\"pluginOptions\":{\"i18n\":{\"localized\":true}}},\"summary\":{\"type\":\"text\"},\"content\":{\"type\":\"richtext\"},\"coverImage\":{\"type\":\"media\",\"multiple\":false,\"allowedTypes\":[\"images\"]},\"publishDate\":{\"type\":\"datetime\"},\"startDate\":{\"type\":\"datetime\"},\"endDate\":{\"type\":\"datetime\"},\"location\":{\"type\":\"string\"},\"isOnline\":{\"type\":\"boolean\",\"default\":false},\"registrationUrl\":{\"type\":\"string\"},\"featured\":{\"type\":\"boolean\",\"default\":false},\"status\":{\"type\":\"enumeration\",\"enum\":[\"upcoming\",\"ongoing\",\"ended\"],\"default\":\"upcoming\"},\"category\":{\"type\":\"relation\",\"relation\":\"manyToOne\",\"target\":\"api::event-category.event-category\",\"inversedBy\":\"events\"},\"tags\":{\"type\":\"relation\",\"relation\":\"manyToMany\",\"target\":\"api::tag.tag\"},\"seo\":{\"type\":\"component\",\"repeatable\":false,\"component\":\"shared.seo-meta\"},\"createdAt\":{\"type\":\"datetime\"},\"updatedAt\":{\"type\":\"datetime\"},\"publishedAt\":{\"type\":\"datetime\",\"configurable\":false,\"writable\":true,\"visible\":false},\"createdBy\":{\"type\":\"relation\",\"relation\":\"oneToOne\",\"target\":\"admin::user\",\"configurable\":false,\"writable\":false,\"visible\":false,\"useJoinTable\":false,\"private\":true},\"updatedBy\":{\"type\":\"relation\",\"relation\":\"oneToOne\",\"target\":\"admin::user\",\"configurable\":false,\"writable\":false,\"visible\":false,\"useJoinTable\":false,\"private\":true},\"localizations\":{\"writable\":true,\"private\":false,\"configurable\":false,\"visible\":false,\"type\":\"relation\",\"relation\":\"oneToMany\",\"target\":\"api::event.event\"},\"locale\":{\"writable\":true,\"private\":false,\"configurable\":false,\"visible\":false,\"type\":\"string\"}},\"__schema__\":{\"collectionName\":\"events\",\"info\":{\"singularName\":\"event\",\"pluralName\":\"events\",\"displayName\":\"Sự kiện / Event\"},\"options\":{\"draftAndPublish\":true},\"pluginOptions\":{\"i18n\":{\"localized\":true}},\"attributes\":{\"title\":{\"type\":\"string\",\"required\":true},\"slug\":{\"type\":\"string\",\"required\":true,\"pluginOptions\":{\"i18n\":{\"localized\":true}}},\"summary\":{\"type\":\"text\"},\"content\":{\"type\":\"richtext\"},\"coverImage\":{\"type\":\"media\",\"multiple\":false,\"allowedTypes\":[\"images\"]},\"publishDate\":{\"type\":\"datetime\"},\"startDate\":{\"type\":\"datetime\"},\"endDate\":{\"type\":\"datetime\"},\"location\":{\"type\":\"string\"},\"isOnline\":{\"type\":\"boolean\",\"default\":false},\"registrationUrl\":{\"type\":\"string\"},\"featured\":{\"type\":\"boolean\",\"default\":false},\"status\":{\"type\":\"enumeration\",\"enum\":[\"upcoming\",\"ongoing\",\"ended\"],\"default\":\"upcoming\"},\"category\":{\"type\":\"relation\",\"relation\":\"manyToOne\",\"target\":\"api::event-category.event-category\",\"inversedBy\":\"events\"},\"tags\":{\"type\":\"relation\",\"relation\":\"manyToMany\",\"target\":\"api::tag.tag\"},\"seo\":{\"type\":\"component\",\"repeatable\":false,\"component\":\"shared.seo-meta\"}},\"kind\":\"collectionType\"},\"modelType\":\"contentType\",\"modelName\":\"event\",\"connection\":\"default\",\"uid\":\"api::event.event\",\"apiName\":\"event\",\"globalId\":\"Event\",\"actions\":{},\"lifecycles\":{}},\"api::event-category.event-category\":{\"kind\":\"collectionType\",\"collectionName\":\"event_categories\",\"info\":{\"singularName\":\"event-category\",\"pluralName\":\"event-categories\",\"displayName\":\"Danh mục sự kiện / Event Category\"},\"options\":{\"draftAndPublish\":true},\"pluginOptions\":{\"i18n\":{\"localized\":true}},\"attributes\":{\"title\":{\"type\":\"string\",\"required\":true},\"slug\":{\"type\":\"string\",\"required\":true,\"pluginOptions\":{\"i18n\":{\"localized\":true}}},\"summary\":{\"type\":\"text\"},\"events\":{\"type\":\"relation\",\"relation\":\"oneToMany\",\"target\":\"api::event.event\",\"mappedBy\":\"category\"},\"createdAt\":{\"type\":\"datetime\"},\"updatedAt\":{\"type\":\"datetime\"},\"publishedAt\":{\"type\":\"datetime\",\"configurable\":false,\"writable\":true,\"visible\":false},\"createdBy\":{\"type\":\"relation\",\"relation\":\"oneToOne\",\"target\":\"admin::user\",\"configurable\":false,\"writable\":false,\"visible\":false,\"useJoinTable\":false,\"private\":true},\"updatedBy\":{\"type\":\"relation\",\"relation\":\"oneToOne\",\"target\":\"admin::user\",\"configurable\":false,\"writable\":false,\"visible\":false,\"useJoinTable\":false,\"private\":true},\"localizations\":{\"writable\":true,\"private\":false,\"configurable\":false,\"visible\":false,\"type\":\"relation\",\"relation\":\"oneToMany\",\"target\":\"api::event-category.event-category\"},\"locale\":{\"writable\":true,\"private\":false,\"configurable\":false,\"visible\":false,\"type\":\"string\"}},\"__schema__\":{\"collectionName\":\"event_categories\",\"info\":{\"singularName\":\"event-category\",\"pluralName\":\"event-categories\",\"displayName\":\"Danh mục sự kiện / Event Category\"},\"options\":{\"draftAndPublish\":true},\"pluginOptions\":{\"i18n\":{\"localized\":true}},\"attributes\":{\"title\":{\"type\":\"string\",\"required\":true},\"slug\":{\"type\":\"string\",\"required\":true,\"pluginOptions\":{\"i18n\":{\"localized\":true}}},\"summary\":{\"type\":\"text\"},\"events\":{\"type\":\"relation\",\"relation\":\"oneToMany\",\"target\":\"api::event.event\",\"mappedBy\":\"category\"}},\"kind\":\"collectionType\"},\"modelType\":\"contentType\",\"modelName\":\"event-category\",\"connection\":\"default\",\"uid\":\"api::event-category.event-category\",\"apiName\":\"event-category\",\"globalId\":\"EventCategory\",\"actions\":{},\"lifecycles\":{}},\"api::faq-category.faq-category\":{\"kind\":\"collectionType\",\"collectionName\":\"faq_categories\",\"info\":{\"singularName\":\"faq-category\",\"pluralName\":\"faq-categories\",\"displayName\":\"Danh mục FAQ / FAQ Category\"},\"options\":{\"draftAndPublish\":true},\"pluginOptions\":{\"i18n\":{\"localized\":true}},\"attributes\":{\"title\":{\"type\":\"string\",\"required\":true},\"slug\":{\"type\":\"string\",\"required\":true,\"pluginOptions\":{\"i18n\":{\"localized\":true}}},\"summary\":{\"type\":\"text\"},\"sortOrder\":{\"type\":\"integer\",\"default\":0},\"items\":{\"type\":\"relation\",\"relation\":\"oneToMany\",\"target\":\"api::faq-item.faq-item\",\"mappedBy\":\"category\"},\"createdAt\":{\"type\":\"datetime\"},\"updatedAt\":{\"type\":\"datetime\"},\"publishedAt\":{\"type\":\"datetime\",\"configurable\":false,\"writable\":true,\"visible\":false},\"createdBy\":{\"type\":\"relation\",\"relation\":\"oneToOne\",\"target\":\"admin::user\",\"configurable\":false,\"writable\":false,\"visible\":false,\"useJoinTable\":false,\"private\":true},\"updatedBy\":{\"type\":\"relation\",\"relation\":\"oneToOne\",\"target\":\"admin::user\",\"configurable\":false,\"writable\":false,\"visible\":false,\"useJoinTable\":false,\"private\":true},\"localizations\":{\"writable\":true,\"private\":false,\"configurable\":false,\"visible\":false,\"type\":\"relation\",\"relation\":\"oneToMany\",\"target\":\"api::faq-category.faq-category\"},\"locale\":{\"writable\":true,\"private\":false,\"configurable\":false,\"visible\":false,\"type\":\"string\"}},\"__schema__\":{\"collectionName\":\"faq_categories\",\"info\":{\"singularName\":\"faq-category\",\"pluralName\":\"faq-categories\",\"displayName\":\"Danh mục FAQ / FAQ Category\"},\"options\":{\"draftAndPublish\":true},\"pluginOptions\":{\"i18n\":{\"localized\":true}},\"attributes\":{\"title\":{\"type\":\"string\",\"required\":true},\"slug\":{\"type\":\"string\",\"required\":true,\"pluginOptions\":{\"i18n\":{\"localized\":true}}},\"summary\":{\"type\":\"text\"},\"sortOrder\":{\"type\":\"integer\",\"default\":0},\"items\":{\"type\":\"relation\",\"relation\":\"oneToMany\",\"target\":\"api::faq-item.faq-item\",\"mappedBy\":\"category\"}},\"kind\":\"collectionType\"},\"modelType\":\"contentType\",\"modelName\":\"faq-category\",\"connection\":\"default\",\"uid\":\"api::faq-category.faq-category\",\"apiName\":\"faq-category\",\"globalId\":\"FaqCategory\",\"actions\":{},\"lifecycles\":{}},\"api::faq-item.faq-item\":{\"kind\":\"collectionType\",\"collectionName\":\"faq_items\",\"info\":{\"singularName\":\"faq-item\",\"pluralName\":\"faq-items\",\"displayName\":\"Câu hỏi thường gặp / FAQ Item\"},\"options\":{\"draftAndPublish\":true},\"pluginOptions\":{\"i18n\":{\"localized\":true}},\"attributes\":{\"question\":{\"type\":\"string\",\"required\":true},\"slug\":{\"type\":\"string\",\"required\":true,\"pluginOptions\":{\"i18n\":{\"localized\":true}}},\"answer\":{\"type\":\"richtext\",\"required\":true},\"sortOrder\":{\"type\":\"integer\",\"default\":0},\"featured\":{\"type\":\"boolean\",\"default\":false},\"category\":{\"type\":\"relation\",\"relation\":\"manyToOne\",\"target\":\"api::faq-category.faq-category\",\"inversedBy\":\"items\"},\"seo\":{\"type\":\"component\",\"repeatable\":false,\"component\":\"shared.seo-meta\"},\"createdAt\":{\"type\":\"datetime\"},\"updatedAt\":{\"type\":\"datetime\"},\"publishedAt\":{\"type\":\"datetime\",\"configurable\":false,\"writable\":true,\"visible\":false},\"createdBy\":{\"type\":\"relation\",\"relation\":\"oneToOne\",\"target\":\"admin::user\",\"configurable\":false,\"writable\":false,\"visible\":false,\"useJoinTable\":false,\"private\":true},\"updatedBy\":{\"type\":\"relation\",\"relation\":\"oneToOne\",\"target\":\"admin::user\",\"configurable\":false,\"writable\":false,\"visible\":false,\"useJoinTable\":false,\"private\":true},\"localizations\":{\"writable\":true,\"private\":false,\"configurable\":false,\"visible\":false,\"type\":\"relation\",\"relation\":\"oneToMany\",\"target\":\"api::faq-item.faq-item\"},\"locale\":{\"writable\":true,\"private\":false,\"configurable\":false,\"visible\":false,\"type\":\"string\"}},\"__schema__\":{\"collectionName\":\"faq_items\",\"info\":{\"singularName\":\"faq-item\",\"pluralName\":\"faq-items\",\"displayName\":\"Câu hỏi thường gặp / FAQ Item\"},\"options\":{\"draftAndPublish\":true},\"pluginOptions\":{\"i18n\":{\"localized\":true}},\"attributes\":{\"question\":{\"type\":\"string\",\"required\":true},\"slug\":{\"type\":\"string\",\"required\":true,\"pluginOptions\":{\"i18n\":{\"localized\":true}}},\"answer\":{\"type\":\"richtext\",\"required\":true},\"sortOrder\":{\"type\":\"integer\",\"default\":0},\"featured\":{\"type\":\"boolean\",\"default\":false},\"category\":{\"type\":\"relation\",\"relation\":\"manyToOne\",\"target\":\"api::faq-category.faq-category\",\"inversedBy\":\"items\"},\"seo\":{\"type\":\"component\",\"repeatable\":false,\"component\":\"shared.seo-meta\"}},\"kind\":\"collectionType\"},\"modelType\":\"contentType\",\"modelName\":\"faq-item\",\"connection\":\"default\",\"uid\":\"api::faq-item.faq-item\",\"apiName\":\"faq-item\",\"globalId\":\"FaqItem\",\"actions\":{},\"lifecycles\":{}},\"api::footer-navigation.footer-navigation\":{\"kind\":\"singleType\",\"collectionName\":\"footer_navigations\",\"info\":{\"singularName\":\"footer-navigation\",\"pluralName\":\"footer-navigations\",\"displayName\":\"Điều hướng chân trang / Footer Navigation\"},\"options\":{\"draftAndPublish\":true},\"pluginOptions\":{\"i18n\":{\"localized\":true}},\"attributes\":{\"columns\":{\"type\":\"component\",\"repeatable\":true,\"component\":\"shared.link-item\"},\"copyrightText\":{\"type\":\"string\"},\"legalLinks\":{\"type\":\"component\",\"repeatable\":true,\"component\":\"shared.link-item\"},\"createdAt\":{\"type\":\"datetime\"},\"updatedAt\":{\"type\":\"datetime\"},\"publishedAt\":{\"type\":\"datetime\",\"configurable\":false,\"writable\":true,\"visible\":false},\"createdBy\":{\"type\":\"relation\",\"relation\":\"oneToOne\",\"target\":\"admin::user\",\"configurable\":false,\"writable\":false,\"visible\":false,\"useJoinTable\":false,\"private\":true},\"updatedBy\":{\"type\":\"relation\",\"relation\":\"oneToOne\",\"target\":\"admin::user\",\"configurable\":false,\"writable\":false,\"visible\":false,\"useJoinTable\":false,\"private\":true},\"localizations\":{\"writable\":true,\"private\":false,\"configurable\":false,\"visible\":false,\"type\":\"relation\",\"relation\":\"oneToMany\",\"target\":\"api::footer-navigation.footer-navigation\"},\"locale\":{\"writable\":true,\"private\":false,\"configurable\":false,\"visible\":false,\"type\":\"string\"}},\"__schema__\":{\"collectionName\":\"footer_navigations\",\"info\":{\"singularName\":\"footer-navigation\",\"pluralName\":\"footer-navigations\",\"displayName\":\"Điều hướng chân trang / Footer Navigation\"},\"options\":{\"draftAndPublish\":true},\"pluginOptions\":{\"i18n\":{\"localized\":true}},\"attributes\":{\"columns\":{\"type\":\"component\",\"repeatable\":true,\"component\":\"shared.link-item\"},\"copyrightText\":{\"type\":\"string\"},\"legalLinks\":{\"type\":\"component\",\"repeatable\":true,\"component\":\"shared.link-item\"}},\"kind\":\"singleType\"},\"modelType\":\"contentType\",\"modelName\":\"footer-navigation\",\"connection\":\"default\",\"uid\":\"api::footer-navigation.footer-navigation\",\"apiName\":\"footer-navigation\",\"globalId\":\"FooterNavigation\",\"actions\":{},\"lifecycles\":{}},\"api::global-setting.global-setting\":{\"kind\":\"singleType\",\"collectionName\":\"global_settings\",\"info\":{\"singularName\":\"global-setting\",\"pluralName\":\"global-settings\",\"displayName\":\"Cấu hình chung / Global Setting\"},\"options\":{\"draftAndPublish\":true},\"pluginOptions\":{\"i18n\":{\"localized\":true}},\"attributes\":{\"siteName\":{\"type\":\"string\",\"required\":true},\"siteTagline\":{\"type\":\"string\"},\"siteDescription\":{\"type\":\"text\"},\"organizationName\":{\"type\":\"string\"},\"logo\":{\"type\":\"media\",\"multiple\":false,\"allowedTypes\":[\"images\"]},\"favicon\":{\"type\":\"media\",\"multiple\":false,\"allowedTypes\":[\"images\"]},\"supportHotline\":{\"type\":\"string\"},\"supportEmail\":{\"type\":\"email\"},\"address\":{\"type\":\"text\"},\"socialLinks\":{\"type\":\"component\",\"repeatable\":true,\"component\":\"shared.link-item\"},\"defaultSeo\":{\"type\":\"component\",\"repeatable\":false,\"component\":\"shared.seo-meta\"},\"createdAt\":{\"type\":\"datetime\"},\"updatedAt\":{\"type\":\"datetime\"},\"publishedAt\":{\"type\":\"datetime\",\"configurable\":false,\"writable\":true,\"visible\":false},\"createdBy\":{\"type\":\"relation\",\"relation\":\"oneToOne\",\"target\":\"admin::user\",\"configurable\":false,\"writable\":false,\"visible\":false,\"useJoinTable\":false,\"private\":true},\"updatedBy\":{\"type\":\"relation\",\"relation\":\"oneToOne\",\"target\":\"admin::user\",\"configurable\":false,\"writable\":false,\"visible\":false,\"useJoinTable\":false,\"private\":true},\"localizations\":{\"writable\":true,\"private\":false,\"configurable\":false,\"visible\":false,\"type\":\"relation\",\"relation\":\"oneToMany\",\"target\":\"api::global-setting.global-setting\"},\"locale\":{\"writable\":true,\"private\":false,\"configurable\":false,\"visible\":false,\"type\":\"string\"}},\"__schema__\":{\"collectionName\":\"global_settings\",\"info\":{\"singularName\":\"global-setting\",\"pluralName\":\"global-settings\",\"displayName\":\"Cấu hình chung / Global Setting\"},\"options\":{\"draftAndPublish\":true},\"pluginOptions\":{\"i18n\":{\"localized\":true}},\"attributes\":{\"siteName\":{\"type\":\"string\",\"required\":true},\"siteTagline\":{\"type\":\"string\"},\"siteDescription\":{\"type\":\"text\"},\"organizationName\":{\"type\":\"string\"},\"logo\":{\"type\":\"media\",\"multiple\":false,\"allowedTypes\":[\"images\"]},\"favicon\":{\"type\":\"media\",\"multiple\":false,\"allowedTypes\":[\"images\"]},\"supportHotline\":{\"type\":\"string\"},\"supportEmail\":{\"type\":\"email\"},\"address\":{\"type\":\"text\"},\"socialLinks\":{\"type\":\"component\",\"repeatable\":true,\"component\":\"shared.link-item\"},\"defaultSeo\":{\"type\":\"component\",\"repeatable\":false,\"component\":\"shared.seo-meta\"}},\"kind\":\"singleType\"},\"modelType\":\"contentType\",\"modelName\":\"global-setting\",\"connection\":\"default\",\"uid\":\"api::global-setting.global-setting\",\"apiName\":\"global-setting\",\"globalId\":\"GlobalSetting\",\"actions\":{},\"lifecycles\":{}},\"api::header-navigation.header-navigation\":{\"kind\":\"singleType\",\"collectionName\":\"header_navigations\",\"info\":{\"singularName\":\"header-navigation\",\"pluralName\":\"header-navigations\",\"displayName\":\"Điều hướng đầu trang / Header Navigation\"},\"options\":{\"draftAndPublish\":true},\"pluginOptions\":{\"i18n\":{\"localized\":true}},\"attributes\":{\"items\":{\"type\":\"component\",\"repeatable\":true,\"component\":\"shared.link-item\"},\"primaryButton\":{\"type\":\"component\",\"repeatable\":false,\"component\":\"shared.button-config\"},\"secondaryButton\":{\"type\":\"component\",\"repeatable\":false,\"component\":\"shared.button-config\"},\"createdAt\":{\"type\":\"datetime\"},\"updatedAt\":{\"type\":\"datetime\"},\"publishedAt\":{\"type\":\"datetime\",\"configurable\":false,\"writable\":true,\"visible\":false},\"createdBy\":{\"type\":\"relation\",\"relation\":\"oneToOne\",\"target\":\"admin::user\",\"configurable\":false,\"writable\":false,\"visible\":false,\"useJoinTable\":false,\"private\":true},\"updatedBy\":{\"type\":\"relation\",\"relation\":\"oneToOne\",\"target\":\"admin::user\",\"configurable\":false,\"writable\":false,\"visible\":false,\"useJoinTable\":false,\"private\":true},\"localizations\":{\"writable\":true,\"private\":false,\"configurable\":false,\"visible\":false,\"type\":\"relation\",\"relation\":\"oneToMany\",\"target\":\"api::header-navigation.header-navigation\"},\"locale\":{\"writable\":true,\"private\":false,\"configurable\":false,\"visible\":false,\"type\":\"string\"}},\"__schema__\":{\"collectionName\":\"header_navigations\",\"info\":{\"singularName\":\"header-navigation\",\"pluralName\":\"header-navigations\",\"displayName\":\"Điều hướng đầu trang / Header Navigation\"},\"options\":{\"draftAndPublish\":true},\"pluginOptions\":{\"i18n\":{\"localized\":true}},\"attributes\":{\"items\":{\"type\":\"component\",\"repeatable\":true,\"component\":\"shared.link-item\"},\"primaryButton\":{\"type\":\"component\",\"repeatable\":false,\"component\":\"shared.button-config\"},\"secondaryButton\":{\"type\":\"component\",\"repeatable\":false,\"component\":\"shared.button-config\"}},\"kind\":\"singleType\"},\"modelType\":\"contentType\",\"modelName\":\"header-navigation\",\"connection\":\"default\",\"uid\":\"api::header-navigation.header-navigation\",\"apiName\":\"header-navigation\",\"globalId\":\"HeaderNavigation\",\"actions\":{},\"lifecycles\":{}},\"api::homepage.homepage\":{\"kind\":\"singleType\",\"collectionName\":\"homepages\",\"info\":{\"singularName\":\"homepage\",\"pluralName\":\"homepages\",\"displayName\":\"Trang chủ / Homepage\"},\"options\":{\"draftAndPublish\":true},\"pluginOptions\":{\"i18n\":{\"localized\":true}},\"attributes\":{\"title\":{\"type\":\"string\",\"required\":true},\"summary\":{\"type\":\"text\"},\"hero\":{\"type\":\"component\",\"repeatable\":false,\"component\":\"sections.hero-block\"},\"sections\":{\"type\":\"dynamiczone\",\"components\":[\"sections.home-market-strip-section\",\"sections.home-one-shinhan-section\",\"sections.home-ai-stack-section\",\"sections.home-ecosystem-section\",\"sections.feature-card-section\",\"sections.home-price-board-section\",\"sections.trading-system-showcase-section\",\"sections.research-list-section\",\"sections.news-list-section\",\"sections.faq-section\",\"sections.cta-section\",\"sections.office-list-section\",\"sections.trust-signal-section\",\"sections.stats-section\"]},\"seo\":{\"type\":\"component\",\"repeatable\":false,\"component\":\"shared.seo-meta\"},\"createdAt\":{\"type\":\"datetime\"},\"updatedAt\":{\"type\":\"datetime\"},\"publishedAt\":{\"type\":\"datetime\",\"configurable\":false,\"writable\":true,\"visible\":false},\"createdBy\":{\"type\":\"relation\",\"relation\":\"oneToOne\",\"target\":\"admin::user\",\"configurable\":false,\"writable\":false,\"visible\":false,\"useJoinTable\":false,\"private\":true},\"updatedBy\":{\"type\":\"relation\",\"relation\":\"oneToOne\",\"target\":\"admin::user\",\"configurable\":false,\"writable\":false,\"visible\":false,\"useJoinTable\":false,\"private\":true},\"localizations\":{\"writable\":true,\"private\":false,\"configurable\":false,\"visible\":false,\"type\":\"relation\",\"relation\":\"oneToMany\",\"target\":\"api::homepage.homepage\"},\"locale\":{\"writable\":true,\"private\":false,\"configurable\":false,\"visible\":false,\"type\":\"string\"}},\"__schema__\":{\"collectionName\":\"homepages\",\"info\":{\"singularName\":\"homepage\",\"pluralName\":\"homepages\",\"displayName\":\"Trang chủ / Homepage\"},\"options\":{\"draftAndPublish\":true},\"pluginOptions\":{\"i18n\":{\"localized\":true}},\"attributes\":{\"title\":{\"type\":\"string\",\"required\":true},\"summary\":{\"type\":\"text\"},\"hero\":{\"type\":\"component\",\"repeatable\":false,\"component\":\"sections.hero-block\"},\"sections\":{\"type\":\"dynamiczone\",\"components\":[\"sections.home-market-strip-section\",\"sections.home-one-shinhan-section\",\"sections.home-ai-stack-section\",\"sections.home-ecosystem-section\",\"sections.feature-card-section\",\"sections.home-price-board-section\",\"sections.trading-system-showcase-section\",\"sections.research-list-section\",\"sections.news-list-section\",\"sections.faq-section\",\"sections.cta-section\",\"sections.office-list-section\",\"sections.trust-signal-section\",\"sections.stats-section\"]},\"seo\":{\"type\":\"component\",\"repeatable\":false,\"component\":\"shared.seo-meta\"}},\"kind\":\"singleType\"},\"modelType\":\"contentType\",\"modelName\":\"homepage\",\"connection\":\"default\",\"uid\":\"api::homepage.homepage\",\"apiName\":\"homepage\",\"globalId\":\"Homepage\",\"actions\":{},\"lifecycles\":{}},\"api::news-article.news-article\":{\"kind\":\"collectionType\",\"collectionName\":\"news_articles\",\"info\":{\"singularName\":\"news-article\",\"pluralName\":\"news-articles\",\"displayName\":\"Bài tin tức / News Article\"},\"options\":{\"draftAndPublish\":true},\"pluginOptions\":{\"i18n\":{\"localized\":true}},\"attributes\":{\"title\":{\"type\":\"string\",\"required\":true},\"slug\":{\"type\":\"string\",\"required\":true,\"pluginOptions\":{\"i18n\":{\"localized\":true}}},\"summary\":{\"type\":\"text\"},\"content\":{\"type\":\"richtext\",\"required\":true},\"coverImage\":{\"type\":\"media\",\"multiple\":false,\"allowedTypes\":[\"images\"]},\"thumbnail\":{\"type\":\"media\",\"multiple\":false,\"allowedTypes\":[\"images\"]},\"publishDate\":{\"type\":\"datetime\"},\"featured\":{\"type\":\"boolean\",\"default\":false},\"status\":{\"type\":\"enumeration\",\"enum\":[\"draft\",\"published\",\"archived\"],\"default\":\"published\"},\"category\":{\"type\":\"relation\",\"relation\":\"manyToOne\",\"target\":\"api::news-category.news-category\",\"inversedBy\":\"articles\"},\"author\":{\"type\":\"relation\",\"relation\":\"manyToOne\",\"target\":\"api::author.author\"},\"tags\":{\"type\":\"relation\",\"relation\":\"manyToMany\",\"target\":\"api::tag.tag\"},\"documents\":{\"type\":\"relation\",\"relation\":\"manyToMany\",\"target\":\"api::downloadable-document.downloadable-document\"},\"seo\":{\"type\":\"component\",\"repeatable\":false,\"component\":\"shared.seo-meta\"},\"createdAt\":{\"type\":\"datetime\"},\"updatedAt\":{\"type\":\"datetime\"},\"publishedAt\":{\"type\":\"datetime\",\"configurable\":false,\"writable\":true,\"visible\":false},\"createdBy\":{\"type\":\"relation\",\"relation\":\"oneToOne\",\"target\":\"admin::user\",\"configurable\":false,\"writable\":false,\"visible\":false,\"useJoinTable\":false,\"private\":true},\"updatedBy\":{\"type\":\"relation\",\"relation\":\"oneToOne\",\"target\":\"admin::user\",\"configurable\":false,\"writable\":false,\"visible\":false,\"useJoinTable\":false,\"private\":true},\"localizations\":{\"writable\":true,\"private\":false,\"configurable\":false,\"visible\":false,\"type\":\"relation\",\"relation\":\"oneToMany\",\"target\":\"api::news-article.news-article\"},\"locale\":{\"writable\":true,\"private\":false,\"configurable\":false,\"visible\":false,\"type\":\"string\"}},\"__schema__\":{\"collectionName\":\"news_articles\",\"info\":{\"singularName\":\"news-article\",\"pluralName\":\"news-articles\",\"displayName\":\"Bài tin tức / News Article\"},\"options\":{\"draftAndPublish\":true},\"pluginOptions\":{\"i18n\":{\"localized\":true}},\"attributes\":{\"title\":{\"type\":\"string\",\"required\":true},\"slug\":{\"type\":\"string\",\"required\":true,\"pluginOptions\":{\"i18n\":{\"localized\":true}}},\"summary\":{\"type\":\"text\"},\"content\":{\"type\":\"richtext\",\"required\":true},\"coverImage\":{\"type\":\"media\",\"multiple\":false,\"allowedTypes\":[\"images\"]},\"thumbnail\":{\"type\":\"media\",\"multiple\":false,\"allowedTypes\":[\"images\"]},\"publishDate\":{\"type\":\"datetime\"},\"featured\":{\"type\":\"boolean\",\"default\":false},\"status\":{\"type\":\"enumeration\",\"enum\":[\"draft\",\"published\",\"archived\"],\"default\":\"published\"},\"category\":{\"type\":\"relation\",\"relation\":\"manyToOne\",\"target\":\"api::news-category.news-category\",\"inversedBy\":\"articles\"},\"author\":{\"type\":\"relation\",\"relation\":\"manyToOne\",\"target\":\"api::author.author\"},\"tags\":{\"type\":\"relation\",\"relation\":\"manyToMany\",\"target\":\"api::tag.tag\"},\"documents\":{\"type\":\"relation\",\"relation\":\"manyToMany\",\"target\":\"api::downloadable-document.downloadable-document\"},\"seo\":{\"type\":\"component\",\"repeatable\":false,\"component\":\"shared.seo-meta\"}},\"kind\":\"collectionType\"},\"modelType\":\"contentType\",\"modelName\":\"news-article\",\"connection\":\"default\",\"uid\":\"api::news-article.news-article\",\"apiName\":\"news-article\",\"globalId\":\"NewsArticle\",\"actions\":{},\"lifecycles\":{}},\"api::news-category.news-category\":{\"kind\":\"collectionType\",\"collectionName\":\"news_categories\",\"info\":{\"singularName\":\"news-category\",\"pluralName\":\"news-categories\",\"displayName\":\"Danh mục tin tức / News Category\"},\"options\":{\"draftAndPublish\":true},\"pluginOptions\":{\"i18n\":{\"localized\":true}},\"attributes\":{\"title\":{\"type\":\"string\",\"required\":true},\"slug\":{\"type\":\"string\",\"required\":true,\"pluginOptions\":{\"i18n\":{\"localized\":true}}},\"summary\":{\"type\":\"text\"},\"sortOrder\":{\"type\":\"integer\",\"default\":0},\"articles\":{\"type\":\"relation\",\"relation\":\"oneToMany\",\"target\":\"api::news-article.news-article\",\"mappedBy\":\"category\"},\"createdAt\":{\"type\":\"datetime\"},\"updatedAt\":{\"type\":\"datetime\"},\"publishedAt\":{\"type\":\"datetime\",\"configurable\":false,\"writable\":true,\"visible\":false},\"createdBy\":{\"type\":\"relation\",\"relation\":\"oneToOne\",\"target\":\"admin::user\",\"configurable\":false,\"writable\":false,\"visible\":false,\"useJoinTable\":false,\"private\":true},\"updatedBy\":{\"type\":\"relation\",\"relation\":\"oneToOne\",\"target\":\"admin::user\",\"configurable\":false,\"writable\":false,\"visible\":false,\"useJoinTable\":false,\"private\":true},\"localizations\":{\"writable\":true,\"private\":false,\"configurable\":false,\"visible\":false,\"type\":\"relation\",\"relation\":\"oneToMany\",\"target\":\"api::news-category.news-category\"},\"locale\":{\"writable\":true,\"private\":false,\"configurable\":false,\"visible\":false,\"type\":\"string\"}},\"__schema__\":{\"collectionName\":\"news_categories\",\"info\":{\"singularName\":\"news-category\",\"pluralName\":\"news-categories\",\"displayName\":\"Danh mục tin tức / News Category\"},\"options\":{\"draftAndPublish\":true},\"pluginOptions\":{\"i18n\":{\"localized\":true}},\"attributes\":{\"title\":{\"type\":\"string\",\"required\":true},\"slug\":{\"type\":\"string\",\"required\":true,\"pluginOptions\":{\"i18n\":{\"localized\":true}}},\"summary\":{\"type\":\"text\"},\"sortOrder\":{\"type\":\"integer\",\"default\":0},\"articles\":{\"type\":\"relation\",\"relation\":\"oneToMany\",\"target\":\"api::news-article.news-article\",\"mappedBy\":\"category\"}},\"kind\":\"collectionType\"},\"modelType\":\"contentType\",\"modelName\":\"news-category\",\"connection\":\"default\",\"uid\":\"api::news-category.news-category\",\"apiName\":\"news-category\",\"globalId\":\"NewsCategory\",\"actions\":{},\"lifecycles\":{}},\"api::office-location.office-location\":{\"kind\":\"collectionType\",\"collectionName\":\"office_locations\",\"info\":{\"singularName\":\"office-location\",\"pluralName\":\"office-locations\",\"displayName\":\"Địa điểm văn phòng / Office Location\"},\"options\":{\"draftAndPublish\":true},\"pluginOptions\":{\"i18n\":{\"localized\":true}},\"attributes\":{\"name\":{\"type\":\"string\",\"required\":true},\"slug\":{\"type\":\"string\",\"required\":true,\"pluginOptions\":{\"i18n\":{\"localized\":true}}},\"address\":{\"type\":\"text\",\"required\":true},\"city\":{\"type\":\"string\"},\"phone\":{\"type\":\"string\"},\"email\":{\"type\":\"email\"},\"officeType\":{\"type\":\"relation\",\"relation\":\"manyToOne\",\"target\":\"api::office-type.office-type\",\"inversedBy\":\"offices\"},\"workingHours\":{\"type\":\"string\"},\"mapUrl\":{\"type\":\"string\"},\"sortOrder\":{\"type\":\"integer\",\"default\":0},\"featured\":{\"type\":\"boolean\",\"default\":false},\"createdAt\":{\"type\":\"datetime\"},\"updatedAt\":{\"type\":\"datetime\"},\"publishedAt\":{\"type\":\"datetime\",\"configurable\":false,\"writable\":true,\"visible\":false},\"createdBy\":{\"type\":\"relation\",\"relation\":\"oneToOne\",\"target\":\"admin::user\",\"configurable\":false,\"writable\":false,\"visible\":false,\"useJoinTable\":false,\"private\":true},\"updatedBy\":{\"type\":\"relation\",\"relation\":\"oneToOne\",\"target\":\"admin::user\",\"configurable\":false,\"writable\":false,\"visible\":false,\"useJoinTable\":false,\"private\":true},\"localizations\":{\"writable\":true,\"private\":false,\"configurable\":false,\"visible\":false,\"type\":\"relation\",\"relation\":\"oneToMany\",\"target\":\"api::office-location.office-location\"},\"locale\":{\"writable\":true,\"private\":false,\"configurable\":false,\"visible\":false,\"type\":\"string\"}},\"__schema__\":{\"collectionName\":\"office_locations\",\"info\":{\"singularName\":\"office-location\",\"pluralName\":\"office-locations\",\"displayName\":\"Địa điểm văn phòng / Office Location\"},\"options\":{\"draftAndPublish\":true},\"pluginOptions\":{\"i18n\":{\"localized\":true}},\"attributes\":{\"name\":{\"type\":\"string\",\"required\":true},\"slug\":{\"type\":\"string\",\"required\":true,\"pluginOptions\":{\"i18n\":{\"localized\":true}}},\"address\":{\"type\":\"text\",\"required\":true},\"city\":{\"type\":\"string\"},\"phone\":{\"type\":\"string\"},\"email\":{\"type\":\"email\"},\"officeType\":{\"type\":\"relation\",\"relation\":\"manyToOne\",\"target\":\"api::office-type.office-type\",\"inversedBy\":\"offices\"},\"workingHours\":{\"type\":\"string\"},\"mapUrl\":{\"type\":\"string\"},\"sortOrder\":{\"type\":\"integer\",\"default\":0},\"featured\":{\"type\":\"boolean\",\"default\":false}},\"kind\":\"collectionType\"},\"modelType\":\"contentType\",\"modelName\":\"office-location\",\"connection\":\"default\",\"uid\":\"api::office-location.office-location\",\"apiName\":\"office-location\",\"globalId\":\"OfficeLocation\",\"actions\":{},\"lifecycles\":{}},\"api::office-type.office-type\":{\"kind\":\"collectionType\",\"collectionName\":\"office_types\",\"info\":{\"singularName\":\"office-type\",\"pluralName\":\"office-types\",\"displayName\":\"Loại văn phòng / Office Type\"},\"options\":{\"draftAndPublish\":true},\"pluginOptions\":{\"i18n\":{\"localized\":true}},\"attributes\":{\"title\":{\"type\":\"string\",\"required\":true},\"slug\":{\"type\":\"string\",\"required\":true,\"pluginOptions\":{\"i18n\":{\"localized\":true}}},\"summary\":{\"type\":\"text\"},\"sortOrder\":{\"type\":\"integer\",\"default\":0},\"offices\":{\"type\":\"relation\",\"relation\":\"oneToMany\",\"target\":\"api::office-location.office-location\",\"mappedBy\":\"officeType\"},\"createdAt\":{\"type\":\"datetime\"},\"updatedAt\":{\"type\":\"datetime\"},\"publishedAt\":{\"type\":\"datetime\",\"configurable\":false,\"writable\":true,\"visible\":false},\"createdBy\":{\"type\":\"relation\",\"relation\":\"oneToOne\",\"target\":\"admin::user\",\"configurable\":false,\"writable\":false,\"visible\":false,\"useJoinTable\":false,\"private\":true},\"updatedBy\":{\"type\":\"relation\",\"relation\":\"oneToOne\",\"target\":\"admin::user\",\"configurable\":false,\"writable\":false,\"visible\":false,\"useJoinTable\":false,\"private\":true},\"localizations\":{\"writable\":true,\"private\":false,\"configurable\":false,\"visible\":false,\"type\":\"relation\",\"relation\":\"oneToMany\",\"target\":\"api::office-type.office-type\"},\"locale\":{\"writable\":true,\"private\":false,\"configurable\":false,\"visible\":false,\"type\":\"string\"}},\"__schema__\":{\"collectionName\":\"office_types\",\"info\":{\"singularName\":\"office-type\",\"pluralName\":\"office-types\",\"displayName\":\"Loại văn phòng / Office Type\"},\"options\":{\"draftAndPublish\":true},\"pluginOptions\":{\"i18n\":{\"localized\":true}},\"attributes\":{\"title\":{\"type\":\"string\",\"required\":true},\"slug\":{\"type\":\"string\",\"required\":true,\"pluginOptions\":{\"i18n\":{\"localized\":true}}},\"summary\":{\"type\":\"text\"},\"sortOrder\":{\"type\":\"integer\",\"default\":0},\"offices\":{\"type\":\"relation\",\"relation\":\"oneToMany\",\"target\":\"api::office-location.office-location\",\"mappedBy\":\"officeType\"}},\"kind\":\"collectionType\"},\"modelType\":\"contentType\",\"modelName\":\"office-type\",\"connection\":\"default\",\"uid\":\"api::office-type.office-type\",\"apiName\":\"office-type\",\"globalId\":\"OfficeType\",\"actions\":{},\"lifecycles\":{}},\"api::page.page\":{\"kind\":\"collectionType\",\"collectionName\":\"pages\",\"info\":{\"singularName\":\"page\",\"pluralName\":\"pages\",\"displayName\":\"Trang nội dung / Page\"},\"options\":{\"draftAndPublish\":true},\"pluginOptions\":{\"i18n\":{\"localized\":true}},\"attributes\":{\"title\":{\"type\":\"string\",\"required\":true},\"slug\":{\"type\":\"string\",\"required\":true,\"pluginOptions\":{\"i18n\":{\"localized\":true}}},\"summary\":{\"type\":\"text\"},\"pageType\":{\"type\":\"relation\",\"relation\":\"manyToOne\",\"target\":\"api::page-type.page-type\",\"inversedBy\":\"pages\"},\"coverImage\":{\"type\":\"media\",\"multiple\":false,\"allowedTypes\":[\"images\"]},\"sections\":{\"type\":\"dynamiczone\",\"components\":[\"sections.hero-block\",\"sections.rich-text-block\",\"sections.feature-card-section\",\"sections.stats-section\",\"sections.timeline-section\",\"sections.quote-section\",\"sections.cta-section\",\"sections.contact-section\",\"sections.faq-section\",\"sections.download-list-section\",\"sections.table-block\",\"sections.embed-block\",\"sections.office-list-section\",\"sections.related-content-section\"]},\"breadcrumb\":{\"type\":\"component\",\"repeatable\":false,\"component\":\"shared.breadcrumb-config\"},\"seo\":{\"type\":\"component\",\"repeatable\":false,\"component\":\"shared.seo-meta\"},\"featured\":{\"type\":\"boolean\",\"default\":false},\"sortOrder\":{\"type\":\"integer\",\"default\":0},\"createdAt\":{\"type\":\"datetime\"},\"updatedAt\":{\"type\":\"datetime\"},\"publishedAt\":{\"type\":\"datetime\",\"configurable\":false,\"writable\":true,\"visible\":false},\"createdBy\":{\"type\":\"relation\",\"relation\":\"oneToOne\",\"target\":\"admin::user\",\"configurable\":false,\"writable\":false,\"visible\":false,\"useJoinTable\":false,\"private\":true},\"updatedBy\":{\"type\":\"relation\",\"relation\":\"oneToOne\",\"target\":\"admin::user\",\"configurable\":false,\"writable\":false,\"visible\":false,\"useJoinTable\":false,\"private\":true},\"localizations\":{\"writable\":true,\"private\":false,\"configurable\":false,\"visible\":false,\"type\":\"relation\",\"relation\":\"oneToMany\",\"target\":\"api::page.page\"},\"locale\":{\"writable\":true,\"private\":false,\"configurable\":false,\"visible\":false,\"type\":\"string\"}},\"__schema__\":{\"collectionName\":\"pages\",\"info\":{\"singularName\":\"page\",\"pluralName\":\"pages\",\"displayName\":\"Trang nội dung / Page\"},\"options\":{\"draftAndPublish\":true},\"pluginOptions\":{\"i18n\":{\"localized\":true}},\"attributes\":{\"title\":{\"type\":\"string\",\"required\":true},\"slug\":{\"type\":\"string\",\"required\":true,\"pluginOptions\":{\"i18n\":{\"localized\":true}}},\"summary\":{\"type\":\"text\"},\"pageType\":{\"type\":\"relation\",\"relation\":\"manyToOne\",\"target\":\"api::page-type.page-type\",\"inversedBy\":\"pages\"},\"coverImage\":{\"type\":\"media\",\"multiple\":false,\"allowedTypes\":[\"images\"]},\"sections\":{\"type\":\"dynamiczone\",\"components\":[\"sections.hero-block\",\"sections.rich-text-block\",\"sections.feature-card-section\",\"sections.stats-section\",\"sections.timeline-section\",\"sections.quote-section\",\"sections.cta-section\",\"sections.contact-section\",\"sections.faq-section\",\"sections.download-list-section\",\"sections.table-block\",\"sections.embed-block\",\"sections.office-list-section\",\"sections.related-content-section\"]},\"breadcrumb\":{\"type\":\"component\",\"repeatable\":false,\"component\":\"shared.breadcrumb-config\"},\"seo\":{\"type\":\"component\",\"repeatable\":false,\"component\":\"shared.seo-meta\"},\"featured\":{\"type\":\"boolean\",\"default\":false},\"sortOrder\":{\"type\":\"integer\",\"default\":0}},\"kind\":\"collectionType\"},\"modelType\":\"contentType\",\"modelName\":\"page\",\"connection\":\"default\",\"uid\":\"api::page.page\",\"apiName\":\"page\",\"globalId\":\"Page\",\"actions\":{},\"lifecycles\":{}},\"api::page-type.page-type\":{\"kind\":\"collectionType\",\"collectionName\":\"page_types\",\"info\":{\"singularName\":\"page-type\",\"pluralName\":\"page-types\",\"displayName\":\"Loại trang / Page Type\"},\"options\":{\"draftAndPublish\":true},\"pluginOptions\":{\"i18n\":{\"localized\":true}},\"attributes\":{\"title\":{\"type\":\"string\",\"required\":true},\"slug\":{\"type\":\"string\",\"required\":true,\"pluginOptions\":{\"i18n\":{\"localized\":true}}},\"summary\":{\"type\":\"text\"},\"sortOrder\":{\"type\":\"integer\",\"default\":0},\"pages\":{\"type\":\"relation\",\"relation\":\"oneToMany\",\"target\":\"api::page.page\",\"mappedBy\":\"pageType\"},\"createdAt\":{\"type\":\"datetime\"},\"updatedAt\":{\"type\":\"datetime\"},\"publishedAt\":{\"type\":\"datetime\",\"configurable\":false,\"writable\":true,\"visible\":false},\"createdBy\":{\"type\":\"relation\",\"relation\":\"oneToOne\",\"target\":\"admin::user\",\"configurable\":false,\"writable\":false,\"visible\":false,\"useJoinTable\":false,\"private\":true},\"updatedBy\":{\"type\":\"relation\",\"relation\":\"oneToOne\",\"target\":\"admin::user\",\"configurable\":false,\"writable\":false,\"visible\":false,\"useJoinTable\":false,\"private\":true},\"localizations\":{\"writable\":true,\"private\":false,\"configurable\":false,\"visible\":false,\"type\":\"relation\",\"relation\":\"oneToMany\",\"target\":\"api::page-type.page-type\"},\"locale\":{\"writable\":true,\"private\":false,\"configurable\":false,\"visible\":false,\"type\":\"string\"}},\"__schema__\":{\"collectionName\":\"page_types\",\"info\":{\"singularName\":\"page-type\",\"pluralName\":\"page-types\",\"displayName\":\"Loại trang / Page Type\"},\"options\":{\"draftAndPublish\":true},\"pluginOptions\":{\"i18n\":{\"localized\":true}},\"attributes\":{\"title\":{\"type\":\"string\",\"required\":true},\"slug\":{\"type\":\"string\",\"required\":true,\"pluginOptions\":{\"i18n\":{\"localized\":true}}},\"summary\":{\"type\":\"text\"},\"sortOrder\":{\"type\":\"integer\",\"default\":0},\"pages\":{\"type\":\"relation\",\"relation\":\"oneToMany\",\"target\":\"api::page.page\",\"mappedBy\":\"pageType\"}},\"kind\":\"collectionType\"},\"modelType\":\"contentType\",\"modelName\":\"page-type\",\"connection\":\"default\",\"uid\":\"api::page-type.page-type\",\"apiName\":\"page-type\",\"globalId\":\"PageType\",\"actions\":{},\"lifecycles\":{}},\"api::related-content-type.related-content-type\":{\"kind\":\"collectionType\",\"collectionName\":\"related_content_types\",\"info\":{\"singularName\":\"related-content-type\",\"pluralName\":\"related-content-types\",\"displayName\":\"Loại nội dung liên quan / Related Content Type\"},\"options\":{\"draftAndPublish\":true},\"pluginOptions\":{\"i18n\":{\"localized\":true}},\"attributes\":{\"title\":{\"type\":\"string\",\"required\":true},\"slug\":{\"type\":\"string\",\"required\":true,\"pluginOptions\":{\"i18n\":{\"localized\":true}}},\"summary\":{\"type\":\"text\"},\"sortOrder\":{\"type\":\"integer\",\"default\":0},\"createdAt\":{\"type\":\"datetime\"},\"updatedAt\":{\"type\":\"datetime\"},\"publishedAt\":{\"type\":\"datetime\",\"configurable\":false,\"writable\":true,\"visible\":false},\"createdBy\":{\"type\":\"relation\",\"relation\":\"oneToOne\",\"target\":\"admin::user\",\"configurable\":false,\"writable\":false,\"visible\":false,\"useJoinTable\":false,\"private\":true},\"updatedBy\":{\"type\":\"relation\",\"relation\":\"oneToOne\",\"target\":\"admin::user\",\"configurable\":false,\"writable\":false,\"visible\":false,\"useJoinTable\":false,\"private\":true},\"localizations\":{\"writable\":true,\"private\":false,\"configurable\":false,\"visible\":false,\"type\":\"relation\",\"relation\":\"oneToMany\",\"target\":\"api::related-content-type.related-content-type\"},\"locale\":{\"writable\":true,\"private\":false,\"configurable\":false,\"visible\":false,\"type\":\"string\"}},\"__schema__\":{\"collectionName\":\"related_content_types\",\"info\":{\"singularName\":\"related-content-type\",\"pluralName\":\"related-content-types\",\"displayName\":\"Loại nội dung liên quan / Related Content Type\"},\"options\":{\"draftAndPublish\":true},\"pluginOptions\":{\"i18n\":{\"localized\":true}},\"attributes\":{\"title\":{\"type\":\"string\",\"required\":true},\"slug\":{\"type\":\"string\",\"required\":true,\"pluginOptions\":{\"i18n\":{\"localized\":true}}},\"summary\":{\"type\":\"text\"},\"sortOrder\":{\"type\":\"integer\",\"default\":0}},\"kind\":\"collectionType\"},\"modelType\":\"contentType\",\"modelName\":\"related-content-type\",\"connection\":\"default\",\"uid\":\"api::related-content-type.related-content-type\",\"apiName\":\"related-content-type\",\"globalId\":\"RelatedContentType\",\"actions\":{},\"lifecycles\":{}},\"api::research-category.research-category\":{\"kind\":\"collectionType\",\"collectionName\":\"research_categories\",\"info\":{\"singularName\":\"research-category\",\"pluralName\":\"research-categories\",\"displayName\":\"Danh mục báo cáo / Research Category\"},\"options\":{\"draftAndPublish\":true},\"pluginOptions\":{\"i18n\":{\"localized\":true}},\"attributes\":{\"title\":{\"type\":\"string\",\"required\":true},\"slug\":{\"type\":\"string\",\"required\":true,\"pluginOptions\":{\"i18n\":{\"localized\":true}}},\"summary\":{\"type\":\"text\"},\"reports\":{\"type\":\"relation\",\"relation\":\"oneToMany\",\"target\":\"api::research-report.research-report\",\"mappedBy\":\"category\"},\"createdAt\":{\"type\":\"datetime\"},\"updatedAt\":{\"type\":\"datetime\"},\"publishedAt\":{\"type\":\"datetime\",\"configurable\":false,\"writable\":true,\"visible\":false},\"createdBy\":{\"type\":\"relation\",\"relation\":\"oneToOne\",\"target\":\"admin::user\",\"configurable\":false,\"writable\":false,\"visible\":false,\"useJoinTable\":false,\"private\":true},\"updatedBy\":{\"type\":\"relation\",\"relation\":\"oneToOne\",\"target\":\"admin::user\",\"configurable\":false,\"writable\":false,\"visible\":false,\"useJoinTable\":false,\"private\":true},\"localizations\":{\"writable\":true,\"private\":false,\"configurable\":false,\"visible\":false,\"type\":\"relation\",\"relation\":\"oneToMany\",\"target\":\"api::research-category.research-category\"},\"locale\":{\"writable\":true,\"private\":false,\"configurable\":false,\"visible\":false,\"type\":\"string\"}},\"__schema__\":{\"collectionName\":\"research_categories\",\"info\":{\"singularName\":\"research-category\",\"pluralName\":\"research-categories\",\"displayName\":\"Danh mục báo cáo / Research Category\"},\"options\":{\"draftAndPublish\":true},\"pluginOptions\":{\"i18n\":{\"localized\":true}},\"attributes\":{\"title\":{\"type\":\"string\",\"required\":true},\"slug\":{\"type\":\"string\",\"required\":true,\"pluginOptions\":{\"i18n\":{\"localized\":true}}},\"summary\":{\"type\":\"text\"},\"reports\":{\"type\":\"relation\",\"relation\":\"oneToMany\",\"target\":\"api::research-report.research-report\",\"mappedBy\":\"category\"}},\"kind\":\"collectionType\"},\"modelType\":\"contentType\",\"modelName\":\"research-category\",\"connection\":\"default\",\"uid\":\"api::research-category.research-category\",\"apiName\":\"research-category\",\"globalId\":\"ResearchCategory\",\"actions\":{},\"lifecycles\":{}},\"api::research-report.research-report\":{\"kind\":\"collectionType\",\"collectionName\":\"research_reports\",\"info\":{\"singularName\":\"research-report\",\"pluralName\":\"research-reports\",\"displayName\":\"Báo cáo phân tích / Research Report\"},\"options\":{\"draftAndPublish\":true},\"pluginOptions\":{\"i18n\":{\"localized\":true}},\"attributes\":{\"title\":{\"type\":\"string\",\"required\":true},\"slug\":{\"type\":\"string\",\"required\":true,\"pluginOptions\":{\"i18n\":{\"localized\":true}}},\"summary\":{\"type\":\"text\"},\"content\":{\"type\":\"richtext\"},\"coverImage\":{\"type\":\"media\",\"multiple\":false,\"allowedTypes\":[\"images\"]},\"reportType\":{\"type\":\"relation\",\"relation\":\"manyToOne\",\"target\":\"api::research-report-type.research-report-type\",\"inversedBy\":\"reports\"},\"publishDate\":{\"type\":\"datetime\"},\"featured\":{\"type\":\"boolean\",\"default\":false},\"category\":{\"type\":\"relation\",\"relation\":\"manyToOne\",\"target\":\"api::research-category.research-category\",\"inversedBy\":\"reports\"},\"author\":{\"type\":\"relation\",\"relation\":\"manyToOne\",\"target\":\"api::author.author\"},\"tags\":{\"type\":\"relation\",\"relation\":\"manyToMany\",\"target\":\"api::tag.tag\"},\"documents\":{\"type\":\"relation\",\"relation\":\"manyToMany\",\"target\":\"api::downloadable-document.downloadable-document\"},\"seo\":{\"type\":\"component\",\"repeatable\":false,\"component\":\"shared.seo-meta\"},\"createdAt\":{\"type\":\"datetime\"},\"updatedAt\":{\"type\":\"datetime\"},\"publishedAt\":{\"type\":\"datetime\",\"configurable\":false,\"writable\":true,\"visible\":false},\"createdBy\":{\"type\":\"relation\",\"relation\":\"oneToOne\",\"target\":\"admin::user\",\"configurable\":false,\"writable\":false,\"visible\":false,\"useJoinTable\":false,\"private\":true},\"updatedBy\":{\"type\":\"relation\",\"relation\":\"oneToOne\",\"target\":\"admin::user\",\"configurable\":false,\"writable\":false,\"visible\":false,\"useJoinTable\":false,\"private\":true},\"localizations\":{\"writable\":true,\"private\":false,\"configurable\":false,\"visible\":false,\"type\":\"relation\",\"relation\":\"oneToMany\",\"target\":\"api::research-report.research-report\"},\"locale\":{\"writable\":true,\"private\":false,\"configurable\":false,\"visible\":false,\"type\":\"string\"}},\"__schema__\":{\"collectionName\":\"research_reports\",\"info\":{\"singularName\":\"research-report\",\"pluralName\":\"research-reports\",\"displayName\":\"Báo cáo phân tích / Research Report\"},\"options\":{\"draftAndPublish\":true},\"pluginOptions\":{\"i18n\":{\"localized\":true}},\"attributes\":{\"title\":{\"type\":\"string\",\"required\":true},\"slug\":{\"type\":\"string\",\"required\":true,\"pluginOptions\":{\"i18n\":{\"localized\":true}}},\"summary\":{\"type\":\"text\"},\"content\":{\"type\":\"richtext\"},\"coverImage\":{\"type\":\"media\",\"multiple\":false,\"allowedTypes\":[\"images\"]},\"reportType\":{\"type\":\"relation\",\"relation\":\"manyToOne\",\"target\":\"api::research-report-type.research-report-type\",\"inversedBy\":\"reports\"},\"publishDate\":{\"type\":\"datetime\"},\"featured\":{\"type\":\"boolean\",\"default\":false},\"category\":{\"type\":\"relation\",\"relation\":\"manyToOne\",\"target\":\"api::research-category.research-category\",\"inversedBy\":\"reports\"},\"author\":{\"type\":\"relation\",\"relation\":\"manyToOne\",\"target\":\"api::author.author\"},\"tags\":{\"type\":\"relation\",\"relation\":\"manyToMany\",\"target\":\"api::tag.tag\"},\"documents\":{\"type\":\"relation\",\"relation\":\"manyToMany\",\"target\":\"api::downloadable-document.downloadable-document\"},\"seo\":{\"type\":\"component\",\"repeatable\":false,\"component\":\"shared.seo-meta\"}},\"kind\":\"collectionType\"},\"modelType\":\"contentType\",\"modelName\":\"research-report\",\"connection\":\"default\",\"uid\":\"api::research-report.research-report\",\"apiName\":\"research-report\",\"globalId\":\"ResearchReport\",\"actions\":{},\"lifecycles\":{}},\"api::research-report-type.research-report-type\":{\"kind\":\"collectionType\",\"collectionName\":\"research_report_types\",\"info\":{\"singularName\":\"research-report-type\",\"pluralName\":\"research-report-types\",\"displayName\":\"Loại báo cáo / Research Report Type\"},\"options\":{\"draftAndPublish\":true},\"pluginOptions\":{\"i18n\":{\"localized\":true}},\"attributes\":{\"title\":{\"type\":\"string\",\"required\":true},\"slug\":{\"type\":\"string\",\"required\":true,\"pluginOptions\":{\"i18n\":{\"localized\":true}}},\"summary\":{\"type\":\"text\"},\"sortOrder\":{\"type\":\"integer\",\"default\":0},\"reports\":{\"type\":\"relation\",\"relation\":\"oneToMany\",\"target\":\"api::research-report.research-report\",\"mappedBy\":\"reportType\"},\"createdAt\":{\"type\":\"datetime\"},\"updatedAt\":{\"type\":\"datetime\"},\"publishedAt\":{\"type\":\"datetime\",\"configurable\":false,\"writable\":true,\"visible\":false},\"createdBy\":{\"type\":\"relation\",\"relation\":\"oneToOne\",\"target\":\"admin::user\",\"configurable\":false,\"writable\":false,\"visible\":false,\"useJoinTable\":false,\"private\":true},\"updatedBy\":{\"type\":\"relation\",\"relation\":\"oneToOne\",\"target\":\"admin::user\",\"configurable\":false,\"writable\":false,\"visible\":false,\"useJoinTable\":false,\"private\":true},\"localizations\":{\"writable\":true,\"private\":false,\"configurable\":false,\"visible\":false,\"type\":\"relation\",\"relation\":\"oneToMany\",\"target\":\"api::research-report-type.research-report-type\"},\"locale\":{\"writable\":true,\"private\":false,\"configurable\":false,\"visible\":false,\"type\":\"string\"}},\"__schema__\":{\"collectionName\":\"research_report_types\",\"info\":{\"singularName\":\"research-report-type\",\"pluralName\":\"research-report-types\",\"displayName\":\"Loại báo cáo / Research Report Type\"},\"options\":{\"draftAndPublish\":true},\"pluginOptions\":{\"i18n\":{\"localized\":true}},\"attributes\":{\"title\":{\"type\":\"string\",\"required\":true},\"slug\":{\"type\":\"string\",\"required\":true,\"pluginOptions\":{\"i18n\":{\"localized\":true}}},\"summary\":{\"type\":\"text\"},\"sortOrder\":{\"type\":\"integer\",\"default\":0},\"reports\":{\"type\":\"relation\",\"relation\":\"oneToMany\",\"target\":\"api::research-report.research-report\",\"mappedBy\":\"reportType\"}},\"kind\":\"collectionType\"},\"modelType\":\"contentType\",\"modelName\":\"research-report-type\",\"connection\":\"default\",\"uid\":\"api::research-report-type.research-report-type\",\"apiName\":\"research-report-type\",\"globalId\":\"ResearchReportType\",\"actions\":{},\"lifecycles\":{}},\"api::seo-default.seo-default\":{\"kind\":\"singleType\",\"collectionName\":\"seo_defaults\",\"info\":{\"singularName\":\"seo-default\",\"pluralName\":\"seo-defaults\",\"displayName\":\"Mặc định SEO / SEO Default\"},\"options\":{\"draftAndPublish\":true},\"pluginOptions\":{\"i18n\":{\"localized\":true}},\"attributes\":{\"meta\":{\"type\":\"component\",\"repeatable\":false,\"component\":\"shared.seo-meta\"},\"siteUrl\":{\"type\":\"string\"},\"defaultOgImage\":{\"type\":\"media\",\"multiple\":false,\"allowedTypes\":[\"images\"]},\"organizationSchema\":{\"type\":\"json\"},\"createdAt\":{\"type\":\"datetime\"},\"updatedAt\":{\"type\":\"datetime\"},\"publishedAt\":{\"type\":\"datetime\",\"configurable\":false,\"writable\":true,\"visible\":false},\"createdBy\":{\"type\":\"relation\",\"relation\":\"oneToOne\",\"target\":\"admin::user\",\"configurable\":false,\"writable\":false,\"visible\":false,\"useJoinTable\":false,\"private\":true},\"updatedBy\":{\"type\":\"relation\",\"relation\":\"oneToOne\",\"target\":\"admin::user\",\"configurable\":false,\"writable\":false,\"visible\":false,\"useJoinTable\":false,\"private\":true},\"localizations\":{\"writable\":true,\"private\":false,\"configurable\":false,\"visible\":false,\"type\":\"relation\",\"relation\":\"oneToMany\",\"target\":\"api::seo-default.seo-default\"},\"locale\":{\"writable\":true,\"private\":false,\"configurable\":false,\"visible\":false,\"type\":\"string\"}},\"__schema__\":{\"collectionName\":\"seo_defaults\",\"info\":{\"singularName\":\"seo-default\",\"pluralName\":\"seo-defaults\",\"displayName\":\"Mặc định SEO / SEO Default\"},\"options\":{\"draftAndPublish\":true},\"pluginOptions\":{\"i18n\":{\"localized\":true}},\"attributes\":{\"meta\":{\"type\":\"component\",\"repeatable\":false,\"component\":\"shared.seo-meta\"},\"siteUrl\":{\"type\":\"string\"},\"defaultOgImage\":{\"type\":\"media\",\"multiple\":false,\"allowedTypes\":[\"images\"]},\"organizationSchema\":{\"type\":\"json\"}},\"kind\":\"singleType\"},\"modelType\":\"contentType\",\"modelName\":\"seo-default\",\"connection\":\"default\",\"uid\":\"api::seo-default.seo-default\",\"apiName\":\"seo-default\",\"globalId\":\"SeoDefault\",\"actions\":{},\"lifecycles\":{}},\"api::service.service\":{\"kind\":\"collectionType\",\"collectionName\":\"services\",\"info\":{\"singularName\":\"service\",\"pluralName\":\"services\",\"displayName\":\"Dịch vụ / Service\"},\"options\":{\"draftAndPublish\":true},\"pluginOptions\":{\"i18n\":{\"localized\":true}},\"attributes\":{\"title\":{\"type\":\"string\",\"required\":true},\"slug\":{\"type\":\"string\",\"required\":true,\"pluginOptions\":{\"i18n\":{\"localized\":true}}},\"summary\":{\"type\":\"text\"},\"description\":{\"type\":\"richtext\"},\"coverImage\":{\"type\":\"media\",\"multiple\":false,\"allowedTypes\":[\"images\"]},\"thumbnail\":{\"type\":\"media\",\"multiple\":false,\"allowedTypes\":[\"images\"]},\"featured\":{\"type\":\"boolean\",\"default\":false},\"sortOrder\":{\"type\":\"integer\",\"default\":0},\"publishDate\":{\"type\":\"datetime\"},\"status\":{\"type\":\"enumeration\",\"enum\":[\"active\",\"coming_soon\",\"archived\"],\"default\":\"active\"},\"category\":{\"type\":\"relation\",\"relation\":\"manyToOne\",\"target\":\"api::service-category.service-category\",\"inversedBy\":\"services\"},\"tags\":{\"type\":\"relation\",\"relation\":\"manyToMany\",\"target\":\"api::tag.tag\"},\"documents\":{\"type\":\"relation\",\"relation\":\"manyToMany\",\"target\":\"api::downloadable-document.downloadable-document\"},\"advisorSectionTitle\":{\"type\":\"string\"},\"advisorSectionDescription\":{\"type\":\"text\"},\"advisorSectionBackgroundImage\":{\"type\":\"media\",\"multiple\":false,\"allowedTypes\":[\"images\"]},\"advisors\":{\"type\":\"component\",\"repeatable\":true,\"component\":\"shared.advisor-card\"},\"seo\":{\"type\":\"component\",\"repeatable\":false,\"component\":\"shared.seo-meta\"},\"createdAt\":{\"type\":\"datetime\"},\"updatedAt\":{\"type\":\"datetime\"},\"publishedAt\":{\"type\":\"datetime\",\"configurable\":false,\"writable\":true,\"visible\":false},\"createdBy\":{\"type\":\"relation\",\"relation\":\"oneToOne\",\"target\":\"admin::user\",\"configurable\":false,\"writable\":false,\"visible\":false,\"useJoinTable\":false,\"private\":true},\"updatedBy\":{\"type\":\"relation\",\"relation\":\"oneToOne\",\"target\":\"admin::user\",\"configurable\":false,\"writable\":false,\"visible\":false,\"useJoinTable\":false,\"private\":true},\"localizations\":{\"writable\":true,\"private\":false,\"configurable\":false,\"visible\":false,\"type\":\"relation\",\"relation\":\"oneToMany\",\"target\":\"api::service.service\"},\"locale\":{\"writable\":true,\"private\":false,\"configurable\":false,\"visible\":false,\"type\":\"string\"}},\"__schema__\":{\"collectionName\":\"services\",\"info\":{\"singularName\":\"service\",\"pluralName\":\"services\",\"displayName\":\"Dịch vụ / Service\"},\"options\":{\"draftAndPublish\":true},\"pluginOptions\":{\"i18n\":{\"localized\":true}},\"attributes\":{\"title\":{\"type\":\"string\",\"required\":true},\"slug\":{\"type\":\"string\",\"required\":true,\"pluginOptions\":{\"i18n\":{\"localized\":true}}},\"summary\":{\"type\":\"text\"},\"description\":{\"type\":\"richtext\"},\"coverImage\":{\"type\":\"media\",\"multiple\":false,\"allowedTypes\":[\"images\"]},\"thumbnail\":{\"type\":\"media\",\"multiple\":false,\"allowedTypes\":[\"images\"]},\"featured\":{\"type\":\"boolean\",\"default\":false},\"sortOrder\":{\"type\":\"integer\",\"default\":0},\"publishDate\":{\"type\":\"datetime\"},\"status\":{\"type\":\"enumeration\",\"enum\":[\"active\",\"coming_soon\",\"archived\"],\"default\":\"active\"},\"category\":{\"type\":\"relation\",\"relation\":\"manyToOne\",\"target\":\"api::service-category.service-category\",\"inversedBy\":\"services\"},\"tags\":{\"type\":\"relation\",\"relation\":\"manyToMany\",\"target\":\"api::tag.tag\"},\"documents\":{\"type\":\"relation\",\"relation\":\"manyToMany\",\"target\":\"api::downloadable-document.downloadable-document\"},\"advisorSectionTitle\":{\"type\":\"string\"},\"advisorSectionDescription\":{\"type\":\"text\"},\"advisorSectionBackgroundImage\":{\"type\":\"media\",\"multiple\":false,\"allowedTypes\":[\"images\"]},\"advisors\":{\"type\":\"component\",\"repeatable\":true,\"component\":\"shared.advisor-card\"},\"seo\":{\"type\":\"component\",\"repeatable\":false,\"component\":\"shared.seo-meta\"}},\"kind\":\"collectionType\"},\"modelType\":\"contentType\",\"modelName\":\"service\",\"connection\":\"default\",\"uid\":\"api::service.service\",\"apiName\":\"service\",\"globalId\":\"Service\",\"actions\":{},\"lifecycles\":{}},\"api::service-category.service-category\":{\"kind\":\"collectionType\",\"collectionName\":\"service_categories\",\"info\":{\"singularName\":\"service-category\",\"pluralName\":\"service-categories\",\"displayName\":\"Danh mục dịch vụ / Service Category\"},\"options\":{\"draftAndPublish\":true},\"pluginOptions\":{\"i18n\":{\"localized\":true}},\"attributes\":{\"title\":{\"type\":\"string\",\"required\":true},\"slug\":{\"type\":\"string\",\"required\":true,\"pluginOptions\":{\"i18n\":{\"localized\":true}}},\"summary\":{\"type\":\"text\"},\"sortOrder\":{\"type\":\"integer\",\"default\":0},\"services\":{\"type\":\"relation\",\"relation\":\"oneToMany\",\"target\":\"api::service.service\",\"mappedBy\":\"category\"},\"createdAt\":{\"type\":\"datetime\"},\"updatedAt\":{\"type\":\"datetime\"},\"publishedAt\":{\"type\":\"datetime\",\"configurable\":false,\"writable\":true,\"visible\":false},\"createdBy\":{\"type\":\"relation\",\"relation\":\"oneToOne\",\"target\":\"admin::user\",\"configurable\":false,\"writable\":false,\"visible\":false,\"useJoinTable\":false,\"private\":true},\"updatedBy\":{\"type\":\"relation\",\"relation\":\"oneToOne\",\"target\":\"admin::user\",\"configurable\":false,\"writable\":false,\"visible\":false,\"useJoinTable\":false,\"private\":true},\"localizations\":{\"writable\":true,\"private\":false,\"configurable\":false,\"visible\":false,\"type\":\"relation\",\"relation\":\"oneToMany\",\"target\":\"api::service-category.service-category\"},\"locale\":{\"writable\":true,\"private\":false,\"configurable\":false,\"visible\":false,\"type\":\"string\"}},\"__schema__\":{\"collectionName\":\"service_categories\",\"info\":{\"singularName\":\"service-category\",\"pluralName\":\"service-categories\",\"displayName\":\"Danh mục dịch vụ / Service Category\"},\"options\":{\"draftAndPublish\":true},\"pluginOptions\":{\"i18n\":{\"localized\":true}},\"attributes\":{\"title\":{\"type\":\"string\",\"required\":true},\"slug\":{\"type\":\"string\",\"required\":true,\"pluginOptions\":{\"i18n\":{\"localized\":true}}},\"summary\":{\"type\":\"text\"},\"sortOrder\":{\"type\":\"integer\",\"default\":0},\"services\":{\"type\":\"relation\",\"relation\":\"oneToMany\",\"target\":\"api::service.service\",\"mappedBy\":\"category\"}},\"kind\":\"collectionType\"},\"modelType\":\"contentType\",\"modelName\":\"service-category\",\"connection\":\"default\",\"uid\":\"api::service-category.service-category\",\"apiName\":\"service-category\",\"globalId\":\"ServiceCategory\",\"actions\":{},\"lifecycles\":{}},\"api::tag.tag\":{\"kind\":\"collectionType\",\"collectionName\":\"tags\",\"info\":{\"singularName\":\"tag\",\"pluralName\":\"tags\",\"displayName\":\"Thẻ / Tag\"},\"options\":{\"draftAndPublish\":true},\"pluginOptions\":{\"i18n\":{\"localized\":true}},\"attributes\":{\"name\":{\"type\":\"string\",\"required\":true},\"slug\":{\"type\":\"string\",\"required\":true,\"pluginOptions\":{\"i18n\":{\"localized\":true}}},\"description\":{\"type\":\"text\"},\"createdAt\":{\"type\":\"datetime\"},\"updatedAt\":{\"type\":\"datetime\"},\"publishedAt\":{\"type\":\"datetime\",\"configurable\":false,\"writable\":true,\"visible\":false},\"createdBy\":{\"type\":\"relation\",\"relation\":\"oneToOne\",\"target\":\"admin::user\",\"configurable\":false,\"writable\":false,\"visible\":false,\"useJoinTable\":false,\"private\":true},\"updatedBy\":{\"type\":\"relation\",\"relation\":\"oneToOne\",\"target\":\"admin::user\",\"configurable\":false,\"writable\":false,\"visible\":false,\"useJoinTable\":false,\"private\":true},\"localizations\":{\"writable\":true,\"private\":false,\"configurable\":false,\"visible\":false,\"type\":\"relation\",\"relation\":\"oneToMany\",\"target\":\"api::tag.tag\"},\"locale\":{\"writable\":true,\"private\":false,\"configurable\":false,\"visible\":false,\"type\":\"string\"}},\"__schema__\":{\"collectionName\":\"tags\",\"info\":{\"singularName\":\"tag\",\"pluralName\":\"tags\",\"displayName\":\"Thẻ / Tag\"},\"options\":{\"draftAndPublish\":true},\"pluginOptions\":{\"i18n\":{\"localized\":true}},\"attributes\":{\"name\":{\"type\":\"string\",\"required\":true},\"slug\":{\"type\":\"string\",\"required\":true,\"pluginOptions\":{\"i18n\":{\"localized\":true}}},\"description\":{\"type\":\"text\"}},\"kind\":\"collectionType\"},\"modelType\":\"contentType\",\"modelName\":\"tag\",\"connection\":\"default\",\"uid\":\"api::tag.tag\",\"apiName\":\"tag\",\"globalId\":\"Tag\",\"actions\":{},\"lifecycles\":{}}}', 'object', NULL, NULL);
INSERT INTO `strapi_core_store_settings` (`id`, `key`, `value`, `type`, `environment`, `tag`) VALUES
(2, 'plugin_content_manager_configuration_components::shared.timeline-item', '{\"settings\":{\"bulkable\":true,\"filterable\":true,\"searchable\":true,\"pageSize\":10,\"mainField\":\"year\",\"defaultSortBy\":\"year\",\"defaultSortOrder\":\"ASC\"},\"metadatas\":{\"id\":{\"edit\":{},\"list\":{\"label\":\"id\",\"searchable\":false,\"sortable\":false}},\"year\":{\"edit\":{\"label\":\"year\",\"description\":\"\",\"placeholder\":\"\",\"visible\":true,\"editable\":true},\"list\":{\"label\":\"year\",\"searchable\":true,\"sortable\":true}},\"title\":{\"edit\":{\"label\":\"title\",\"description\":\"\",\"placeholder\":\"\",\"visible\":true,\"editable\":true},\"list\":{\"label\":\"title\",\"searchable\":true,\"sortable\":true}},\"description\":{\"edit\":{\"label\":\"description\",\"description\":\"\",\"placeholder\":\"\",\"visible\":true,\"editable\":true},\"list\":{\"label\":\"description\",\"searchable\":true,\"sortable\":true}}},\"layouts\":{\"list\":[\"id\",\"year\",\"title\",\"description\"],\"edit\":[[{\"name\":\"year\",\"size\":6},{\"name\":\"title\",\"size\":6}],[{\"name\":\"description\",\"size\":6}]]},\"uid\":\"shared.timeline-item\",\"isComponent\":true}', 'object', NULL, NULL),
(3, 'plugin_content_manager_configuration_components::shared.stat-item', '{\"settings\":{\"bulkable\":true,\"filterable\":true,\"searchable\":true,\"pageSize\":10,\"mainField\":\"label\",\"defaultSortBy\":\"label\",\"defaultSortOrder\":\"ASC\"},\"metadatas\":{\"id\":{\"edit\":{},\"list\":{\"label\":\"id\",\"searchable\":false,\"sortable\":false}},\"label\":{\"edit\":{\"label\":\"label\",\"description\":\"\",\"placeholder\":\"\",\"visible\":true,\"editable\":true},\"list\":{\"label\":\"label\",\"searchable\":true,\"sortable\":true}},\"value\":{\"edit\":{\"label\":\"value\",\"description\":\"\",\"placeholder\":\"\",\"visible\":true,\"editable\":true},\"list\":{\"label\":\"value\",\"searchable\":true,\"sortable\":true}},\"note\":{\"edit\":{\"label\":\"note\",\"description\":\"\",\"placeholder\":\"\",\"visible\":true,\"editable\":true},\"list\":{\"label\":\"note\",\"searchable\":true,\"sortable\":true}}},\"layouts\":{\"list\":[\"id\",\"label\",\"value\",\"note\"],\"edit\":[[{\"name\":\"label\",\"size\":6},{\"name\":\"value\",\"size\":6}],[{\"name\":\"note\",\"size\":6}]]},\"uid\":\"shared.stat-item\",\"isComponent\":true}', 'object', NULL, NULL),
(4, 'plugin_content_manager_configuration_components::shared.table-row', '{\"settings\":{\"bulkable\":true,\"filterable\":true,\"searchable\":true,\"pageSize\":10,\"mainField\":\"col1\",\"defaultSortBy\":\"col1\",\"defaultSortOrder\":\"ASC\"},\"metadatas\":{\"id\":{\"edit\":{},\"list\":{\"label\":\"id\",\"searchable\":false,\"sortable\":false}},\"col1\":{\"edit\":{\"label\":\"col1\",\"description\":\"\",\"placeholder\":\"\",\"visible\":true,\"editable\":true},\"list\":{\"label\":\"col1\",\"searchable\":true,\"sortable\":true}},\"col2\":{\"edit\":{\"label\":\"col2\",\"description\":\"\",\"placeholder\":\"\",\"visible\":true,\"editable\":true},\"list\":{\"label\":\"col2\",\"searchable\":true,\"sortable\":true}},\"col3\":{\"edit\":{\"label\":\"col3\",\"description\":\"\",\"placeholder\":\"\",\"visible\":true,\"editable\":true},\"list\":{\"label\":\"col3\",\"searchable\":true,\"sortable\":true}},\"col4\":{\"edit\":{\"label\":\"col4\",\"description\":\"\",\"placeholder\":\"\",\"visible\":true,\"editable\":true},\"list\":{\"label\":\"col4\",\"searchable\":true,\"sortable\":true}}},\"layouts\":{\"list\":[\"id\",\"col1\",\"col2\",\"col3\"],\"edit\":[[{\"name\":\"col1\",\"size\":6},{\"name\":\"col2\",\"size\":6}],[{\"name\":\"col3\",\"size\":6},{\"name\":\"col4\",\"size\":6}]]},\"uid\":\"shared.table-row\",\"isComponent\":true}', 'object', NULL, NULL),
(5, 'plugin_content_manager_configuration_components::shared.seo-meta', '{\"settings\":{\"bulkable\":true,\"filterable\":true,\"searchable\":true,\"pageSize\":10,\"mainField\":\"metaTitle\",\"defaultSortBy\":\"metaTitle\",\"defaultSortOrder\":\"ASC\"},\"metadatas\":{\"id\":{\"edit\":{},\"list\":{\"label\":\"id\",\"searchable\":false,\"sortable\":false}},\"metaTitle\":{\"edit\":{\"label\":\"metaTitle\",\"description\":\"\",\"placeholder\":\"\",\"visible\":true,\"editable\":true},\"list\":{\"label\":\"metaTitle\",\"searchable\":true,\"sortable\":true}},\"metaDescription\":{\"edit\":{\"label\":\"metaDescription\",\"description\":\"\",\"placeholder\":\"\",\"visible\":true,\"editable\":true},\"list\":{\"label\":\"metaDescription\",\"searchable\":true,\"sortable\":true}},\"canonicalUrl\":{\"edit\":{\"label\":\"canonicalUrl\",\"description\":\"\",\"placeholder\":\"\",\"visible\":true,\"editable\":true},\"list\":{\"label\":\"canonicalUrl\",\"searchable\":true,\"sortable\":true}},\"metaRobots\":{\"edit\":{\"label\":\"metaRobots\",\"description\":\"\",\"placeholder\":\"\",\"visible\":true,\"editable\":true},\"list\":{\"label\":\"metaRobots\",\"searchable\":true,\"sortable\":true}},\"ogTitle\":{\"edit\":{\"label\":\"ogTitle\",\"description\":\"\",\"placeholder\":\"\",\"visible\":true,\"editable\":true},\"list\":{\"label\":\"ogTitle\",\"searchable\":true,\"sortable\":true}},\"ogDescription\":{\"edit\":{\"label\":\"ogDescription\",\"description\":\"\",\"placeholder\":\"\",\"visible\":true,\"editable\":true},\"list\":{\"label\":\"ogDescription\",\"searchable\":true,\"sortable\":true}},\"ogImage\":{\"edit\":{\"label\":\"ogImage\",\"description\":\"\",\"placeholder\":\"\",\"visible\":true,\"editable\":true},\"list\":{\"label\":\"ogImage\",\"searchable\":false,\"sortable\":false}},\"twitterCard\":{\"edit\":{\"label\":\"twitterCard\",\"description\":\"\",\"placeholder\":\"\",\"visible\":true,\"editable\":true},\"list\":{\"label\":\"twitterCard\",\"searchable\":true,\"sortable\":true}},\"keywords\":{\"edit\":{\"label\":\"keywords\",\"description\":\"\",\"placeholder\":\"\",\"visible\":true,\"editable\":true},\"list\":{\"label\":\"keywords\",\"searchable\":true,\"sortable\":true}}},\"layouts\":{\"list\":[\"id\",\"metaTitle\",\"metaDescription\",\"canonicalUrl\"],\"edit\":[[{\"name\":\"metaTitle\",\"size\":6},{\"name\":\"metaDescription\",\"size\":6}],[{\"name\":\"canonicalUrl\",\"size\":6},{\"name\":\"metaRobots\",\"size\":6}],[{\"name\":\"ogTitle\",\"size\":6},{\"name\":\"ogDescription\",\"size\":6}],[{\"name\":\"ogImage\",\"size\":6},{\"name\":\"twitterCard\",\"size\":6}],[{\"name\":\"keywords\",\"size\":6}]]},\"uid\":\"shared.seo-meta\",\"isComponent\":true}', 'object', NULL, NULL),
(6, 'plugin_content_manager_configuration_components::shared.media-asset-reference', '{\"settings\":{\"bulkable\":true,\"filterable\":true,\"searchable\":true,\"pageSize\":10,\"mainField\":\"title\",\"defaultSortBy\":\"title\",\"defaultSortOrder\":\"ASC\"},\"metadatas\":{\"id\":{\"edit\":{},\"list\":{\"label\":\"id\",\"searchable\":false,\"sortable\":false}},\"title\":{\"edit\":{\"label\":\"title\",\"description\":\"\",\"placeholder\":\"\",\"visible\":true,\"editable\":true},\"list\":{\"label\":\"title\",\"searchable\":true,\"sortable\":true}},\"alt\":{\"edit\":{\"label\":\"alt\",\"description\":\"\",\"placeholder\":\"\",\"visible\":true,\"editable\":true},\"list\":{\"label\":\"alt\",\"searchable\":true,\"sortable\":true}},\"file\":{\"edit\":{\"label\":\"file\",\"description\":\"\",\"placeholder\":\"\",\"visible\":true,\"editable\":true},\"list\":{\"label\":\"file\",\"searchable\":false,\"sortable\":false}}},\"layouts\":{\"list\":[\"id\",\"title\",\"alt\",\"file\"],\"edit\":[[{\"name\":\"title\",\"size\":6},{\"name\":\"alt\",\"size\":6}],[{\"name\":\"file\",\"size\":6}]]},\"uid\":\"shared.media-asset-reference\",\"isComponent\":true}', 'object', NULL, NULL),
(7, 'plugin_content_manager_configuration_components::shared.link-item', '{\"settings\":{\"bulkable\":true,\"filterable\":true,\"searchable\":true,\"pageSize\":10,\"mainField\":\"label\",\"defaultSortBy\":\"label\",\"defaultSortOrder\":\"ASC\"},\"metadatas\":{\"id\":{\"edit\":{},\"list\":{\"label\":\"id\",\"searchable\":false,\"sortable\":false}},\"label\":{\"edit\":{\"label\":\"label\",\"description\":\"\",\"placeholder\":\"\",\"visible\":true,\"editable\":true},\"list\":{\"label\":\"label\",\"searchable\":true,\"sortable\":true}},\"href\":{\"edit\":{\"label\":\"href\",\"description\":\"\",\"placeholder\":\"\",\"visible\":true,\"editable\":true},\"list\":{\"label\":\"href\",\"searchable\":true,\"sortable\":true}},\"target\":{\"edit\":{\"label\":\"target\",\"description\":\"\",\"placeholder\":\"\",\"visible\":true,\"editable\":true},\"list\":{\"label\":\"target\",\"searchable\":true,\"sortable\":true}},\"description\":{\"edit\":{\"label\":\"description\",\"description\":\"\",\"placeholder\":\"\",\"visible\":true,\"editable\":true},\"list\":{\"label\":\"description\",\"searchable\":true,\"sortable\":true}},\"children\":{\"edit\":{\"label\":\"children\",\"description\":\"\",\"placeholder\":\"\",\"visible\":true,\"editable\":true},\"list\":{\"label\":\"children\",\"searchable\":false,\"sortable\":false}}},\"layouts\":{\"list\":[\"id\",\"label\",\"href\",\"target\"],\"edit\":[[{\"name\":\"label\",\"size\":6},{\"name\":\"href\",\"size\":6}],[{\"name\":\"target\",\"size\":6},{\"name\":\"description\",\"size\":6}],[{\"name\":\"children\",\"size\":12}]]},\"uid\":\"shared.link-item\",\"isComponent\":true}', 'object', NULL, NULL),
(8, 'plugin_content_manager_configuration_components::shared.feature-item', '{\"settings\":{\"bulkable\":true,\"filterable\":true,\"searchable\":true,\"pageSize\":10,\"mainField\":\"title\",\"defaultSortBy\":\"title\",\"defaultSortOrder\":\"ASC\"},\"metadatas\":{\"id\":{\"edit\":{},\"list\":{\"label\":\"id\",\"searchable\":false,\"sortable\":false}},\"title\":{\"edit\":{\"label\":\"title\",\"description\":\"\",\"placeholder\":\"\",\"visible\":true,\"editable\":true},\"list\":{\"label\":\"title\",\"searchable\":true,\"sortable\":true}},\"description\":{\"edit\":{\"label\":\"description\",\"description\":\"\",\"placeholder\":\"\",\"visible\":true,\"editable\":true},\"list\":{\"label\":\"description\",\"searchable\":true,\"sortable\":true}},\"icon\":{\"edit\":{\"label\":\"icon\",\"description\":\"\",\"placeholder\":\"\",\"visible\":true,\"editable\":true},\"list\":{\"label\":\"icon\",\"searchable\":false,\"sortable\":false}},\"link\":{\"edit\":{\"label\":\"link\",\"description\":\"\",\"placeholder\":\"\",\"visible\":true,\"editable\":true},\"list\":{\"label\":\"link\",\"searchable\":false,\"sortable\":false}}},\"layouts\":{\"list\":[\"id\",\"title\",\"description\",\"icon\"],\"edit\":[[{\"name\":\"title\",\"size\":6},{\"name\":\"description\",\"size\":6}],[{\"name\":\"icon\",\"size\":6}],[{\"name\":\"link\",\"size\":12}]]},\"uid\":\"shared.feature-item\",\"isComponent\":true}', 'object', NULL, NULL),
(9, 'plugin_content_manager_configuration_components::shared.button-config', '{\"settings\":{\"bulkable\":true,\"filterable\":true,\"searchable\":true,\"pageSize\":10,\"mainField\":\"label\",\"defaultSortBy\":\"label\",\"defaultSortOrder\":\"ASC\"},\"metadatas\":{\"id\":{\"edit\":{},\"list\":{\"label\":\"id\",\"searchable\":false,\"sortable\":false}},\"label\":{\"edit\":{\"label\":\"label\",\"description\":\"\",\"placeholder\":\"\",\"visible\":true,\"editable\":true},\"list\":{\"label\":\"label\",\"searchable\":true,\"sortable\":true}},\"href\":{\"edit\":{\"label\":\"href\",\"description\":\"\",\"placeholder\":\"\",\"visible\":true,\"editable\":true},\"list\":{\"label\":\"href\",\"searchable\":true,\"sortable\":true}},\"variant\":{\"edit\":{\"label\":\"variant\",\"description\":\"\",\"placeholder\":\"\",\"visible\":true,\"editable\":true},\"list\":{\"label\":\"variant\",\"searchable\":true,\"sortable\":true}},\"target\":{\"edit\":{\"label\":\"target\",\"description\":\"\",\"placeholder\":\"\",\"visible\":true,\"editable\":true},\"list\":{\"label\":\"target\",\"searchable\":true,\"sortable\":true}}},\"layouts\":{\"list\":[\"id\",\"label\",\"href\",\"variant\"],\"edit\":[[{\"name\":\"label\",\"size\":6},{\"name\":\"href\",\"size\":6}],[{\"name\":\"variant\",\"size\":6},{\"name\":\"target\",\"size\":6}]]},\"uid\":\"shared.button-config\",\"isComponent\":true}', 'object', NULL, NULL),
(10, 'plugin_content_manager_configuration_components::shared.breadcrumb-config', '{\"settings\":{\"bulkable\":true,\"filterable\":true,\"searchable\":true,\"pageSize\":10,\"mainField\":\"customLabel\",\"defaultSortBy\":\"customLabel\",\"defaultSortOrder\":\"ASC\"},\"metadatas\":{\"id\":{\"edit\":{},\"list\":{\"label\":\"id\",\"searchable\":false,\"sortable\":false}},\"show\":{\"edit\":{\"label\":\"show\",\"description\":\"\",\"placeholder\":\"\",\"visible\":true,\"editable\":true},\"list\":{\"label\":\"show\",\"searchable\":true,\"sortable\":true}},\"customLabel\":{\"edit\":{\"label\":\"customLabel\",\"description\":\"\",\"placeholder\":\"\",\"visible\":true,\"editable\":true},\"list\":{\"label\":\"customLabel\",\"searchable\":true,\"sortable\":true}}},\"layouts\":{\"list\":[\"id\",\"show\",\"customLabel\"],\"edit\":[[{\"name\":\"show\",\"size\":4},{\"name\":\"customLabel\",\"size\":6}]]},\"uid\":\"shared.breadcrumb-config\",\"isComponent\":true}', 'object', NULL, NULL),
(11, 'plugin_content_manager_configuration_components::shared.trust-item', '{\"settings\":{\"bulkable\":true,\"filterable\":true,\"searchable\":true,\"pageSize\":10,\"mainField\":\"title\",\"defaultSortBy\":\"title\",\"defaultSortOrder\":\"ASC\"},\"metadatas\":{\"id\":{\"edit\":{},\"list\":{\"label\":\"id\",\"searchable\":false,\"sortable\":false}},\"title\":{\"edit\":{\"label\":\"title\",\"description\":\"\",\"placeholder\":\"\",\"visible\":true,\"editable\":true},\"list\":{\"label\":\"title\",\"searchable\":true,\"sortable\":true}},\"description\":{\"edit\":{\"label\":\"description\",\"description\":\"\",\"placeholder\":\"\",\"visible\":true,\"editable\":true},\"list\":{\"label\":\"description\",\"searchable\":true,\"sortable\":true}},\"logo\":{\"edit\":{\"label\":\"logo\",\"description\":\"\",\"placeholder\":\"\",\"visible\":true,\"editable\":true},\"list\":{\"label\":\"logo\",\"searchable\":false,\"sortable\":false}}},\"layouts\":{\"list\":[\"id\",\"title\",\"description\",\"logo\"],\"edit\":[[{\"name\":\"title\",\"size\":6},{\"name\":\"description\",\"size\":6}],[{\"name\":\"logo\",\"size\":6}]]},\"uid\":\"shared.trust-item\",\"isComponent\":true}', 'object', NULL, NULL),
(12, 'plugin_content_manager_configuration_components::sections.trading-system-showcase-section', '{\"settings\":{\"bulkable\":true,\"filterable\":true,\"searchable\":true,\"pageSize\":10,\"mainField\":\"title\",\"defaultSortBy\":\"title\",\"defaultSortOrder\":\"ASC\"},\"metadatas\":{\"id\":{\"edit\":{},\"list\":{\"label\":\"id\",\"searchable\":false,\"sortable\":false}},\"positionIndex\":{\"edit\":{\"label\":\"positionIndex\",\"description\":\"\",\"placeholder\":\"\",\"visible\":true,\"editable\":true},\"list\":{\"label\":\"positionIndex\",\"searchable\":true,\"sortable\":true}},\"title\":{\"edit\":{\"label\":\"title\",\"description\":\"\",\"placeholder\":\"\",\"visible\":true,\"editable\":true},\"list\":{\"label\":\"title\",\"searchable\":true,\"sortable\":true}},\"description\":{\"edit\":{\"label\":\"description\",\"description\":\"\",\"placeholder\":\"\",\"visible\":true,\"editable\":true},\"list\":{\"label\":\"description\",\"searchable\":true,\"sortable\":true}},\"platformName\":{\"edit\":{\"label\":\"platformName\",\"description\":\"\",\"placeholder\":\"\",\"visible\":true,\"editable\":true},\"list\":{\"label\":\"platformName\",\"searchable\":true,\"sortable\":true}},\"features\":{\"edit\":{\"label\":\"features\",\"description\":\"\",\"placeholder\":\"\",\"visible\":true,\"editable\":true},\"list\":{\"label\":\"features\",\"searchable\":false,\"sortable\":false}},\"screenshot\":{\"edit\":{\"label\":\"screenshot\",\"description\":\"\",\"placeholder\":\"\",\"visible\":true,\"editable\":true},\"list\":{\"label\":\"screenshot\",\"searchable\":false,\"sortable\":false}}},\"layouts\":{\"list\":[\"id\",\"title\",\"description\",\"platformName\"],\"edit\":[[{\"name\":\"title\",\"size\":6},{\"name\":\"description\",\"size\":6}],[{\"name\":\"platformName\",\"size\":6}],[{\"name\":\"features\",\"size\":12}],[{\"name\":\"screenshot\",\"size\":6},{\"name\":\"positionIndex\",\"size\":4}]]},\"uid\":\"sections.trading-system-showcase-section\",\"isComponent\":true}', 'object', NULL, NULL),
(13, 'plugin_content_manager_configuration_components::sections.table-block', '{\"settings\":{\"bulkable\":true,\"filterable\":true,\"searchable\":true,\"pageSize\":10,\"mainField\":\"title\",\"defaultSortBy\":\"title\",\"defaultSortOrder\":\"ASC\"},\"metadatas\":{\"id\":{\"edit\":{},\"list\":{\"label\":\"id\",\"searchable\":false,\"sortable\":false}},\"title\":{\"edit\":{\"label\":\"title\",\"description\":\"\",\"placeholder\":\"\",\"visible\":true,\"editable\":true},\"list\":{\"label\":\"title\",\"searchable\":true,\"sortable\":true}},\"column1Label\":{\"edit\":{\"label\":\"column1Label\",\"description\":\"\",\"placeholder\":\"\",\"visible\":true,\"editable\":true},\"list\":{\"label\":\"column1Label\",\"searchable\":true,\"sortable\":true}},\"column2Label\":{\"edit\":{\"label\":\"column2Label\",\"description\":\"\",\"placeholder\":\"\",\"visible\":true,\"editable\":true},\"list\":{\"label\":\"column2Label\",\"searchable\":true,\"sortable\":true}},\"column3Label\":{\"edit\":{\"label\":\"column3Label\",\"description\":\"\",\"placeholder\":\"\",\"visible\":true,\"editable\":true},\"list\":{\"label\":\"column3Label\",\"searchable\":true,\"sortable\":true}},\"column4Label\":{\"edit\":{\"label\":\"column4Label\",\"description\":\"\",\"placeholder\":\"\",\"visible\":true,\"editable\":true},\"list\":{\"label\":\"column4Label\",\"searchable\":true,\"sortable\":true}},\"rows\":{\"edit\":{\"label\":\"rows\",\"description\":\"\",\"placeholder\":\"\",\"visible\":true,\"editable\":true},\"list\":{\"label\":\"rows\",\"searchable\":false,\"sortable\":false}}},\"layouts\":{\"list\":[\"id\",\"title\",\"column1Label\",\"column2Label\"],\"edit\":[[{\"name\":\"title\",\"size\":6},{\"name\":\"column1Label\",\"size\":6}],[{\"name\":\"column2Label\",\"size\":6},{\"name\":\"column3Label\",\"size\":6}],[{\"name\":\"column4Label\",\"size\":6}],[{\"name\":\"rows\",\"size\":12}]]},\"uid\":\"sections.table-block\",\"isComponent\":true}', 'object', NULL, NULL),
(14, 'plugin_content_manager_configuration_components::sections.stats-section', '{\"settings\":{\"bulkable\":true,\"filterable\":true,\"searchable\":true,\"pageSize\":10,\"mainField\":\"title\",\"defaultSortBy\":\"title\",\"defaultSortOrder\":\"ASC\"},\"metadatas\":{\"id\":{\"edit\":{},\"list\":{\"label\":\"id\",\"searchable\":false,\"sortable\":false}},\"positionIndex\":{\"edit\":{\"label\":\"positionIndex\",\"description\":\"\",\"placeholder\":\"\",\"visible\":true,\"editable\":true},\"list\":{\"label\":\"positionIndex\",\"searchable\":true,\"sortable\":true}},\"title\":{\"edit\":{\"label\":\"title\",\"description\":\"\",\"placeholder\":\"\",\"visible\":true,\"editable\":true},\"list\":{\"label\":\"title\",\"searchable\":true,\"sortable\":true}},\"items\":{\"edit\":{\"label\":\"items\",\"description\":\"\",\"placeholder\":\"\",\"visible\":true,\"editable\":true},\"list\":{\"label\":\"items\",\"searchable\":false,\"sortable\":false}}},\"layouts\":{\"list\":[\"id\",\"title\",\"items\",\"positionIndex\"],\"edit\":[[{\"name\":\"title\",\"size\":6}],[{\"name\":\"items\",\"size\":12}],[{\"name\":\"positionIndex\",\"size\":4}]]},\"uid\":\"sections.stats-section\",\"isComponent\":true}', 'object', NULL, NULL),
(15, 'plugin_content_manager_configuration_components::sections.rich-text-block', '{\"settings\":{\"bulkable\":true,\"filterable\":true,\"searchable\":true,\"pageSize\":10,\"mainField\":\"title\",\"defaultSortBy\":\"title\",\"defaultSortOrder\":\"ASC\"},\"metadatas\":{\"id\":{\"edit\":{},\"list\":{\"label\":\"id\",\"searchable\":false,\"sortable\":false}},\"title\":{\"edit\":{\"label\":\"title\",\"description\":\"\",\"placeholder\":\"\",\"visible\":true,\"editable\":true},\"list\":{\"label\":\"title\",\"searchable\":true,\"sortable\":true}},\"content\":{\"edit\":{\"label\":\"content\",\"description\":\"\",\"placeholder\":\"\",\"visible\":true,\"editable\":true},\"list\":{\"label\":\"content\",\"searchable\":false,\"sortable\":false}}},\"layouts\":{\"list\":[\"id\",\"title\"],\"edit\":[[{\"name\":\"title\",\"size\":6}],[{\"name\":\"content\",\"size\":12}]]},\"uid\":\"sections.rich-text-block\",\"isComponent\":true}', 'object', NULL, NULL),
(16, 'plugin_content_manager_configuration_components::sections.research-list-section', '{\"settings\":{\"bulkable\":true,\"filterable\":true,\"searchable\":true,\"pageSize\":10,\"mainField\":\"title\",\"defaultSortBy\":\"title\",\"defaultSortOrder\":\"ASC\"},\"metadatas\":{\"id\":{\"edit\":{},\"list\":{\"label\":\"id\",\"searchable\":false,\"sortable\":false}},\"positionIndex\":{\"edit\":{\"label\":\"positionIndex\",\"description\":\"\",\"placeholder\":\"\",\"visible\":true,\"editable\":true},\"list\":{\"label\":\"positionIndex\",\"searchable\":true,\"sortable\":true}},\"title\":{\"edit\":{\"label\":\"title\",\"description\":\"\",\"placeholder\":\"\",\"visible\":true,\"editable\":true},\"list\":{\"label\":\"title\",\"searchable\":true,\"sortable\":true}},\"description\":{\"edit\":{\"label\":\"description\",\"description\":\"\",\"placeholder\":\"\",\"visible\":true,\"editable\":true},\"list\":{\"label\":\"description\",\"searchable\":true,\"sortable\":true}},\"limit\":{\"edit\":{\"label\":\"limit\",\"description\":\"\",\"placeholder\":\"\",\"visible\":true,\"editable\":true},\"list\":{\"label\":\"limit\",\"searchable\":true,\"sortable\":true}},\"featuredOnly\":{\"edit\":{\"label\":\"featuredOnly\",\"description\":\"\",\"placeholder\":\"\",\"visible\":true,\"editable\":true},\"list\":{\"label\":\"featuredOnly\",\"searchable\":true,\"sortable\":true}}},\"layouts\":{\"list\":[\"id\",\"title\",\"description\",\"limit\"],\"edit\":[[{\"name\":\"title\",\"size\":6},{\"name\":\"description\",\"size\":6}],[{\"name\":\"limit\",\"size\":4},{\"name\":\"featuredOnly\",\"size\":4},{\"name\":\"positionIndex\",\"size\":4}]]},\"uid\":\"sections.research-list-section\",\"isComponent\":true}', 'object', NULL, NULL),
(17, 'plugin_content_manager_configuration_components::sections.related-content-section', '{\"settings\":{\"bulkable\":true,\"filterable\":true,\"searchable\":true,\"pageSize\":10,\"mainField\":\"title\",\"defaultSortBy\":\"title\",\"defaultSortOrder\":\"ASC\"},\"metadatas\":{\"id\":{\"edit\":{},\"list\":{\"label\":\"id\",\"searchable\":false,\"sortable\":false}},\"title\":{\"edit\":{\"label\":\"title\",\"description\":\"\",\"placeholder\":\"\",\"visible\":true,\"editable\":true},\"list\":{\"label\":\"title\",\"searchable\":true,\"sortable\":true}},\"contentType\":{\"edit\":{\"label\":\"contentType\",\"description\":\"\",\"placeholder\":\"\",\"visible\":true,\"editable\":true,\"mainField\":\"title\"},\"list\":{\"label\":\"contentType\",\"searchable\":true,\"sortable\":true}},\"limit\":{\"edit\":{\"label\":\"limit\",\"description\":\"\",\"placeholder\":\"\",\"visible\":true,\"editable\":true},\"list\":{\"label\":\"limit\",\"searchable\":true,\"sortable\":true}}},\"layouts\":{\"list\":[\"id\",\"title\",\"contentType\",\"limit\"],\"edit\":[[{\"name\":\"title\",\"size\":6},{\"name\":\"contentType\",\"size\":6}],[{\"name\":\"limit\",\"size\":4}]]},\"uid\":\"sections.related-content-section\",\"isComponent\":true}', 'object', NULL, NULL),
(18, 'plugin_content_manager_configuration_components::sections.quote-section', '{\"settings\":{\"bulkable\":true,\"filterable\":true,\"searchable\":true,\"pageSize\":10,\"mainField\":\"author\",\"defaultSortBy\":\"author\",\"defaultSortOrder\":\"ASC\"},\"metadatas\":{\"id\":{\"edit\":{},\"list\":{\"label\":\"id\",\"searchable\":false,\"sortable\":false}},\"quote\":{\"edit\":{\"label\":\"quote\",\"description\":\"\",\"placeholder\":\"\",\"visible\":true,\"editable\":true},\"list\":{\"label\":\"quote\",\"searchable\":true,\"sortable\":true}},\"author\":{\"edit\":{\"label\":\"author\",\"description\":\"\",\"placeholder\":\"\",\"visible\":true,\"editable\":true},\"list\":{\"label\":\"author\",\"searchable\":true,\"sortable\":true}},\"role\":{\"edit\":{\"label\":\"role\",\"description\":\"\",\"placeholder\":\"\",\"visible\":true,\"editable\":true},\"list\":{\"label\":\"role\",\"searchable\":true,\"sortable\":true}}},\"layouts\":{\"list\":[\"id\",\"quote\",\"author\",\"role\"],\"edit\":[[{\"name\":\"quote\",\"size\":6},{\"name\":\"author\",\"size\":6}],[{\"name\":\"role\",\"size\":6}]]},\"uid\":\"sections.quote-section\",\"isComponent\":true}', 'object', NULL, NULL),
(19, 'plugin_content_manager_configuration_components::sections.office-list-section', '{\"settings\":{\"bulkable\":true,\"filterable\":true,\"searchable\":true,\"pageSize\":10,\"mainField\":\"title\",\"defaultSortBy\":\"title\",\"defaultSortOrder\":\"ASC\"},\"metadatas\":{\"id\":{\"edit\":{},\"list\":{\"label\":\"id\",\"searchable\":false,\"sortable\":false}},\"positionIndex\":{\"edit\":{\"label\":\"positionIndex\",\"description\":\"\",\"placeholder\":\"\",\"visible\":true,\"editable\":true},\"list\":{\"label\":\"positionIndex\",\"searchable\":true,\"sortable\":true}},\"title\":{\"edit\":{\"label\":\"title\",\"description\":\"\",\"placeholder\":\"\",\"visible\":true,\"editable\":true},\"list\":{\"label\":\"title\",\"searchable\":true,\"sortable\":true}},\"description\":{\"edit\":{\"label\":\"description\",\"description\":\"\",\"placeholder\":\"\",\"visible\":true,\"editable\":true},\"list\":{\"label\":\"description\",\"searchable\":true,\"sortable\":true}},\"showMapPlaceholder\":{\"edit\":{\"label\":\"showMapPlaceholder\",\"description\":\"\",\"placeholder\":\"\",\"visible\":true,\"editable\":true},\"list\":{\"label\":\"showMapPlaceholder\",\"searchable\":true,\"sortable\":true}}},\"layouts\":{\"list\":[\"id\",\"title\",\"description\",\"showMapPlaceholder\"],\"edit\":[[{\"name\":\"title\",\"size\":6},{\"name\":\"description\",\"size\":6}],[{\"name\":\"showMapPlaceholder\",\"size\":4},{\"name\":\"positionIndex\",\"size\":4}]]},\"uid\":\"sections.office-list-section\",\"isComponent\":true}', 'object', NULL, NULL),
(20, 'plugin_content_manager_configuration_components::sections.trust-signal-section', '{\"settings\":{\"bulkable\":true,\"filterable\":true,\"searchable\":true,\"pageSize\":10,\"mainField\":\"title\",\"defaultSortBy\":\"title\",\"defaultSortOrder\":\"ASC\"},\"metadatas\":{\"id\":{\"edit\":{},\"list\":{\"label\":\"id\",\"searchable\":false,\"sortable\":false}},\"positionIndex\":{\"edit\":{\"label\":\"positionIndex\",\"description\":\"\",\"placeholder\":\"\",\"visible\":true,\"editable\":true},\"list\":{\"label\":\"positionIndex\",\"searchable\":true,\"sortable\":true}},\"title\":{\"edit\":{\"label\":\"title\",\"description\":\"\",\"placeholder\":\"\",\"visible\":true,\"editable\":true},\"list\":{\"label\":\"title\",\"searchable\":true,\"sortable\":true}},\"description\":{\"edit\":{\"label\":\"description\",\"description\":\"\",\"placeholder\":\"\",\"visible\":true,\"editable\":true},\"list\":{\"label\":\"description\",\"searchable\":true,\"sortable\":true}},\"items\":{\"edit\":{\"label\":\"items\",\"description\":\"\",\"placeholder\":\"\",\"visible\":true,\"editable\":true},\"list\":{\"label\":\"items\",\"searchable\":false,\"sortable\":false}}},\"layouts\":{\"list\":[\"id\",\"title\",\"description\",\"items\"],\"edit\":[[{\"name\":\"title\",\"size\":6},{\"name\":\"description\",\"size\":6}],[{\"name\":\"items\",\"size\":12}],[{\"name\":\"positionIndex\",\"size\":4}]]},\"uid\":\"sections.trust-signal-section\",\"isComponent\":true}', 'object', NULL, NULL),
(21, 'plugin_content_manager_configuration_components::sections.feature-card-section', '{\"settings\":{\"bulkable\":true,\"filterable\":true,\"searchable\":true,\"pageSize\":10,\"mainField\":\"title\",\"defaultSortBy\":\"title\",\"defaultSortOrder\":\"ASC\"},\"metadatas\":{\"id\":{\"edit\":{},\"list\":{\"label\":\"id\",\"searchable\":false,\"sortable\":false}},\"positionIndex\":{\"edit\":{\"label\":\"positionIndex\",\"description\":\"\",\"placeholder\":\"\",\"visible\":true,\"editable\":true},\"list\":{\"label\":\"positionIndex\",\"searchable\":true,\"sortable\":true}},\"title\":{\"edit\":{\"label\":\"title\",\"description\":\"\",\"placeholder\":\"\",\"visible\":true,\"editable\":true},\"list\":{\"label\":\"title\",\"searchable\":true,\"sortable\":true}},\"description\":{\"edit\":{\"label\":\"description\",\"description\":\"\",\"placeholder\":\"\",\"visible\":true,\"editable\":true},\"list\":{\"label\":\"description\",\"searchable\":true,\"sortable\":true}},\"items\":{\"edit\":{\"label\":\"items\",\"description\":\"\",\"placeholder\":\"\",\"visible\":true,\"editable\":true},\"list\":{\"label\":\"items\",\"searchable\":false,\"sortable\":false}}},\"layouts\":{\"list\":[\"id\",\"title\",\"description\",\"items\"],\"edit\":[[{\"name\":\"title\",\"size\":6},{\"name\":\"description\",\"size\":6}],[{\"name\":\"items\",\"size\":12}],[{\"name\":\"positionIndex\",\"size\":4}]]},\"uid\":\"sections.feature-card-section\",\"isComponent\":true}', 'object', NULL, NULL),
(22, 'plugin_content_manager_configuration_components::sections.faq-section', '{\"settings\":{\"bulkable\":true,\"filterable\":true,\"searchable\":true,\"pageSize\":10,\"mainField\":\"title\",\"defaultSortBy\":\"title\",\"defaultSortOrder\":\"ASC\"},\"metadatas\":{\"id\":{\"edit\":{},\"list\":{\"label\":\"id\",\"searchable\":false,\"sortable\":false}},\"positionIndex\":{\"edit\":{\"label\":\"positionIndex\",\"description\":\"\",\"placeholder\":\"\",\"visible\":true,\"editable\":true},\"list\":{\"label\":\"positionIndex\",\"searchable\":true,\"sortable\":true}},\"title\":{\"edit\":{\"label\":\"title\",\"description\":\"\",\"placeholder\":\"\",\"visible\":true,\"editable\":true},\"list\":{\"label\":\"title\",\"searchable\":true,\"sortable\":true}},\"description\":{\"edit\":{\"label\":\"description\",\"description\":\"\",\"placeholder\":\"\",\"visible\":true,\"editable\":true},\"list\":{\"label\":\"description\",\"searchable\":true,\"sortable\":true}},\"faqCategorySlug\":{\"edit\":{\"label\":\"faqCategorySlug\",\"description\":\"\",\"placeholder\":\"\",\"visible\":true,\"editable\":true},\"list\":{\"label\":\"faqCategorySlug\",\"searchable\":true,\"sortable\":true}},\"limit\":{\"edit\":{\"label\":\"limit\",\"description\":\"\",\"placeholder\":\"\",\"visible\":true,\"editable\":true},\"list\":{\"label\":\"limit\",\"searchable\":true,\"sortable\":true}}},\"layouts\":{\"list\":[\"id\",\"title\",\"description\",\"faqCategorySlug\"],\"edit\":[[{\"name\":\"title\",\"size\":6},{\"name\":\"description\",\"size\":6}],[{\"name\":\"faqCategorySlug\",\"size\":6},{\"name\":\"limit\",\"size\":4}],[{\"name\":\"positionIndex\",\"size\":4}]]},\"uid\":\"sections.faq-section\",\"isComponent\":true}', 'object', NULL, NULL),
(23, 'plugin_content_manager_configuration_components::sections.embed-block', '{\"settings\":{\"bulkable\":true,\"filterable\":true,\"searchable\":true,\"pageSize\":10,\"mainField\":\"title\",\"defaultSortBy\":\"title\",\"defaultSortOrder\":\"ASC\"},\"metadatas\":{\"id\":{\"edit\":{},\"list\":{\"label\":\"id\",\"searchable\":false,\"sortable\":false}},\"title\":{\"edit\":{\"label\":\"title\",\"description\":\"\",\"placeholder\":\"\",\"visible\":true,\"editable\":true},\"list\":{\"label\":\"title\",\"searchable\":true,\"sortable\":true}},\"embedUrl\":{\"edit\":{\"label\":\"embedUrl\",\"description\":\"\",\"placeholder\":\"\",\"visible\":true,\"editable\":true},\"list\":{\"label\":\"embedUrl\",\"searchable\":true,\"sortable\":true}},\"embedCode\":{\"edit\":{\"label\":\"embedCode\",\"description\":\"\",\"placeholder\":\"\",\"visible\":true,\"editable\":true},\"list\":{\"label\":\"embedCode\",\"searchable\":true,\"sortable\":true}}},\"layouts\":{\"list\":[\"id\",\"title\",\"embedUrl\",\"embedCode\"],\"edit\":[[{\"name\":\"title\",\"size\":6},{\"name\":\"embedUrl\",\"size\":6}],[{\"name\":\"embedCode\",\"size\":6}]]},\"uid\":\"sections.embed-block\",\"isComponent\":true}', 'object', NULL, NULL),
(24, 'plugin_content_manager_configuration_components::sections.contact-section', '{\"settings\":{\"bulkable\":true,\"filterable\":true,\"searchable\":true,\"pageSize\":10,\"mainField\":\"title\",\"defaultSortBy\":\"title\",\"defaultSortOrder\":\"ASC\"},\"metadatas\":{\"id\":{\"edit\":{},\"list\":{\"label\":\"id\",\"searchable\":false,\"sortable\":false}},\"title\":{\"edit\":{\"label\":\"title\",\"description\":\"\",\"placeholder\":\"\",\"visible\":true,\"editable\":true},\"list\":{\"label\":\"title\",\"searchable\":true,\"sortable\":true}},\"description\":{\"edit\":{\"label\":\"description\",\"description\":\"\",\"placeholder\":\"\",\"visible\":true,\"editable\":true},\"list\":{\"label\":\"description\",\"searchable\":true,\"sortable\":true}},\"phone\":{\"edit\":{\"label\":\"phone\",\"description\":\"\",\"placeholder\":\"\",\"visible\":true,\"editable\":true},\"list\":{\"label\":\"phone\",\"searchable\":true,\"sortable\":true}},\"email\":{\"edit\":{\"label\":\"email\",\"description\":\"\",\"placeholder\":\"\",\"visible\":true,\"editable\":true},\"list\":{\"label\":\"email\",\"searchable\":true,\"sortable\":true}},\"address\":{\"edit\":{\"label\":\"address\",\"description\":\"\",\"placeholder\":\"\",\"visible\":true,\"editable\":true},\"list\":{\"label\":\"address\",\"searchable\":true,\"sortable\":true}}},\"layouts\":{\"list\":[\"id\",\"title\",\"description\",\"phone\"],\"edit\":[[{\"name\":\"title\",\"size\":6},{\"name\":\"description\",\"size\":6}],[{\"name\":\"phone\",\"size\":6},{\"name\":\"email\",\"size\":6}],[{\"name\":\"address\",\"size\":6}]]},\"uid\":\"sections.contact-section\",\"isComponent\":true}', 'object', NULL, NULL),
(25, 'plugin_content_manager_configuration_components::sections.timeline-section', '{\"settings\":{\"bulkable\":true,\"filterable\":true,\"searchable\":true,\"pageSize\":10,\"mainField\":\"title\",\"defaultSortBy\":\"title\",\"defaultSortOrder\":\"ASC\"},\"metadatas\":{\"id\":{\"edit\":{},\"list\":{\"label\":\"id\",\"searchable\":false,\"sortable\":false}},\"title\":{\"edit\":{\"label\":\"title\",\"description\":\"\",\"placeholder\":\"\",\"visible\":true,\"editable\":true},\"list\":{\"label\":\"title\",\"searchable\":true,\"sortable\":true}},\"items\":{\"edit\":{\"label\":\"items\",\"description\":\"\",\"placeholder\":\"\",\"visible\":true,\"editable\":true},\"list\":{\"label\":\"items\",\"searchable\":false,\"sortable\":false}}},\"layouts\":{\"list\":[\"id\",\"title\",\"items\"],\"edit\":[[{\"name\":\"title\",\"size\":6}],[{\"name\":\"items\",\"size\":12}]]},\"uid\":\"sections.timeline-section\",\"isComponent\":true}', 'object', NULL, NULL),
(26, 'plugin_content_manager_configuration_components::sections.cta-section', '{\"settings\":{\"bulkable\":true,\"filterable\":true,\"searchable\":true,\"pageSize\":10,\"mainField\":\"title\",\"defaultSortBy\":\"title\",\"defaultSortOrder\":\"ASC\"},\"metadatas\":{\"id\":{\"edit\":{},\"list\":{\"label\":\"id\",\"searchable\":false,\"sortable\":false}},\"positionIndex\":{\"edit\":{\"label\":\"positionIndex\",\"description\":\"\",\"placeholder\":\"\",\"visible\":true,\"editable\":true},\"list\":{\"label\":\"positionIndex\",\"searchable\":true,\"sortable\":true}},\"title\":{\"edit\":{\"label\":\"title\",\"description\":\"\",\"placeholder\":\"\",\"visible\":true,\"editable\":true},\"list\":{\"label\":\"title\",\"searchable\":true,\"sortable\":true}},\"description\":{\"edit\":{\"label\":\"description\",\"description\":\"\",\"placeholder\":\"\",\"visible\":true,\"editable\":true},\"list\":{\"label\":\"description\",\"searchable\":true,\"sortable\":true}},\"primaryButton\":{\"edit\":{\"label\":\"primaryButton\",\"description\":\"\",\"placeholder\":\"\",\"visible\":true,\"editable\":true},\"list\":{\"label\":\"primaryButton\",\"searchable\":false,\"sortable\":false}},\"secondaryButton\":{\"edit\":{\"label\":\"secondaryButton\",\"description\":\"\",\"placeholder\":\"\",\"visible\":true,\"editable\":true},\"list\":{\"label\":\"secondaryButton\",\"searchable\":false,\"sortable\":false}}},\"layouts\":{\"list\":[\"id\",\"title\",\"description\",\"primaryButton\"],\"edit\":[[{\"name\":\"title\",\"size\":6},{\"name\":\"description\",\"size\":6}],[{\"name\":\"primaryButton\",\"size\":12}],[{\"name\":\"secondaryButton\",\"size\":12}],[{\"name\":\"positionIndex\",\"size\":4}]]},\"uid\":\"sections.cta-section\",\"isComponent\":true}', 'object', NULL, NULL),
(27, 'plugin_content_manager_configuration_components::sections.download-list-section', '{\"settings\":{\"bulkable\":true,\"filterable\":true,\"searchable\":true,\"pageSize\":10,\"mainField\":\"title\",\"defaultSortBy\":\"title\",\"defaultSortOrder\":\"ASC\"},\"metadatas\":{\"id\":{\"edit\":{},\"list\":{\"label\":\"id\",\"searchable\":false,\"sortable\":false}},\"title\":{\"edit\":{\"label\":\"title\",\"description\":\"\",\"placeholder\":\"\",\"visible\":true,\"editable\":true},\"list\":{\"label\":\"title\",\"searchable\":true,\"sortable\":true}},\"description\":{\"edit\":{\"label\":\"description\",\"description\":\"\",\"placeholder\":\"\",\"visible\":true,\"editable\":true},\"list\":{\"label\":\"description\",\"searchable\":true,\"sortable\":true}},\"documentCategory\":{\"edit\":{\"label\":\"documentCategory\",\"description\":\"\",\"placeholder\":\"\",\"visible\":true,\"editable\":true},\"list\":{\"label\":\"documentCategory\",\"searchable\":true,\"sortable\":true}},\"limit\":{\"edit\":{\"label\":\"limit\",\"description\":\"\",\"placeholder\":\"\",\"visible\":true,\"editable\":true},\"list\":{\"label\":\"limit\",\"searchable\":true,\"sortable\":true}}},\"layouts\":{\"list\":[\"id\",\"title\",\"description\",\"documentCategory\"],\"edit\":[[{\"name\":\"title\",\"size\":6},{\"name\":\"description\",\"size\":6}],[{\"name\":\"documentCategory\",\"size\":6},{\"name\":\"limit\",\"size\":4}]]},\"uid\":\"sections.download-list-section\",\"isComponent\":true}', 'object', NULL, NULL),
(28, 'plugin_content_manager_configuration_components::sections.news-list-section', '{\"settings\":{\"bulkable\":true,\"filterable\":true,\"searchable\":true,\"pageSize\":10,\"mainField\":\"title\",\"defaultSortBy\":\"title\",\"defaultSortOrder\":\"ASC\"},\"metadatas\":{\"id\":{\"edit\":{},\"list\":{\"label\":\"id\",\"searchable\":false,\"sortable\":false}},\"positionIndex\":{\"edit\":{\"label\":\"positionIndex\",\"description\":\"\",\"placeholder\":\"\",\"visible\":true,\"editable\":true},\"list\":{\"label\":\"positionIndex\",\"searchable\":true,\"sortable\":true}},\"title\":{\"edit\":{\"label\":\"title\",\"description\":\"\",\"placeholder\":\"\",\"visible\":true,\"editable\":true},\"list\":{\"label\":\"title\",\"searchable\":true,\"sortable\":true}},\"description\":{\"edit\":{\"label\":\"description\",\"description\":\"\",\"placeholder\":\"\",\"visible\":true,\"editable\":true},\"list\":{\"label\":\"description\",\"searchable\":true,\"sortable\":true}},\"limit\":{\"edit\":{\"label\":\"limit\",\"description\":\"\",\"placeholder\":\"\",\"visible\":true,\"editable\":true},\"list\":{\"label\":\"limit\",\"searchable\":true,\"sortable\":true}},\"featuredOnly\":{\"edit\":{\"label\":\"featuredOnly\",\"description\":\"\",\"placeholder\":\"\",\"visible\":true,\"editable\":true},\"list\":{\"label\":\"featuredOnly\",\"searchable\":true,\"sortable\":true}}},\"layouts\":{\"list\":[\"id\",\"title\",\"description\",\"limit\"],\"edit\":[[{\"name\":\"title\",\"size\":6},{\"name\":\"description\",\"size\":6}],[{\"name\":\"limit\",\"size\":4},{\"name\":\"featuredOnly\",\"size\":4},{\"name\":\"positionIndex\",\"size\":4}]]},\"uid\":\"sections.news-list-section\",\"isComponent\":true}', 'object', NULL, NULL),
(29, 'plugin_content_manager_configuration_components::sections.hero-block', '{\"settings\":{\"bulkable\":true,\"filterable\":true,\"searchable\":true,\"pageSize\":10,\"mainField\":\"kicker\",\"defaultSortBy\":\"kicker\",\"defaultSortOrder\":\"ASC\"},\"metadatas\":{\"id\":{\"edit\":{},\"list\":{\"label\":\"id\",\"searchable\":false,\"sortable\":false}},\"kicker\":{\"edit\":{\"label\":\"kicker\",\"description\":\"\",\"placeholder\":\"\",\"visible\":true,\"editable\":true},\"list\":{\"label\":\"kicker\",\"searchable\":true,\"sortable\":true}},\"title\":{\"edit\":{\"label\":\"title\",\"description\":\"\",\"placeholder\":\"\",\"visible\":true,\"editable\":true},\"list\":{\"label\":\"title\",\"searchable\":true,\"sortable\":true}},\"subtitle\":{\"edit\":{\"label\":\"subtitle\",\"description\":\"\",\"placeholder\":\"\",\"visible\":true,\"editable\":true},\"list\":{\"label\":\"subtitle\",\"searchable\":true,\"sortable\":true}},\"backgroundImage\":{\"edit\":{\"label\":\"backgroundImage\",\"description\":\"\",\"placeholder\":\"\",\"visible\":true,\"editable\":true},\"list\":{\"label\":\"backgroundImage\",\"searchable\":false,\"sortable\":false}},\"primaryButton\":{\"edit\":{\"label\":\"primaryButton\",\"description\":\"\",\"placeholder\":\"\",\"visible\":true,\"editable\":true},\"list\":{\"label\":\"primaryButton\",\"searchable\":false,\"sortable\":false}},\"secondaryButton\":{\"edit\":{\"label\":\"secondaryButton\",\"description\":\"\",\"placeholder\":\"\",\"visible\":true,\"editable\":true},\"list\":{\"label\":\"secondaryButton\",\"searchable\":false,\"sortable\":false}}},\"layouts\":{\"list\":[\"id\",\"kicker\",\"title\",\"subtitle\"],\"edit\":[[{\"name\":\"kicker\",\"size\":6},{\"name\":\"title\",\"size\":6}],[{\"name\":\"subtitle\",\"size\":6},{\"name\":\"backgroundImage\",\"size\":6}],[{\"name\":\"primaryButton\",\"size\":12}],[{\"name\":\"secondaryButton\",\"size\":12}]]},\"uid\":\"sections.hero-block\",\"isComponent\":true}', 'object', NULL, NULL),
(30, 'plugin_content_manager_configuration_content_types::admin::user', '{\"settings\":{\"bulkable\":true,\"filterable\":true,\"searchable\":true,\"pageSize\":10,\"mainField\":\"firstname\",\"defaultSortBy\":\"firstname\",\"defaultSortOrder\":\"ASC\"},\"metadatas\":{\"id\":{\"edit\":{},\"list\":{\"label\":\"id\",\"searchable\":true,\"sortable\":true}},\"firstname\":{\"edit\":{\"label\":\"firstname\",\"description\":\"\",\"placeholder\":\"\",\"visible\":true,\"editable\":true},\"list\":{\"label\":\"firstname\",\"searchable\":true,\"sortable\":true}},\"lastname\":{\"edit\":{\"label\":\"lastname\",\"description\":\"\",\"placeholder\":\"\",\"visible\":true,\"editable\":true},\"list\":{\"label\":\"lastname\",\"searchable\":true,\"sortable\":true}},\"username\":{\"edit\":{\"label\":\"username\",\"description\":\"\",\"placeholder\":\"\",\"visible\":true,\"editable\":true},\"list\":{\"label\":\"username\",\"searchable\":true,\"sortable\":true}},\"email\":{\"edit\":{\"label\":\"email\",\"description\":\"\",\"placeholder\":\"\",\"visible\":true,\"editable\":true},\"list\":{\"label\":\"email\",\"searchable\":true,\"sortable\":true}},\"password\":{\"edit\":{\"label\":\"password\",\"description\":\"\",\"placeholder\":\"\",\"visible\":true,\"editable\":true},\"list\":{\"label\":\"password\",\"searchable\":true,\"sortable\":true}},\"resetPasswordToken\":{\"edit\":{\"label\":\"resetPasswordToken\",\"description\":\"\",\"placeholder\":\"\",\"visible\":false,\"editable\":true},\"list\":{\"label\":\"resetPasswordToken\",\"searchable\":true,\"sortable\":true}},\"registrationToken\":{\"edit\":{\"label\":\"registrationToken\",\"description\":\"\",\"placeholder\":\"\",\"visible\":false,\"editable\":true},\"list\":{\"label\":\"registrationToken\",\"searchable\":true,\"sortable\":true}},\"isActive\":{\"edit\":{\"label\":\"isActive\",\"description\":\"\",\"placeholder\":\"\",\"visible\":true,\"editable\":true},\"list\":{\"label\":\"isActive\",\"searchable\":true,\"sortable\":true}},\"roles\":{\"edit\":{\"label\":\"roles\",\"description\":\"\",\"placeholder\":\"\",\"visible\":true,\"editable\":true,\"mainField\":\"name\"},\"list\":{\"label\":\"roles\",\"searchable\":false,\"sortable\":false}},\"blocked\":{\"edit\":{\"label\":\"blocked\",\"description\":\"\",\"placeholder\":\"\",\"visible\":true,\"editable\":true},\"list\":{\"label\":\"blocked\",\"searchable\":true,\"sortable\":true}},\"preferedLanguage\":{\"edit\":{\"label\":\"preferedLanguage\",\"description\":\"\",\"placeholder\":\"\",\"visible\":true,\"editable\":true},\"list\":{\"label\":\"preferedLanguage\",\"searchable\":true,\"sortable\":true}},\"createdAt\":{\"edit\":{\"label\":\"createdAt\",\"description\":\"\",\"placeholder\":\"\",\"visible\":false,\"editable\":true},\"list\":{\"label\":\"createdAt\",\"searchable\":true,\"sortable\":true}},\"updatedAt\":{\"edit\":{\"label\":\"updatedAt\",\"description\":\"\",\"placeholder\":\"\",\"visible\":false,\"editable\":true},\"list\":{\"label\":\"updatedAt\",\"searchable\":true,\"sortable\":true}},\"createdBy\":{\"edit\":{\"label\":\"createdBy\",\"description\":\"\",\"placeholder\":\"\",\"visible\":false,\"editable\":true,\"mainField\":\"firstname\"},\"list\":{\"label\":\"createdBy\",\"searchable\":true,\"sortable\":true}},\"updatedBy\":{\"edit\":{\"label\":\"updatedBy\",\"description\":\"\",\"placeholder\":\"\",\"visible\":false,\"editable\":true,\"mainField\":\"firstname\"},\"list\":{\"label\":\"updatedBy\",\"searchable\":true,\"sortable\":true}}},\"layouts\":{\"list\":[\"id\",\"firstname\",\"lastname\",\"username\"],\"edit\":[[{\"name\":\"firstname\",\"size\":6},{\"name\":\"lastname\",\"size\":6}],[{\"name\":\"username\",\"size\":6},{\"name\":\"email\",\"size\":6}],[{\"name\":\"password\",\"size\":6},{\"name\":\"isActive\",\"size\":4}],[{\"name\":\"roles\",\"size\":6},{\"name\":\"blocked\",\"size\":4}],[{\"name\":\"preferedLanguage\",\"size\":6}]]},\"uid\":\"admin::user\"}', 'object', NULL, NULL),
(31, 'plugin_content_manager_configuration_content_types::admin::api-token', '{\"settings\":{\"bulkable\":true,\"filterable\":true,\"searchable\":true,\"pageSize\":10,\"mainField\":\"name\",\"defaultSortBy\":\"name\",\"defaultSortOrder\":\"ASC\"},\"metadatas\":{\"id\":{\"edit\":{},\"list\":{\"label\":\"id\",\"searchable\":true,\"sortable\":true}},\"name\":{\"edit\":{\"label\":\"name\",\"description\":\"\",\"placeholder\":\"\",\"visible\":true,\"editable\":true},\"list\":{\"label\":\"name\",\"searchable\":true,\"sortable\":true}},\"description\":{\"edit\":{\"label\":\"description\",\"description\":\"\",\"placeholder\":\"\",\"visible\":true,\"editable\":true},\"list\":{\"label\":\"description\",\"searchable\":true,\"sortable\":true}},\"type\":{\"edit\":{\"label\":\"type\",\"description\":\"\",\"placeholder\":\"\",\"visible\":true,\"editable\":true},\"list\":{\"label\":\"type\",\"searchable\":true,\"sortable\":true}},\"accessKey\":{\"edit\":{\"label\":\"accessKey\",\"description\":\"\",\"placeholder\":\"\",\"visible\":true,\"editable\":true},\"list\":{\"label\":\"accessKey\",\"searchable\":true,\"sortable\":true}},\"lastUsedAt\":{\"edit\":{\"label\":\"lastUsedAt\",\"description\":\"\",\"placeholder\":\"\",\"visible\":true,\"editable\":true},\"list\":{\"label\":\"lastUsedAt\",\"searchable\":true,\"sortable\":true}},\"permissions\":{\"edit\":{\"label\":\"permissions\",\"description\":\"\",\"placeholder\":\"\",\"visible\":true,\"editable\":true,\"mainField\":\"action\"},\"list\":{\"label\":\"permissions\",\"searchable\":false,\"sortable\":false}},\"expiresAt\":{\"edit\":{\"label\":\"expiresAt\",\"description\":\"\",\"placeholder\":\"\",\"visible\":true,\"editable\":true},\"list\":{\"label\":\"expiresAt\",\"searchable\":true,\"sortable\":true}},\"lifespan\":{\"edit\":{\"label\":\"lifespan\",\"description\":\"\",\"placeholder\":\"\",\"visible\":true,\"editable\":true},\"list\":{\"label\":\"lifespan\",\"searchable\":true,\"sortable\":true}},\"createdAt\":{\"edit\":{\"label\":\"createdAt\",\"description\":\"\",\"placeholder\":\"\",\"visible\":false,\"editable\":true},\"list\":{\"label\":\"createdAt\",\"searchable\":true,\"sortable\":true}},\"updatedAt\":{\"edit\":{\"label\":\"updatedAt\",\"description\":\"\",\"placeholder\":\"\",\"visible\":false,\"editable\":true},\"list\":{\"label\":\"updatedAt\",\"searchable\":true,\"sortable\":true}},\"createdBy\":{\"edit\":{\"label\":\"createdBy\",\"description\":\"\",\"placeholder\":\"\",\"visible\":false,\"editable\":true,\"mainField\":\"firstname\"},\"list\":{\"label\":\"createdBy\",\"searchable\":true,\"sortable\":true}},\"updatedBy\":{\"edit\":{\"label\":\"updatedBy\",\"description\":\"\",\"placeholder\":\"\",\"visible\":false,\"editable\":true,\"mainField\":\"firstname\"},\"list\":{\"label\":\"updatedBy\",\"searchable\":true,\"sortable\":true}}},\"layouts\":{\"list\":[\"id\",\"name\",\"description\",\"type\"],\"edit\":[[{\"name\":\"name\",\"size\":6},{\"name\":\"description\",\"size\":6}],[{\"name\":\"type\",\"size\":6},{\"name\":\"accessKey\",\"size\":6}],[{\"name\":\"lastUsedAt\",\"size\":6},{\"name\":\"permissions\",\"size\":6}],[{\"name\":\"expiresAt\",\"size\":6},{\"name\":\"lifespan\",\"size\":4}]]},\"uid\":\"admin::api-token\"}', 'object', NULL, NULL);
INSERT INTO `strapi_core_store_settings` (`id`, `key`, `value`, `type`, `environment`, `tag`) VALUES
(32, 'plugin_content_manager_configuration_content_types::plugin::upload.file', '{\"settings\":{\"bulkable\":true,\"filterable\":true,\"searchable\":true,\"pageSize\":10,\"mainField\":\"name\",\"defaultSortBy\":\"name\",\"defaultSortOrder\":\"ASC\"},\"metadatas\":{\"id\":{\"edit\":{},\"list\":{\"label\":\"id\",\"searchable\":true,\"sortable\":true}},\"name\":{\"edit\":{\"label\":\"name\",\"description\":\"\",\"placeholder\":\"\",\"visible\":true,\"editable\":true},\"list\":{\"label\":\"name\",\"searchable\":true,\"sortable\":true}},\"alternativeText\":{\"edit\":{\"label\":\"alternativeText\",\"description\":\"\",\"placeholder\":\"\",\"visible\":true,\"editable\":true},\"list\":{\"label\":\"alternativeText\",\"searchable\":true,\"sortable\":true}},\"caption\":{\"edit\":{\"label\":\"caption\",\"description\":\"\",\"placeholder\":\"\",\"visible\":true,\"editable\":true},\"list\":{\"label\":\"caption\",\"searchable\":true,\"sortable\":true}},\"width\":{\"edit\":{\"label\":\"width\",\"description\":\"\",\"placeholder\":\"\",\"visible\":true,\"editable\":true},\"list\":{\"label\":\"width\",\"searchable\":true,\"sortable\":true}},\"height\":{\"edit\":{\"label\":\"height\",\"description\":\"\",\"placeholder\":\"\",\"visible\":true,\"editable\":true},\"list\":{\"label\":\"height\",\"searchable\":true,\"sortable\":true}},\"formats\":{\"edit\":{\"label\":\"formats\",\"description\":\"\",\"placeholder\":\"\",\"visible\":true,\"editable\":true},\"list\":{\"label\":\"formats\",\"searchable\":false,\"sortable\":false}},\"hash\":{\"edit\":{\"label\":\"hash\",\"description\":\"\",\"placeholder\":\"\",\"visible\":true,\"editable\":true},\"list\":{\"label\":\"hash\",\"searchable\":true,\"sortable\":true}},\"ext\":{\"edit\":{\"label\":\"ext\",\"description\":\"\",\"placeholder\":\"\",\"visible\":true,\"editable\":true},\"list\":{\"label\":\"ext\",\"searchable\":true,\"sortable\":true}},\"mime\":{\"edit\":{\"label\":\"mime\",\"description\":\"\",\"placeholder\":\"\",\"visible\":true,\"editable\":true},\"list\":{\"label\":\"mime\",\"searchable\":true,\"sortable\":true}},\"size\":{\"edit\":{\"label\":\"size\",\"description\":\"\",\"placeholder\":\"\",\"visible\":true,\"editable\":true},\"list\":{\"label\":\"size\",\"searchable\":true,\"sortable\":true}},\"url\":{\"edit\":{\"label\":\"url\",\"description\":\"\",\"placeholder\":\"\",\"visible\":true,\"editable\":true},\"list\":{\"label\":\"url\",\"searchable\":true,\"sortable\":true}},\"previewUrl\":{\"edit\":{\"label\":\"previewUrl\",\"description\":\"\",\"placeholder\":\"\",\"visible\":true,\"editable\":true},\"list\":{\"label\":\"previewUrl\",\"searchable\":true,\"sortable\":true}},\"provider\":{\"edit\":{\"label\":\"provider\",\"description\":\"\",\"placeholder\":\"\",\"visible\":true,\"editable\":true},\"list\":{\"label\":\"provider\",\"searchable\":true,\"sortable\":true}},\"provider_metadata\":{\"edit\":{\"label\":\"provider_metadata\",\"description\":\"\",\"placeholder\":\"\",\"visible\":true,\"editable\":true},\"list\":{\"label\":\"provider_metadata\",\"searchable\":false,\"sortable\":false}},\"folder\":{\"edit\":{\"label\":\"folder\",\"description\":\"\",\"placeholder\":\"\",\"visible\":true,\"editable\":true,\"mainField\":\"name\"},\"list\":{\"label\":\"folder\",\"searchable\":true,\"sortable\":true}},\"folderPath\":{\"edit\":{\"label\":\"folderPath\",\"description\":\"\",\"placeholder\":\"\",\"visible\":true,\"editable\":true},\"list\":{\"label\":\"folderPath\",\"searchable\":true,\"sortable\":true}},\"createdAt\":{\"edit\":{\"label\":\"createdAt\",\"description\":\"\",\"placeholder\":\"\",\"visible\":false,\"editable\":true},\"list\":{\"label\":\"createdAt\",\"searchable\":true,\"sortable\":true}},\"updatedAt\":{\"edit\":{\"label\":\"updatedAt\",\"description\":\"\",\"placeholder\":\"\",\"visible\":false,\"editable\":true},\"list\":{\"label\":\"updatedAt\",\"searchable\":true,\"sortable\":true}},\"createdBy\":{\"edit\":{\"label\":\"createdBy\",\"description\":\"\",\"placeholder\":\"\",\"visible\":false,\"editable\":true,\"mainField\":\"firstname\"},\"list\":{\"label\":\"createdBy\",\"searchable\":true,\"sortable\":true}},\"updatedBy\":{\"edit\":{\"label\":\"updatedBy\",\"description\":\"\",\"placeholder\":\"\",\"visible\":false,\"editable\":true,\"mainField\":\"firstname\"},\"list\":{\"label\":\"updatedBy\",\"searchable\":true,\"sortable\":true}}},\"layouts\":{\"list\":[\"id\",\"name\",\"alternativeText\",\"caption\"],\"edit\":[[{\"name\":\"name\",\"size\":6},{\"name\":\"alternativeText\",\"size\":6}],[{\"name\":\"caption\",\"size\":6},{\"name\":\"width\",\"size\":4}],[{\"name\":\"height\",\"size\":4}],[{\"name\":\"formats\",\"size\":12}],[{\"name\":\"hash\",\"size\":6},{\"name\":\"ext\",\"size\":6}],[{\"name\":\"mime\",\"size\":6},{\"name\":\"size\",\"size\":4}],[{\"name\":\"url\",\"size\":6},{\"name\":\"previewUrl\",\"size\":6}],[{\"name\":\"provider\",\"size\":6}],[{\"name\":\"provider_metadata\",\"size\":12}],[{\"name\":\"folder\",\"size\":6},{\"name\":\"folderPath\",\"size\":6}]]},\"uid\":\"plugin::upload.file\"}', 'object', NULL, NULL),
(33, 'plugin_content_manager_configuration_content_types::plugin::content-releases.release', '{\"settings\":{\"bulkable\":true,\"filterable\":true,\"searchable\":true,\"pageSize\":10,\"mainField\":\"name\",\"defaultSortBy\":\"name\",\"defaultSortOrder\":\"ASC\"},\"metadatas\":{\"id\":{\"edit\":{},\"list\":{\"label\":\"id\",\"searchable\":true,\"sortable\":true}},\"name\":{\"edit\":{\"label\":\"name\",\"description\":\"\",\"placeholder\":\"\",\"visible\":true,\"editable\":true},\"list\":{\"label\":\"name\",\"searchable\":true,\"sortable\":true}},\"releasedAt\":{\"edit\":{\"label\":\"releasedAt\",\"description\":\"\",\"placeholder\":\"\",\"visible\":true,\"editable\":true},\"list\":{\"label\":\"releasedAt\",\"searchable\":true,\"sortable\":true}},\"scheduledAt\":{\"edit\":{\"label\":\"scheduledAt\",\"description\":\"\",\"placeholder\":\"\",\"visible\":true,\"editable\":true},\"list\":{\"label\":\"scheduledAt\",\"searchable\":true,\"sortable\":true}},\"timezone\":{\"edit\":{\"label\":\"timezone\",\"description\":\"\",\"placeholder\":\"\",\"visible\":true,\"editable\":true},\"list\":{\"label\":\"timezone\",\"searchable\":true,\"sortable\":true}},\"status\":{\"edit\":{\"label\":\"status\",\"description\":\"\",\"placeholder\":\"\",\"visible\":true,\"editable\":true},\"list\":{\"label\":\"status\",\"searchable\":true,\"sortable\":true}},\"actions\":{\"edit\":{\"label\":\"actions\",\"description\":\"\",\"placeholder\":\"\",\"visible\":true,\"editable\":true,\"mainField\":\"contentType\"},\"list\":{\"label\":\"actions\",\"searchable\":false,\"sortable\":false}},\"createdAt\":{\"edit\":{\"label\":\"createdAt\",\"description\":\"\",\"placeholder\":\"\",\"visible\":false,\"editable\":true},\"list\":{\"label\":\"createdAt\",\"searchable\":true,\"sortable\":true}},\"updatedAt\":{\"edit\":{\"label\":\"updatedAt\",\"description\":\"\",\"placeholder\":\"\",\"visible\":false,\"editable\":true},\"list\":{\"label\":\"updatedAt\",\"searchable\":true,\"sortable\":true}},\"createdBy\":{\"edit\":{\"label\":\"createdBy\",\"description\":\"\",\"placeholder\":\"\",\"visible\":false,\"editable\":true,\"mainField\":\"firstname\"},\"list\":{\"label\":\"createdBy\",\"searchable\":true,\"sortable\":true}},\"updatedBy\":{\"edit\":{\"label\":\"updatedBy\",\"description\":\"\",\"placeholder\":\"\",\"visible\":false,\"editable\":true,\"mainField\":\"firstname\"},\"list\":{\"label\":\"updatedBy\",\"searchable\":true,\"sortable\":true}}},\"layouts\":{\"list\":[\"id\",\"name\",\"releasedAt\",\"scheduledAt\"],\"edit\":[[{\"name\":\"name\",\"size\":6},{\"name\":\"releasedAt\",\"size\":6}],[{\"name\":\"scheduledAt\",\"size\":6},{\"name\":\"timezone\",\"size\":6}],[{\"name\":\"status\",\"size\":6},{\"name\":\"actions\",\"size\":6}]]},\"uid\":\"plugin::content-releases.release\"}', 'object', NULL, NULL),
(34, 'plugin_content_manager_configuration_content_types::admin::role', '{\"settings\":{\"bulkable\":true,\"filterable\":true,\"searchable\":true,\"pageSize\":10,\"mainField\":\"name\",\"defaultSortBy\":\"name\",\"defaultSortOrder\":\"ASC\"},\"metadatas\":{\"id\":{\"edit\":{},\"list\":{\"label\":\"id\",\"searchable\":true,\"sortable\":true}},\"name\":{\"edit\":{\"label\":\"name\",\"description\":\"\",\"placeholder\":\"\",\"visible\":true,\"editable\":true},\"list\":{\"label\":\"name\",\"searchable\":true,\"sortable\":true}},\"code\":{\"edit\":{\"label\":\"code\",\"description\":\"\",\"placeholder\":\"\",\"visible\":true,\"editable\":true},\"list\":{\"label\":\"code\",\"searchable\":true,\"sortable\":true}},\"description\":{\"edit\":{\"label\":\"description\",\"description\":\"\",\"placeholder\":\"\",\"visible\":true,\"editable\":true},\"list\":{\"label\":\"description\",\"searchable\":true,\"sortable\":true}},\"users\":{\"edit\":{\"label\":\"users\",\"description\":\"\",\"placeholder\":\"\",\"visible\":true,\"editable\":true,\"mainField\":\"firstname\"},\"list\":{\"label\":\"users\",\"searchable\":false,\"sortable\":false}},\"permissions\":{\"edit\":{\"label\":\"permissions\",\"description\":\"\",\"placeholder\":\"\",\"visible\":true,\"editable\":true,\"mainField\":\"action\"},\"list\":{\"label\":\"permissions\",\"searchable\":false,\"sortable\":false}},\"createdAt\":{\"edit\":{\"label\":\"createdAt\",\"description\":\"\",\"placeholder\":\"\",\"visible\":false,\"editable\":true},\"list\":{\"label\":\"createdAt\",\"searchable\":true,\"sortable\":true}},\"updatedAt\":{\"edit\":{\"label\":\"updatedAt\",\"description\":\"\",\"placeholder\":\"\",\"visible\":false,\"editable\":true},\"list\":{\"label\":\"updatedAt\",\"searchable\":true,\"sortable\":true}},\"createdBy\":{\"edit\":{\"label\":\"createdBy\",\"description\":\"\",\"placeholder\":\"\",\"visible\":false,\"editable\":true,\"mainField\":\"firstname\"},\"list\":{\"label\":\"createdBy\",\"searchable\":true,\"sortable\":true}},\"updatedBy\":{\"edit\":{\"label\":\"updatedBy\",\"description\":\"\",\"placeholder\":\"\",\"visible\":false,\"editable\":true,\"mainField\":\"firstname\"},\"list\":{\"label\":\"updatedBy\",\"searchable\":true,\"sortable\":true}}},\"layouts\":{\"list\":[\"id\",\"name\",\"code\",\"description\"],\"edit\":[[{\"name\":\"name\",\"size\":6},{\"name\":\"code\",\"size\":6}],[{\"name\":\"description\",\"size\":6},{\"name\":\"users\",\"size\":6}],[{\"name\":\"permissions\",\"size\":6}]]},\"uid\":\"admin::role\"}', 'object', NULL, NULL),
(35, 'plugin_content_manager_configuration_content_types::plugin::upload.folder', '{\"settings\":{\"bulkable\":true,\"filterable\":true,\"searchable\":true,\"pageSize\":10,\"mainField\":\"name\",\"defaultSortBy\":\"name\",\"defaultSortOrder\":\"ASC\"},\"metadatas\":{\"id\":{\"edit\":{},\"list\":{\"label\":\"id\",\"searchable\":true,\"sortable\":true}},\"name\":{\"edit\":{\"label\":\"name\",\"description\":\"\",\"placeholder\":\"\",\"visible\":true,\"editable\":true},\"list\":{\"label\":\"name\",\"searchable\":true,\"sortable\":true}},\"pathId\":{\"edit\":{\"label\":\"pathId\",\"description\":\"\",\"placeholder\":\"\",\"visible\":true,\"editable\":true},\"list\":{\"label\":\"pathId\",\"searchable\":true,\"sortable\":true}},\"parent\":{\"edit\":{\"label\":\"parent\",\"description\":\"\",\"placeholder\":\"\",\"visible\":true,\"editable\":true,\"mainField\":\"name\"},\"list\":{\"label\":\"parent\",\"searchable\":true,\"sortable\":true}},\"children\":{\"edit\":{\"label\":\"children\",\"description\":\"\",\"placeholder\":\"\",\"visible\":true,\"editable\":true,\"mainField\":\"name\"},\"list\":{\"label\":\"children\",\"searchable\":false,\"sortable\":false}},\"files\":{\"edit\":{\"label\":\"files\",\"description\":\"\",\"placeholder\":\"\",\"visible\":true,\"editable\":true,\"mainField\":\"name\"},\"list\":{\"label\":\"files\",\"searchable\":false,\"sortable\":false}},\"path\":{\"edit\":{\"label\":\"path\",\"description\":\"\",\"placeholder\":\"\",\"visible\":true,\"editable\":true},\"list\":{\"label\":\"path\",\"searchable\":true,\"sortable\":true}},\"createdAt\":{\"edit\":{\"label\":\"createdAt\",\"description\":\"\",\"placeholder\":\"\",\"visible\":false,\"editable\":true},\"list\":{\"label\":\"createdAt\",\"searchable\":true,\"sortable\":true}},\"updatedAt\":{\"edit\":{\"label\":\"updatedAt\",\"description\":\"\",\"placeholder\":\"\",\"visible\":false,\"editable\":true},\"list\":{\"label\":\"updatedAt\",\"searchable\":true,\"sortable\":true}},\"createdBy\":{\"edit\":{\"label\":\"createdBy\",\"description\":\"\",\"placeholder\":\"\",\"visible\":false,\"editable\":true,\"mainField\":\"firstname\"},\"list\":{\"label\":\"createdBy\",\"searchable\":true,\"sortable\":true}},\"updatedBy\":{\"edit\":{\"label\":\"updatedBy\",\"description\":\"\",\"placeholder\":\"\",\"visible\":false,\"editable\":true,\"mainField\":\"firstname\"},\"list\":{\"label\":\"updatedBy\",\"searchable\":true,\"sortable\":true}}},\"layouts\":{\"list\":[\"id\",\"name\",\"pathId\",\"parent\"],\"edit\":[[{\"name\":\"name\",\"size\":6},{\"name\":\"pathId\",\"size\":4}],[{\"name\":\"parent\",\"size\":6},{\"name\":\"children\",\"size\":6}],[{\"name\":\"files\",\"size\":6},{\"name\":\"path\",\"size\":6}]]},\"uid\":\"plugin::upload.folder\"}', 'object', NULL, NULL),
(36, 'plugin_content_manager_configuration_content_types::admin::permission', '{\"settings\":{\"bulkable\":true,\"filterable\":true,\"searchable\":true,\"pageSize\":10,\"mainField\":\"action\",\"defaultSortBy\":\"action\",\"defaultSortOrder\":\"ASC\"},\"metadatas\":{\"id\":{\"edit\":{},\"list\":{\"label\":\"id\",\"searchable\":true,\"sortable\":true}},\"action\":{\"edit\":{\"label\":\"action\",\"description\":\"\",\"placeholder\":\"\",\"visible\":true,\"editable\":true},\"list\":{\"label\":\"action\",\"searchable\":true,\"sortable\":true}},\"actionParameters\":{\"edit\":{\"label\":\"actionParameters\",\"description\":\"\",\"placeholder\":\"\",\"visible\":true,\"editable\":true},\"list\":{\"label\":\"actionParameters\",\"searchable\":false,\"sortable\":false}},\"subject\":{\"edit\":{\"label\":\"subject\",\"description\":\"\",\"placeholder\":\"\",\"visible\":true,\"editable\":true},\"list\":{\"label\":\"subject\",\"searchable\":true,\"sortable\":true}},\"properties\":{\"edit\":{\"label\":\"properties\",\"description\":\"\",\"placeholder\":\"\",\"visible\":true,\"editable\":true},\"list\":{\"label\":\"properties\",\"searchable\":false,\"sortable\":false}},\"conditions\":{\"edit\":{\"label\":\"conditions\",\"description\":\"\",\"placeholder\":\"\",\"visible\":true,\"editable\":true},\"list\":{\"label\":\"conditions\",\"searchable\":false,\"sortable\":false}},\"role\":{\"edit\":{\"label\":\"role\",\"description\":\"\",\"placeholder\":\"\",\"visible\":true,\"editable\":true,\"mainField\":\"name\"},\"list\":{\"label\":\"role\",\"searchable\":true,\"sortable\":true}},\"createdAt\":{\"edit\":{\"label\":\"createdAt\",\"description\":\"\",\"placeholder\":\"\",\"visible\":false,\"editable\":true},\"list\":{\"label\":\"createdAt\",\"searchable\":true,\"sortable\":true}},\"updatedAt\":{\"edit\":{\"label\":\"updatedAt\",\"description\":\"\",\"placeholder\":\"\",\"visible\":false,\"editable\":true},\"list\":{\"label\":\"updatedAt\",\"searchable\":true,\"sortable\":true}},\"createdBy\":{\"edit\":{\"label\":\"createdBy\",\"description\":\"\",\"placeholder\":\"\",\"visible\":false,\"editable\":true,\"mainField\":\"firstname\"},\"list\":{\"label\":\"createdBy\",\"searchable\":true,\"sortable\":true}},\"updatedBy\":{\"edit\":{\"label\":\"updatedBy\",\"description\":\"\",\"placeholder\":\"\",\"visible\":false,\"editable\":true,\"mainField\":\"firstname\"},\"list\":{\"label\":\"updatedBy\",\"searchable\":true,\"sortable\":true}}},\"layouts\":{\"list\":[\"id\",\"action\",\"subject\",\"role\"],\"edit\":[[{\"name\":\"action\",\"size\":6}],[{\"name\":\"actionParameters\",\"size\":12}],[{\"name\":\"subject\",\"size\":6}],[{\"name\":\"properties\",\"size\":12}],[{\"name\":\"conditions\",\"size\":12}],[{\"name\":\"role\",\"size\":6}]]},\"uid\":\"admin::permission\"}', 'object', NULL, NULL),
(37, 'plugin_content_manager_configuration_content_types::admin::api-token-permission', '{\"settings\":{\"bulkable\":true,\"filterable\":true,\"searchable\":true,\"pageSize\":10,\"mainField\":\"action\",\"defaultSortBy\":\"action\",\"defaultSortOrder\":\"ASC\"},\"metadatas\":{\"id\":{\"edit\":{},\"list\":{\"label\":\"id\",\"searchable\":true,\"sortable\":true}},\"action\":{\"edit\":{\"label\":\"action\",\"description\":\"\",\"placeholder\":\"\",\"visible\":true,\"editable\":true},\"list\":{\"label\":\"action\",\"searchable\":true,\"sortable\":true}},\"token\":{\"edit\":{\"label\":\"token\",\"description\":\"\",\"placeholder\":\"\",\"visible\":true,\"editable\":true,\"mainField\":\"name\"},\"list\":{\"label\":\"token\",\"searchable\":true,\"sortable\":true}},\"createdAt\":{\"edit\":{\"label\":\"createdAt\",\"description\":\"\",\"placeholder\":\"\",\"visible\":false,\"editable\":true},\"list\":{\"label\":\"createdAt\",\"searchable\":true,\"sortable\":true}},\"updatedAt\":{\"edit\":{\"label\":\"updatedAt\",\"description\":\"\",\"placeholder\":\"\",\"visible\":false,\"editable\":true},\"list\":{\"label\":\"updatedAt\",\"searchable\":true,\"sortable\":true}},\"createdBy\":{\"edit\":{\"label\":\"createdBy\",\"description\":\"\",\"placeholder\":\"\",\"visible\":false,\"editable\":true,\"mainField\":\"firstname\"},\"list\":{\"label\":\"createdBy\",\"searchable\":true,\"sortable\":true}},\"updatedBy\":{\"edit\":{\"label\":\"updatedBy\",\"description\":\"\",\"placeholder\":\"\",\"visible\":false,\"editable\":true,\"mainField\":\"firstname\"},\"list\":{\"label\":\"updatedBy\",\"searchable\":true,\"sortable\":true}}},\"layouts\":{\"list\":[\"id\",\"action\",\"token\",\"createdAt\"],\"edit\":[[{\"name\":\"action\",\"size\":6},{\"name\":\"token\",\"size\":6}]]},\"uid\":\"admin::api-token-permission\"}', 'object', NULL, NULL),
(38, 'plugin_content_manager_configuration_content_types::admin::transfer-token-permission', '{\"settings\":{\"bulkable\":true,\"filterable\":true,\"searchable\":true,\"pageSize\":10,\"mainField\":\"action\",\"defaultSortBy\":\"action\",\"defaultSortOrder\":\"ASC\"},\"metadatas\":{\"id\":{\"edit\":{},\"list\":{\"label\":\"id\",\"searchable\":true,\"sortable\":true}},\"action\":{\"edit\":{\"label\":\"action\",\"description\":\"\",\"placeholder\":\"\",\"visible\":true,\"editable\":true},\"list\":{\"label\":\"action\",\"searchable\":true,\"sortable\":true}},\"token\":{\"edit\":{\"label\":\"token\",\"description\":\"\",\"placeholder\":\"\",\"visible\":true,\"editable\":true,\"mainField\":\"name\"},\"list\":{\"label\":\"token\",\"searchable\":true,\"sortable\":true}},\"createdAt\":{\"edit\":{\"label\":\"createdAt\",\"description\":\"\",\"placeholder\":\"\",\"visible\":false,\"editable\":true},\"list\":{\"label\":\"createdAt\",\"searchable\":true,\"sortable\":true}},\"updatedAt\":{\"edit\":{\"label\":\"updatedAt\",\"description\":\"\",\"placeholder\":\"\",\"visible\":false,\"editable\":true},\"list\":{\"label\":\"updatedAt\",\"searchable\":true,\"sortable\":true}},\"createdBy\":{\"edit\":{\"label\":\"createdBy\",\"description\":\"\",\"placeholder\":\"\",\"visible\":false,\"editable\":true,\"mainField\":\"firstname\"},\"list\":{\"label\":\"createdBy\",\"searchable\":true,\"sortable\":true}},\"updatedBy\":{\"edit\":{\"label\":\"updatedBy\",\"description\":\"\",\"placeholder\":\"\",\"visible\":false,\"editable\":true,\"mainField\":\"firstname\"},\"list\":{\"label\":\"updatedBy\",\"searchable\":true,\"sortable\":true}}},\"layouts\":{\"list\":[\"id\",\"action\",\"token\",\"createdAt\"],\"edit\":[[{\"name\":\"action\",\"size\":6},{\"name\":\"token\",\"size\":6}]]},\"uid\":\"admin::transfer-token-permission\"}', 'object', NULL, NULL),
(39, 'plugin_content_manager_configuration_content_types::plugin::content-releases.release-action', '{\"settings\":{\"bulkable\":true,\"filterable\":true,\"searchable\":true,\"pageSize\":10,\"mainField\":\"contentType\",\"defaultSortBy\":\"contentType\",\"defaultSortOrder\":\"ASC\"},\"metadatas\":{\"id\":{\"edit\":{},\"list\":{\"label\":\"id\",\"searchable\":true,\"sortable\":true}},\"type\":{\"edit\":{\"label\":\"type\",\"description\":\"\",\"placeholder\":\"\",\"visible\":true,\"editable\":true},\"list\":{\"label\":\"type\",\"searchable\":true,\"sortable\":true}},\"contentType\":{\"edit\":{\"label\":\"contentType\",\"description\":\"\",\"placeholder\":\"\",\"visible\":true,\"editable\":true},\"list\":{\"label\":\"contentType\",\"searchable\":true,\"sortable\":true}},\"locale\":{\"edit\":{\"label\":\"locale\",\"description\":\"\",\"placeholder\":\"\",\"visible\":true,\"editable\":true},\"list\":{\"label\":\"locale\",\"searchable\":true,\"sortable\":true}},\"release\":{\"edit\":{\"label\":\"release\",\"description\":\"\",\"placeholder\":\"\",\"visible\":true,\"editable\":true,\"mainField\":\"name\"},\"list\":{\"label\":\"release\",\"searchable\":true,\"sortable\":true}},\"isEntryValid\":{\"edit\":{\"label\":\"isEntryValid\",\"description\":\"\",\"placeholder\":\"\",\"visible\":true,\"editable\":true},\"list\":{\"label\":\"isEntryValid\",\"searchable\":true,\"sortable\":true}},\"createdAt\":{\"edit\":{\"label\":\"createdAt\",\"description\":\"\",\"placeholder\":\"\",\"visible\":false,\"editable\":true},\"list\":{\"label\":\"createdAt\",\"searchable\":true,\"sortable\":true}},\"updatedAt\":{\"edit\":{\"label\":\"updatedAt\",\"description\":\"\",\"placeholder\":\"\",\"visible\":false,\"editable\":true},\"list\":{\"label\":\"updatedAt\",\"searchable\":true,\"sortable\":true}},\"createdBy\":{\"edit\":{\"label\":\"createdBy\",\"description\":\"\",\"placeholder\":\"\",\"visible\":false,\"editable\":true,\"mainField\":\"firstname\"},\"list\":{\"label\":\"createdBy\",\"searchable\":true,\"sortable\":true}},\"updatedBy\":{\"edit\":{\"label\":\"updatedBy\",\"description\":\"\",\"placeholder\":\"\",\"visible\":false,\"editable\":true,\"mainField\":\"firstname\"},\"list\":{\"label\":\"updatedBy\",\"searchable\":true,\"sortable\":true}}},\"layouts\":{\"list\":[\"id\",\"type\",\"contentType\",\"locale\"],\"edit\":[[{\"name\":\"type\",\"size\":6},{\"name\":\"contentType\",\"size\":6}],[{\"name\":\"locale\",\"size\":6},{\"name\":\"release\",\"size\":6}],[{\"name\":\"isEntryValid\",\"size\":4}]]},\"uid\":\"plugin::content-releases.release-action\"}', 'object', NULL, NULL),
(40, 'plugin_content_manager_configuration_content_types::plugin::i18n.locale', '{\"settings\":{\"bulkable\":true,\"filterable\":true,\"searchable\":true,\"pageSize\":10,\"mainField\":\"name\",\"defaultSortBy\":\"name\",\"defaultSortOrder\":\"ASC\"},\"metadatas\":{\"id\":{\"edit\":{},\"list\":{\"label\":\"id\",\"searchable\":true,\"sortable\":true}},\"name\":{\"edit\":{\"label\":\"name\",\"description\":\"\",\"placeholder\":\"\",\"visible\":true,\"editable\":true},\"list\":{\"label\":\"name\",\"searchable\":true,\"sortable\":true}},\"code\":{\"edit\":{\"label\":\"code\",\"description\":\"\",\"placeholder\":\"\",\"visible\":true,\"editable\":true},\"list\":{\"label\":\"code\",\"searchable\":true,\"sortable\":true}},\"createdAt\":{\"edit\":{\"label\":\"createdAt\",\"description\":\"\",\"placeholder\":\"\",\"visible\":false,\"editable\":true},\"list\":{\"label\":\"createdAt\",\"searchable\":true,\"sortable\":true}},\"updatedAt\":{\"edit\":{\"label\":\"updatedAt\",\"description\":\"\",\"placeholder\":\"\",\"visible\":false,\"editable\":true},\"list\":{\"label\":\"updatedAt\",\"searchable\":true,\"sortable\":true}},\"createdBy\":{\"edit\":{\"label\":\"createdBy\",\"description\":\"\",\"placeholder\":\"\",\"visible\":false,\"editable\":true,\"mainField\":\"firstname\"},\"list\":{\"label\":\"createdBy\",\"searchable\":true,\"sortable\":true}},\"updatedBy\":{\"edit\":{\"label\":\"updatedBy\",\"description\":\"\",\"placeholder\":\"\",\"visible\":false,\"editable\":true,\"mainField\":\"firstname\"},\"list\":{\"label\":\"updatedBy\",\"searchable\":true,\"sortable\":true}}},\"layouts\":{\"list\":[\"id\",\"name\",\"code\",\"createdAt\"],\"edit\":[[{\"name\":\"name\",\"size\":6},{\"name\":\"code\",\"size\":6}]]},\"uid\":\"plugin::i18n.locale\"}', 'object', NULL, NULL),
(41, 'plugin_content_manager_configuration_content_types::plugin::users-permissions.permission', '{\"settings\":{\"bulkable\":true,\"filterable\":true,\"searchable\":true,\"pageSize\":10,\"mainField\":\"action\",\"defaultSortBy\":\"action\",\"defaultSortOrder\":\"ASC\"},\"metadatas\":{\"id\":{\"edit\":{},\"list\":{\"label\":\"id\",\"searchable\":true,\"sortable\":true}},\"action\":{\"edit\":{\"label\":\"action\",\"description\":\"\",\"placeholder\":\"\",\"visible\":true,\"editable\":true},\"list\":{\"label\":\"action\",\"searchable\":true,\"sortable\":true}},\"role\":{\"edit\":{\"label\":\"role\",\"description\":\"\",\"placeholder\":\"\",\"visible\":true,\"editable\":true,\"mainField\":\"name\"},\"list\":{\"label\":\"role\",\"searchable\":true,\"sortable\":true}},\"createdAt\":{\"edit\":{\"label\":\"createdAt\",\"description\":\"\",\"placeholder\":\"\",\"visible\":false,\"editable\":true},\"list\":{\"label\":\"createdAt\",\"searchable\":true,\"sortable\":true}},\"updatedAt\":{\"edit\":{\"label\":\"updatedAt\",\"description\":\"\",\"placeholder\":\"\",\"visible\":false,\"editable\":true},\"list\":{\"label\":\"updatedAt\",\"searchable\":true,\"sortable\":true}},\"createdBy\":{\"edit\":{\"label\":\"createdBy\",\"description\":\"\",\"placeholder\":\"\",\"visible\":false,\"editable\":true,\"mainField\":\"firstname\"},\"list\":{\"label\":\"createdBy\",\"searchable\":true,\"sortable\":true}},\"updatedBy\":{\"edit\":{\"label\":\"updatedBy\",\"description\":\"\",\"placeholder\":\"\",\"visible\":false,\"editable\":true,\"mainField\":\"firstname\"},\"list\":{\"label\":\"updatedBy\",\"searchable\":true,\"sortable\":true}}},\"layouts\":{\"list\":[\"id\",\"action\",\"role\",\"createdAt\"],\"edit\":[[{\"name\":\"action\",\"size\":6},{\"name\":\"role\",\"size\":6}]]},\"uid\":\"plugin::users-permissions.permission\"}', 'object', NULL, NULL),
(42, 'plugin_content_manager_configuration_content_types::plugin::users-permissions.role', '{\"settings\":{\"bulkable\":true,\"filterable\":true,\"searchable\":true,\"pageSize\":10,\"mainField\":\"name\",\"defaultSortBy\":\"name\",\"defaultSortOrder\":\"ASC\"},\"metadatas\":{\"id\":{\"edit\":{},\"list\":{\"label\":\"id\",\"searchable\":true,\"sortable\":true}},\"name\":{\"edit\":{\"label\":\"name\",\"description\":\"\",\"placeholder\":\"\",\"visible\":true,\"editable\":true},\"list\":{\"label\":\"name\",\"searchable\":true,\"sortable\":true}},\"description\":{\"edit\":{\"label\":\"description\",\"description\":\"\",\"placeholder\":\"\",\"visible\":true,\"editable\":true},\"list\":{\"label\":\"description\",\"searchable\":true,\"sortable\":true}},\"type\":{\"edit\":{\"label\":\"type\",\"description\":\"\",\"placeholder\":\"\",\"visible\":true,\"editable\":true},\"list\":{\"label\":\"type\",\"searchable\":true,\"sortable\":true}},\"permissions\":{\"edit\":{\"label\":\"permissions\",\"description\":\"\",\"placeholder\":\"\",\"visible\":true,\"editable\":true,\"mainField\":\"action\"},\"list\":{\"label\":\"permissions\",\"searchable\":false,\"sortable\":false}},\"users\":{\"edit\":{\"label\":\"users\",\"description\":\"\",\"placeholder\":\"\",\"visible\":true,\"editable\":true,\"mainField\":\"username\"},\"list\":{\"label\":\"users\",\"searchable\":false,\"sortable\":false}},\"createdAt\":{\"edit\":{\"label\":\"createdAt\",\"description\":\"\",\"placeholder\":\"\",\"visible\":false,\"editable\":true},\"list\":{\"label\":\"createdAt\",\"searchable\":true,\"sortable\":true}},\"updatedAt\":{\"edit\":{\"label\":\"updatedAt\",\"description\":\"\",\"placeholder\":\"\",\"visible\":false,\"editable\":true},\"list\":{\"label\":\"updatedAt\",\"searchable\":true,\"sortable\":true}},\"createdBy\":{\"edit\":{\"label\":\"createdBy\",\"description\":\"\",\"placeholder\":\"\",\"visible\":false,\"editable\":true,\"mainField\":\"firstname\"},\"list\":{\"label\":\"createdBy\",\"searchable\":true,\"sortable\":true}},\"updatedBy\":{\"edit\":{\"label\":\"updatedBy\",\"description\":\"\",\"placeholder\":\"\",\"visible\":false,\"editable\":true,\"mainField\":\"firstname\"},\"list\":{\"label\":\"updatedBy\",\"searchable\":true,\"sortable\":true}}},\"layouts\":{\"list\":[\"id\",\"name\",\"description\",\"type\"],\"edit\":[[{\"name\":\"name\",\"size\":6},{\"name\":\"description\",\"size\":6}],[{\"name\":\"type\",\"size\":6},{\"name\":\"permissions\",\"size\":6}],[{\"name\":\"users\",\"size\":6}]]},\"uid\":\"plugin::users-permissions.role\"}', 'object', NULL, NULL),
(43, 'plugin_content_manager_configuration_content_types::plugin::users-permissions.user', '{\"settings\":{\"bulkable\":true,\"filterable\":true,\"searchable\":true,\"pageSize\":10,\"mainField\":\"username\",\"defaultSortBy\":\"username\",\"defaultSortOrder\":\"ASC\"},\"metadatas\":{\"id\":{\"edit\":{},\"list\":{\"label\":\"id\",\"searchable\":true,\"sortable\":true}},\"username\":{\"edit\":{\"label\":\"username\",\"description\":\"\",\"placeholder\":\"\",\"visible\":true,\"editable\":true},\"list\":{\"label\":\"username\",\"searchable\":true,\"sortable\":true}},\"email\":{\"edit\":{\"label\":\"email\",\"description\":\"\",\"placeholder\":\"\",\"visible\":true,\"editable\":true},\"list\":{\"label\":\"email\",\"searchable\":true,\"sortable\":true}},\"provider\":{\"edit\":{\"label\":\"provider\",\"description\":\"\",\"placeholder\":\"\",\"visible\":false,\"editable\":true},\"list\":{\"label\":\"provider\",\"searchable\":true,\"sortable\":true}},\"password\":{\"edit\":{\"label\":\"password\",\"description\":\"\",\"placeholder\":\"\",\"visible\":true,\"editable\":true},\"list\":{\"label\":\"password\",\"searchable\":true,\"sortable\":true}},\"resetPasswordToken\":{\"edit\":{\"label\":\"resetPasswordToken\",\"description\":\"\",\"placeholder\":\"\",\"visible\":false,\"editable\":true},\"list\":{\"label\":\"resetPasswordToken\",\"searchable\":true,\"sortable\":true}},\"confirmationToken\":{\"edit\":{\"label\":\"confirmationToken\",\"description\":\"\",\"placeholder\":\"\",\"visible\":false,\"editable\":true},\"list\":{\"label\":\"confirmationToken\",\"searchable\":true,\"sortable\":true}},\"confirmed\":{\"edit\":{\"label\":\"confirmed\",\"description\":\"\",\"placeholder\":\"\",\"visible\":true,\"editable\":true},\"list\":{\"label\":\"confirmed\",\"searchable\":true,\"sortable\":true}},\"blocked\":{\"edit\":{\"label\":\"blocked\",\"description\":\"\",\"placeholder\":\"\",\"visible\":true,\"editable\":true},\"list\":{\"label\":\"blocked\",\"searchable\":true,\"sortable\":true}},\"role\":{\"edit\":{\"label\":\"role\",\"description\":\"\",\"placeholder\":\"\",\"visible\":true,\"editable\":true,\"mainField\":\"name\"},\"list\":{\"label\":\"role\",\"searchable\":true,\"sortable\":true}},\"createdAt\":{\"edit\":{\"label\":\"createdAt\",\"description\":\"\",\"placeholder\":\"\",\"visible\":false,\"editable\":true},\"list\":{\"label\":\"createdAt\",\"searchable\":true,\"sortable\":true}},\"updatedAt\":{\"edit\":{\"label\":\"updatedAt\",\"description\":\"\",\"placeholder\":\"\",\"visible\":false,\"editable\":true},\"list\":{\"label\":\"updatedAt\",\"searchable\":true,\"sortable\":true}},\"createdBy\":{\"edit\":{\"label\":\"createdBy\",\"description\":\"\",\"placeholder\":\"\",\"visible\":false,\"editable\":true,\"mainField\":\"firstname\"},\"list\":{\"label\":\"createdBy\",\"searchable\":true,\"sortable\":true}},\"updatedBy\":{\"edit\":{\"label\":\"updatedBy\",\"description\":\"\",\"placeholder\":\"\",\"visible\":false,\"editable\":true,\"mainField\":\"firstname\"},\"list\":{\"label\":\"updatedBy\",\"searchable\":true,\"sortable\":true}}},\"layouts\":{\"list\":[\"id\",\"username\",\"email\",\"confirmed\"],\"edit\":[[{\"name\":\"username\",\"size\":6},{\"name\":\"email\",\"size\":6}],[{\"name\":\"password\",\"size\":6},{\"name\":\"confirmed\",\"size\":4}],[{\"name\":\"blocked\",\"size\":4},{\"name\":\"role\",\"size\":6}]]},\"uid\":\"plugin::users-permissions.user\"}', 'object', NULL, NULL),
(44, 'plugin_content_manager_configuration_content_types::api::announcement.announcement', '{\"settings\":{\"bulkable\":true,\"filterable\":true,\"searchable\":true,\"pageSize\":10,\"mainField\":\"title\",\"defaultSortBy\":\"title\",\"defaultSortOrder\":\"ASC\"},\"metadatas\":{\"id\":{\"edit\":{},\"list\":{\"label\":\"id\",\"searchable\":true,\"sortable\":true}},\"title\":{\"edit\":{\"label\":\"title\",\"description\":\"\",\"placeholder\":\"\",\"visible\":true,\"editable\":true},\"list\":{\"label\":\"title\",\"searchable\":true,\"sortable\":true}},\"slug\":{\"edit\":{\"label\":\"slug\",\"description\":\"\",\"placeholder\":\"\",\"visible\":true,\"editable\":true},\"list\":{\"label\":\"slug\",\"searchable\":true,\"sortable\":true}},\"summary\":{\"edit\":{\"label\":\"summary\",\"description\":\"\",\"placeholder\":\"\",\"visible\":true,\"editable\":true},\"list\":{\"label\":\"summary\",\"searchable\":true,\"sortable\":true}},\"content\":{\"edit\":{\"label\":\"content\",\"description\":\"\",\"placeholder\":\"\",\"visible\":true,\"editable\":true},\"list\":{\"label\":\"content\",\"searchable\":false,\"sortable\":false}},\"publishDate\":{\"edit\":{\"label\":\"publishDate\",\"description\":\"\",\"placeholder\":\"\",\"visible\":true,\"editable\":true},\"list\":{\"label\":\"publishDate\",\"searchable\":true,\"sortable\":true}},\"priority\":{\"edit\":{\"label\":\"priority\",\"description\":\"\",\"placeholder\":\"\",\"visible\":true,\"editable\":true},\"list\":{\"label\":\"priority\",\"searchable\":true,\"sortable\":true}},\"featured\":{\"edit\":{\"label\":\"featured\",\"description\":\"\",\"placeholder\":\"\",\"visible\":true,\"editable\":true},\"list\":{\"label\":\"featured\",\"searchable\":true,\"sortable\":true}},\"seo\":{\"edit\":{\"label\":\"seo\",\"description\":\"\",\"placeholder\":\"\",\"visible\":true,\"editable\":true},\"list\":{\"label\":\"seo\",\"searchable\":false,\"sortable\":false}},\"createdAt\":{\"edit\":{\"label\":\"createdAt\",\"description\":\"\",\"placeholder\":\"\",\"visible\":false,\"editable\":true},\"list\":{\"label\":\"createdAt\",\"searchable\":true,\"sortable\":true}},\"updatedAt\":{\"edit\":{\"label\":\"updatedAt\",\"description\":\"\",\"placeholder\":\"\",\"visible\":false,\"editable\":true},\"list\":{\"label\":\"updatedAt\",\"searchable\":true,\"sortable\":true}},\"createdBy\":{\"edit\":{\"label\":\"createdBy\",\"description\":\"\",\"placeholder\":\"\",\"visible\":false,\"editable\":true,\"mainField\":\"firstname\"},\"list\":{\"label\":\"createdBy\",\"searchable\":true,\"sortable\":true}},\"updatedBy\":{\"edit\":{\"label\":\"updatedBy\",\"description\":\"\",\"placeholder\":\"\",\"visible\":false,\"editable\":true,\"mainField\":\"firstname\"},\"list\":{\"label\":\"updatedBy\",\"searchable\":true,\"sortable\":true}}},\"layouts\":{\"list\":[\"id\",\"title\",\"slug\",\"summary\"],\"edit\":[[{\"name\":\"title\",\"size\":6},{\"name\":\"slug\",\"size\":6}],[{\"name\":\"summary\",\"size\":6}],[{\"name\":\"content\",\"size\":12}],[{\"name\":\"publishDate\",\"size\":6},{\"name\":\"priority\",\"size\":6}],[{\"name\":\"featured\",\"size\":4}],[{\"name\":\"seo\",\"size\":12}]]},\"uid\":\"api::announcement.announcement\"}', 'object', NULL, NULL),
(45, 'plugin_content_manager_configuration_content_types::admin::transfer-token', '{\"settings\":{\"bulkable\":true,\"filterable\":true,\"searchable\":true,\"pageSize\":10,\"mainField\":\"name\",\"defaultSortBy\":\"name\",\"defaultSortOrder\":\"ASC\"},\"metadatas\":{\"id\":{\"edit\":{},\"list\":{\"label\":\"id\",\"searchable\":true,\"sortable\":true}},\"name\":{\"edit\":{\"label\":\"name\",\"description\":\"\",\"placeholder\":\"\",\"visible\":true,\"editable\":true},\"list\":{\"label\":\"name\",\"searchable\":true,\"sortable\":true}},\"description\":{\"edit\":{\"label\":\"description\",\"description\":\"\",\"placeholder\":\"\",\"visible\":true,\"editable\":true},\"list\":{\"label\":\"description\",\"searchable\":true,\"sortable\":true}},\"accessKey\":{\"edit\":{\"label\":\"accessKey\",\"description\":\"\",\"placeholder\":\"\",\"visible\":true,\"editable\":true},\"list\":{\"label\":\"accessKey\",\"searchable\":true,\"sortable\":true}},\"lastUsedAt\":{\"edit\":{\"label\":\"lastUsedAt\",\"description\":\"\",\"placeholder\":\"\",\"visible\":true,\"editable\":true},\"list\":{\"label\":\"lastUsedAt\",\"searchable\":true,\"sortable\":true}},\"permissions\":{\"edit\":{\"label\":\"permissions\",\"description\":\"\",\"placeholder\":\"\",\"visible\":true,\"editable\":true,\"mainField\":\"action\"},\"list\":{\"label\":\"permissions\",\"searchable\":false,\"sortable\":false}},\"expiresAt\":{\"edit\":{\"label\":\"expiresAt\",\"description\":\"\",\"placeholder\":\"\",\"visible\":true,\"editable\":true},\"list\":{\"label\":\"expiresAt\",\"searchable\":true,\"sortable\":true}},\"lifespan\":{\"edit\":{\"label\":\"lifespan\",\"description\":\"\",\"placeholder\":\"\",\"visible\":true,\"editable\":true},\"list\":{\"label\":\"lifespan\",\"searchable\":true,\"sortable\":true}},\"createdAt\":{\"edit\":{\"label\":\"createdAt\",\"description\":\"\",\"placeholder\":\"\",\"visible\":false,\"editable\":true},\"list\":{\"label\":\"createdAt\",\"searchable\":true,\"sortable\":true}},\"updatedAt\":{\"edit\":{\"label\":\"updatedAt\",\"description\":\"\",\"placeholder\":\"\",\"visible\":false,\"editable\":true},\"list\":{\"label\":\"updatedAt\",\"searchable\":true,\"sortable\":true}},\"createdBy\":{\"edit\":{\"label\":\"createdBy\",\"description\":\"\",\"placeholder\":\"\",\"visible\":false,\"editable\":true,\"mainField\":\"firstname\"},\"list\":{\"label\":\"createdBy\",\"searchable\":true,\"sortable\":true}},\"updatedBy\":{\"edit\":{\"label\":\"updatedBy\",\"description\":\"\",\"placeholder\":\"\",\"visible\":false,\"editable\":true,\"mainField\":\"firstname\"},\"list\":{\"label\":\"updatedBy\",\"searchable\":true,\"sortable\":true}}},\"layouts\":{\"list\":[\"id\",\"name\",\"description\",\"accessKey\"],\"edit\":[[{\"name\":\"name\",\"size\":6},{\"name\":\"description\",\"size\":6}],[{\"name\":\"accessKey\",\"size\":6},{\"name\":\"lastUsedAt\",\"size\":6}],[{\"name\":\"permissions\",\"size\":6},{\"name\":\"expiresAt\",\"size\":6}],[{\"name\":\"lifespan\",\"size\":4}]]},\"uid\":\"admin::transfer-token\"}', 'object', NULL, NULL),
(46, 'plugin_content_manager_configuration_content_types::api::banner.banner', '{\"settings\":{\"bulkable\":true,\"filterable\":true,\"searchable\":true,\"pageSize\":10,\"mainField\":\"title\",\"defaultSortBy\":\"title\",\"defaultSortOrder\":\"ASC\"},\"metadatas\":{\"id\":{\"edit\":{},\"list\":{\"label\":\"id\",\"searchable\":true,\"sortable\":true}},\"title\":{\"edit\":{\"label\":\"title\",\"description\":\"\",\"placeholder\":\"\",\"visible\":true,\"editable\":true},\"list\":{\"label\":\"title\",\"searchable\":true,\"sortable\":true}},\"slug\":{\"edit\":{\"label\":\"slug\",\"description\":\"\",\"placeholder\":\"\",\"visible\":true,\"editable\":true},\"list\":{\"label\":\"slug\",\"searchable\":true,\"sortable\":true}},\"summary\":{\"edit\":{\"label\":\"summary\",\"description\":\"\",\"placeholder\":\"\",\"visible\":true,\"editable\":true},\"list\":{\"label\":\"summary\",\"searchable\":true,\"sortable\":true}},\"image\":{\"edit\":{\"label\":\"image\",\"description\":\"\",\"placeholder\":\"\",\"visible\":true,\"editable\":true},\"list\":{\"label\":\"image\",\"searchable\":false,\"sortable\":false}},\"mobileImage\":{\"edit\":{\"label\":\"mobileImage\",\"description\":\"\",\"placeholder\":\"\",\"visible\":true,\"editable\":true},\"list\":{\"label\":\"mobileImage\",\"searchable\":false,\"sortable\":false}},\"placement\":{\"edit\":{\"label\":\"placement\",\"description\":\"\",\"placeholder\":\"\",\"visible\":true,\"editable\":true,\"mainField\":\"title\"},\"list\":{\"label\":\"placement\",\"searchable\":true,\"sortable\":true}},\"priority\":{\"edit\":{\"label\":\"priority\",\"description\":\"\",\"placeholder\":\"\",\"visible\":true,\"editable\":true},\"list\":{\"label\":\"priority\",\"searchable\":true,\"sortable\":true}},\"active\":{\"edit\":{\"label\":\"active\",\"description\":\"\",\"placeholder\":\"\",\"visible\":true,\"editable\":true},\"list\":{\"label\":\"active\",\"searchable\":true,\"sortable\":true}},\"button\":{\"edit\":{\"label\":\"button\",\"description\":\"\",\"placeholder\":\"\",\"visible\":true,\"editable\":true},\"list\":{\"label\":\"button\",\"searchable\":false,\"sortable\":false}},\"createdAt\":{\"edit\":{\"label\":\"createdAt\",\"description\":\"\",\"placeholder\":\"\",\"visible\":false,\"editable\":true},\"list\":{\"label\":\"createdAt\",\"searchable\":true,\"sortable\":true}},\"updatedAt\":{\"edit\":{\"label\":\"updatedAt\",\"description\":\"\",\"placeholder\":\"\",\"visible\":false,\"editable\":true},\"list\":{\"label\":\"updatedAt\",\"searchable\":true,\"sortable\":true}},\"createdBy\":{\"edit\":{\"label\":\"createdBy\",\"description\":\"\",\"placeholder\":\"\",\"visible\":false,\"editable\":true,\"mainField\":\"firstname\"},\"list\":{\"label\":\"createdBy\",\"searchable\":true,\"sortable\":true}},\"updatedBy\":{\"edit\":{\"label\":\"updatedBy\",\"description\":\"\",\"placeholder\":\"\",\"visible\":false,\"editable\":true,\"mainField\":\"firstname\"},\"list\":{\"label\":\"updatedBy\",\"searchable\":true,\"sortable\":true}}},\"layouts\":{\"list\":[\"id\",\"title\",\"slug\",\"summary\"],\"edit\":[[{\"name\":\"title\",\"size\":6},{\"name\":\"slug\",\"size\":6}],[{\"name\":\"summary\",\"size\":6},{\"name\":\"image\",\"size\":6}],[{\"name\":\"mobileImage\",\"size\":6},{\"name\":\"placement\",\"size\":6}],[{\"name\":\"priority\",\"size\":4},{\"name\":\"active\",\"size\":4}],[{\"name\":\"button\",\"size\":12}]]},\"uid\":\"api::banner.banner\"}', 'object', NULL, NULL),
(47, 'plugin_content_manager_configuration_content_types::api::career-job.career-job', '{\"settings\":{\"bulkable\":true,\"filterable\":true,\"searchable\":true,\"pageSize\":10,\"mainField\":\"title\",\"defaultSortBy\":\"title\",\"defaultSortOrder\":\"ASC\"},\"metadatas\":{\"id\":{\"edit\":{},\"list\":{\"label\":\"id\",\"searchable\":true,\"sortable\":true}},\"title\":{\"edit\":{\"label\":\"title\",\"description\":\"\",\"placeholder\":\"\",\"visible\":true,\"editable\":true},\"list\":{\"label\":\"title\",\"searchable\":true,\"sortable\":true}},\"slug\":{\"edit\":{\"label\":\"slug\",\"description\":\"\",\"placeholder\":\"\",\"visible\":true,\"editable\":true},\"list\":{\"label\":\"slug\",\"searchable\":true,\"sortable\":true}},\"summary\":{\"edit\":{\"label\":\"summary\",\"description\":\"\",\"placeholder\":\"\",\"visible\":true,\"editable\":true},\"list\":{\"label\":\"summary\",\"searchable\":true,\"sortable\":true}},\"description\":{\"edit\":{\"label\":\"description\",\"description\":\"\",\"placeholder\":\"\",\"visible\":true,\"editable\":true},\"list\":{\"label\":\"description\",\"searchable\":false,\"sortable\":false}},\"department\":{\"edit\":{\"label\":\"department\",\"description\":\"\",\"placeholder\":\"\",\"visible\":true,\"editable\":true},\"list\":{\"label\":\"department\",\"searchable\":true,\"sortable\":true}},\"location\":{\"edit\":{\"label\":\"location\",\"description\":\"\",\"placeholder\":\"\",\"visible\":true,\"editable\":true},\"list\":{\"label\":\"location\",\"searchable\":true,\"sortable\":true}},\"employmentType\":{\"edit\":{\"label\":\"employmentType\",\"description\":\"\",\"placeholder\":\"\",\"visible\":true,\"editable\":true,\"mainField\":\"title\"},\"list\":{\"label\":\"employmentType\",\"searchable\":true,\"sortable\":true}},\"salaryRange\":{\"edit\":{\"label\":\"salaryRange\",\"description\":\"\",\"placeholder\":\"\",\"visible\":true,\"editable\":true},\"list\":{\"label\":\"salaryRange\",\"searchable\":true,\"sortable\":true}},\"publishDate\":{\"edit\":{\"label\":\"publishDate\",\"description\":\"\",\"placeholder\":\"\",\"visible\":true,\"editable\":true},\"list\":{\"label\":\"publishDate\",\"searchable\":true,\"sortable\":true}},\"applicationDeadline\":{\"edit\":{\"label\":\"applicationDeadline\",\"description\":\"\",\"placeholder\":\"\",\"visible\":true,\"editable\":true},\"list\":{\"label\":\"applicationDeadline\",\"searchable\":true,\"sortable\":true}},\"featured\":{\"edit\":{\"label\":\"featured\",\"description\":\"\",\"placeholder\":\"\",\"visible\":true,\"editable\":true},\"list\":{\"label\":\"featured\",\"searchable\":true,\"sortable\":true}},\"status\":{\"edit\":{\"label\":\"status\",\"description\":\"\",\"placeholder\":\"\",\"visible\":true,\"editable\":true},\"list\":{\"label\":\"status\",\"searchable\":true,\"sortable\":true}},\"applyUrl\":{\"edit\":{\"label\":\"applyUrl\",\"description\":\"\",\"placeholder\":\"\",\"visible\":true,\"editable\":true},\"list\":{\"label\":\"applyUrl\",\"searchable\":true,\"sortable\":true}},\"seo\":{\"edit\":{\"label\":\"seo\",\"description\":\"\",\"placeholder\":\"\",\"visible\":true,\"editable\":true},\"list\":{\"label\":\"seo\",\"searchable\":false,\"sortable\":false}},\"createdAt\":{\"edit\":{\"label\":\"createdAt\",\"description\":\"\",\"placeholder\":\"\",\"visible\":false,\"editable\":true},\"list\":{\"label\":\"createdAt\",\"searchable\":true,\"sortable\":true}},\"updatedAt\":{\"edit\":{\"label\":\"updatedAt\",\"description\":\"\",\"placeholder\":\"\",\"visible\":false,\"editable\":true},\"list\":{\"label\":\"updatedAt\",\"searchable\":true,\"sortable\":true}},\"createdBy\":{\"edit\":{\"label\":\"createdBy\",\"description\":\"\",\"placeholder\":\"\",\"visible\":false,\"editable\":true,\"mainField\":\"firstname\"},\"list\":{\"label\":\"createdBy\",\"searchable\":true,\"sortable\":true}},\"updatedBy\":{\"edit\":{\"label\":\"updatedBy\",\"description\":\"\",\"placeholder\":\"\",\"visible\":false,\"editable\":true,\"mainField\":\"firstname\"},\"list\":{\"label\":\"updatedBy\",\"searchable\":true,\"sortable\":true}}},\"layouts\":{\"list\":[\"id\",\"title\",\"slug\",\"summary\"],\"edit\":[[{\"name\":\"title\",\"size\":6},{\"name\":\"slug\",\"size\":6}],[{\"name\":\"summary\",\"size\":6}],[{\"name\":\"description\",\"size\":12}],[{\"name\":\"department\",\"size\":6},{\"name\":\"location\",\"size\":6}],[{\"name\":\"employmentType\",\"size\":6},{\"name\":\"salaryRange\",\"size\":6}],[{\"name\":\"publishDate\",\"size\":6},{\"name\":\"applicationDeadline\",\"size\":4}],[{\"name\":\"featured\",\"size\":4},{\"name\":\"status\",\"size\":6}],[{\"name\":\"applyUrl\",\"size\":6}],[{\"name\":\"seo\",\"size\":12}]]},\"uid\":\"api::career-job.career-job\"}', 'object', NULL, NULL),
(48, 'plugin_content_manager_configuration_content_types::api::downloadable-document.downloadable-document', '{\"settings\":{\"bulkable\":true,\"filterable\":true,\"searchable\":true,\"pageSize\":10,\"mainField\":\"title\",\"defaultSortBy\":\"title\",\"defaultSortOrder\":\"ASC\"},\"metadatas\":{\"id\":{\"edit\":{},\"list\":{\"label\":\"id\",\"searchable\":true,\"sortable\":true}},\"title\":{\"edit\":{\"label\":\"title\",\"description\":\"\",\"placeholder\":\"\",\"visible\":true,\"editable\":true},\"list\":{\"label\":\"title\",\"searchable\":true,\"sortable\":true}},\"slug\":{\"edit\":{\"label\":\"slug\",\"description\":\"\",\"placeholder\":\"\",\"visible\":true,\"editable\":true},\"list\":{\"label\":\"slug\",\"searchable\":true,\"sortable\":true}},\"summary\":{\"edit\":{\"label\":\"summary\",\"description\":\"\",\"placeholder\":\"\",\"visible\":true,\"editable\":true},\"list\":{\"label\":\"summary\",\"searchable\":true,\"sortable\":true}},\"document\":{\"edit\":{\"label\":\"document\",\"description\":\"\",\"placeholder\":\"\",\"visible\":true,\"editable\":true},\"list\":{\"label\":\"document\",\"searchable\":false,\"sortable\":false}},\"thumbnail\":{\"edit\":{\"label\":\"thumbnail\",\"description\":\"\",\"placeholder\":\"\",\"visible\":true,\"editable\":true},\"list\":{\"label\":\"thumbnail\",\"searchable\":false,\"sortable\":false}},\"documentCategory\":{\"edit\":{\"label\":\"documentCategory\",\"description\":\"\",\"placeholder\":\"\",\"visible\":true,\"editable\":true,\"mainField\":\"title\"},\"list\":{\"label\":\"documentCategory\",\"searchable\":true,\"sortable\":true}},\"publishDate\":{\"edit\":{\"label\":\"publishDate\",\"description\":\"\",\"placeholder\":\"\",\"visible\":true,\"editable\":true},\"list\":{\"label\":\"publishDate\",\"searchable\":true,\"sortable\":true}},\"featured\":{\"edit\":{\"label\":\"featured\",\"description\":\"\",\"placeholder\":\"\",\"visible\":true,\"editable\":true},\"list\":{\"label\":\"featured\",\"searchable\":true,\"sortable\":true}},\"createdAt\":{\"edit\":{\"label\":\"createdAt\",\"description\":\"\",\"placeholder\":\"\",\"visible\":false,\"editable\":true},\"list\":{\"label\":\"createdAt\",\"searchable\":true,\"sortable\":true}},\"updatedAt\":{\"edit\":{\"label\":\"updatedAt\",\"description\":\"\",\"placeholder\":\"\",\"visible\":false,\"editable\":true},\"list\":{\"label\":\"updatedAt\",\"searchable\":true,\"sortable\":true}},\"createdBy\":{\"edit\":{\"label\":\"createdBy\",\"description\":\"\",\"placeholder\":\"\",\"visible\":false,\"editable\":true,\"mainField\":\"firstname\"},\"list\":{\"label\":\"createdBy\",\"searchable\":true,\"sortable\":true}},\"updatedBy\":{\"edit\":{\"label\":\"updatedBy\",\"description\":\"\",\"placeholder\":\"\",\"visible\":false,\"editable\":true,\"mainField\":\"firstname\"},\"list\":{\"label\":\"updatedBy\",\"searchable\":true,\"sortable\":true}}},\"layouts\":{\"list\":[\"id\",\"title\",\"slug\",\"summary\"],\"edit\":[[{\"name\":\"title\",\"size\":6},{\"name\":\"slug\",\"size\":6}],[{\"name\":\"summary\",\"size\":6},{\"name\":\"document\",\"size\":6}],[{\"name\":\"thumbnail\",\"size\":6},{\"name\":\"documentCategory\",\"size\":6}],[{\"name\":\"publishDate\",\"size\":6},{\"name\":\"featured\",\"size\":4}]]},\"uid\":\"api::downloadable-document.downloadable-document\"}', 'object', NULL, NULL);
INSERT INTO `strapi_core_store_settings` (`id`, `key`, `value`, `type`, `environment`, `tag`) VALUES
(49, 'plugin_content_manager_configuration_content_types::api::event.event', '{\"settings\":{\"bulkable\":true,\"filterable\":true,\"searchable\":true,\"pageSize\":10,\"mainField\":\"title\",\"defaultSortBy\":\"title\",\"defaultSortOrder\":\"ASC\"},\"metadatas\":{\"id\":{\"edit\":{},\"list\":{\"label\":\"id\",\"searchable\":true,\"sortable\":true}},\"title\":{\"edit\":{\"label\":\"title\",\"description\":\"\",\"placeholder\":\"\",\"visible\":true,\"editable\":true},\"list\":{\"label\":\"title\",\"searchable\":true,\"sortable\":true}},\"slug\":{\"edit\":{\"label\":\"slug\",\"description\":\"\",\"placeholder\":\"\",\"visible\":true,\"editable\":true},\"list\":{\"label\":\"slug\",\"searchable\":true,\"sortable\":true}},\"summary\":{\"edit\":{\"label\":\"summary\",\"description\":\"\",\"placeholder\":\"\",\"visible\":true,\"editable\":true},\"list\":{\"label\":\"summary\",\"searchable\":true,\"sortable\":true}},\"content\":{\"edit\":{\"label\":\"content\",\"description\":\"\",\"placeholder\":\"\",\"visible\":true,\"editable\":true},\"list\":{\"label\":\"content\",\"searchable\":false,\"sortable\":false}},\"coverImage\":{\"edit\":{\"label\":\"coverImage\",\"description\":\"\",\"placeholder\":\"\",\"visible\":true,\"editable\":true},\"list\":{\"label\":\"coverImage\",\"searchable\":false,\"sortable\":false}},\"publishDate\":{\"edit\":{\"label\":\"publishDate\",\"description\":\"\",\"placeholder\":\"\",\"visible\":true,\"editable\":true},\"list\":{\"label\":\"publishDate\",\"searchable\":true,\"sortable\":true}},\"startDate\":{\"edit\":{\"label\":\"startDate\",\"description\":\"\",\"placeholder\":\"\",\"visible\":true,\"editable\":true},\"list\":{\"label\":\"startDate\",\"searchable\":true,\"sortable\":true}},\"endDate\":{\"edit\":{\"label\":\"endDate\",\"description\":\"\",\"placeholder\":\"\",\"visible\":true,\"editable\":true},\"list\":{\"label\":\"endDate\",\"searchable\":true,\"sortable\":true}},\"location\":{\"edit\":{\"label\":\"location\",\"description\":\"\",\"placeholder\":\"\",\"visible\":true,\"editable\":true},\"list\":{\"label\":\"location\",\"searchable\":true,\"sortable\":true}},\"isOnline\":{\"edit\":{\"label\":\"isOnline\",\"description\":\"\",\"placeholder\":\"\",\"visible\":true,\"editable\":true},\"list\":{\"label\":\"isOnline\",\"searchable\":true,\"sortable\":true}},\"registrationUrl\":{\"edit\":{\"label\":\"registrationUrl\",\"description\":\"\",\"placeholder\":\"\",\"visible\":true,\"editable\":true},\"list\":{\"label\":\"registrationUrl\",\"searchable\":true,\"sortable\":true}},\"featured\":{\"edit\":{\"label\":\"featured\",\"description\":\"\",\"placeholder\":\"\",\"visible\":true,\"editable\":true},\"list\":{\"label\":\"featured\",\"searchable\":true,\"sortable\":true}},\"status\":{\"edit\":{\"label\":\"status\",\"description\":\"\",\"placeholder\":\"\",\"visible\":true,\"editable\":true},\"list\":{\"label\":\"status\",\"searchable\":true,\"sortable\":true}},\"category\":{\"edit\":{\"label\":\"category\",\"description\":\"\",\"placeholder\":\"\",\"visible\":true,\"editable\":true,\"mainField\":\"title\"},\"list\":{\"label\":\"category\",\"searchable\":true,\"sortable\":true}},\"tags\":{\"edit\":{\"label\":\"tags\",\"description\":\"\",\"placeholder\":\"\",\"visible\":true,\"editable\":true,\"mainField\":\"name\"},\"list\":{\"label\":\"tags\",\"searchable\":false,\"sortable\":false}},\"seo\":{\"edit\":{\"label\":\"seo\",\"description\":\"\",\"placeholder\":\"\",\"visible\":true,\"editable\":true},\"list\":{\"label\":\"seo\",\"searchable\":false,\"sortable\":false}},\"createdAt\":{\"edit\":{\"label\":\"createdAt\",\"description\":\"\",\"placeholder\":\"\",\"visible\":false,\"editable\":true},\"list\":{\"label\":\"createdAt\",\"searchable\":true,\"sortable\":true}},\"updatedAt\":{\"edit\":{\"label\":\"updatedAt\",\"description\":\"\",\"placeholder\":\"\",\"visible\":false,\"editable\":true},\"list\":{\"label\":\"updatedAt\",\"searchable\":true,\"sortable\":true}},\"createdBy\":{\"edit\":{\"label\":\"createdBy\",\"description\":\"\",\"placeholder\":\"\",\"visible\":false,\"editable\":true,\"mainField\":\"firstname\"},\"list\":{\"label\":\"createdBy\",\"searchable\":true,\"sortable\":true}},\"updatedBy\":{\"edit\":{\"label\":\"updatedBy\",\"description\":\"\",\"placeholder\":\"\",\"visible\":false,\"editable\":true,\"mainField\":\"firstname\"},\"list\":{\"label\":\"updatedBy\",\"searchable\":true,\"sortable\":true}}},\"layouts\":{\"list\":[\"id\",\"title\",\"slug\",\"summary\"],\"edit\":[[{\"name\":\"title\",\"size\":6},{\"name\":\"slug\",\"size\":6}],[{\"name\":\"summary\",\"size\":6}],[{\"name\":\"content\",\"size\":12}],[{\"name\":\"coverImage\",\"size\":6},{\"name\":\"publishDate\",\"size\":6}],[{\"name\":\"startDate\",\"size\":6},{\"name\":\"endDate\",\"size\":6}],[{\"name\":\"location\",\"size\":6},{\"name\":\"isOnline\",\"size\":4}],[{\"name\":\"registrationUrl\",\"size\":6},{\"name\":\"featured\",\"size\":4}],[{\"name\":\"status\",\"size\":6},{\"name\":\"category\",\"size\":6}],[{\"name\":\"tags\",\"size\":6}],[{\"name\":\"seo\",\"size\":12}]]},\"uid\":\"api::event.event\"}', 'object', NULL, NULL),
(50, 'plugin_content_manager_configuration_content_types::api::event-category.event-category', '{\"settings\":{\"bulkable\":true,\"filterable\":true,\"searchable\":true,\"pageSize\":10,\"mainField\":\"title\",\"defaultSortBy\":\"title\",\"defaultSortOrder\":\"ASC\"},\"metadatas\":{\"id\":{\"edit\":{},\"list\":{\"label\":\"id\",\"searchable\":true,\"sortable\":true}},\"title\":{\"edit\":{\"label\":\"title\",\"description\":\"\",\"placeholder\":\"\",\"visible\":true,\"editable\":true},\"list\":{\"label\":\"title\",\"searchable\":true,\"sortable\":true}},\"slug\":{\"edit\":{\"label\":\"slug\",\"description\":\"\",\"placeholder\":\"\",\"visible\":true,\"editable\":true},\"list\":{\"label\":\"slug\",\"searchable\":true,\"sortable\":true}},\"summary\":{\"edit\":{\"label\":\"summary\",\"description\":\"\",\"placeholder\":\"\",\"visible\":true,\"editable\":true},\"list\":{\"label\":\"summary\",\"searchable\":true,\"sortable\":true}},\"events\":{\"edit\":{\"label\":\"events\",\"description\":\"\",\"placeholder\":\"\",\"visible\":true,\"editable\":true,\"mainField\":\"title\"},\"list\":{\"label\":\"events\",\"searchable\":false,\"sortable\":false}},\"createdAt\":{\"edit\":{\"label\":\"createdAt\",\"description\":\"\",\"placeholder\":\"\",\"visible\":false,\"editable\":true},\"list\":{\"label\":\"createdAt\",\"searchable\":true,\"sortable\":true}},\"updatedAt\":{\"edit\":{\"label\":\"updatedAt\",\"description\":\"\",\"placeholder\":\"\",\"visible\":false,\"editable\":true},\"list\":{\"label\":\"updatedAt\",\"searchable\":true,\"sortable\":true}},\"createdBy\":{\"edit\":{\"label\":\"createdBy\",\"description\":\"\",\"placeholder\":\"\",\"visible\":false,\"editable\":true,\"mainField\":\"firstname\"},\"list\":{\"label\":\"createdBy\",\"searchable\":true,\"sortable\":true}},\"updatedBy\":{\"edit\":{\"label\":\"updatedBy\",\"description\":\"\",\"placeholder\":\"\",\"visible\":false,\"editable\":true,\"mainField\":\"firstname\"},\"list\":{\"label\":\"updatedBy\",\"searchable\":true,\"sortable\":true}}},\"layouts\":{\"list\":[\"id\",\"title\",\"slug\",\"summary\"],\"edit\":[[{\"name\":\"title\",\"size\":6},{\"name\":\"slug\",\"size\":6}],[{\"name\":\"summary\",\"size\":6},{\"name\":\"events\",\"size\":6}]]},\"uid\":\"api::event-category.event-category\"}', 'object', NULL, NULL),
(51, 'plugin_content_manager_configuration_content_types::api::faq-category.faq-category', '{\"settings\":{\"bulkable\":true,\"filterable\":true,\"searchable\":true,\"pageSize\":10,\"mainField\":\"title\",\"defaultSortBy\":\"title\",\"defaultSortOrder\":\"ASC\"},\"metadatas\":{\"id\":{\"edit\":{},\"list\":{\"label\":\"id\",\"searchable\":true,\"sortable\":true}},\"title\":{\"edit\":{\"label\":\"title\",\"description\":\"\",\"placeholder\":\"\",\"visible\":true,\"editable\":true},\"list\":{\"label\":\"title\",\"searchable\":true,\"sortable\":true}},\"slug\":{\"edit\":{\"label\":\"slug\",\"description\":\"\",\"placeholder\":\"\",\"visible\":true,\"editable\":true},\"list\":{\"label\":\"slug\",\"searchable\":true,\"sortable\":true}},\"summary\":{\"edit\":{\"label\":\"summary\",\"description\":\"\",\"placeholder\":\"\",\"visible\":true,\"editable\":true},\"list\":{\"label\":\"summary\",\"searchable\":true,\"sortable\":true}},\"sortOrder\":{\"edit\":{\"label\":\"sortOrder\",\"description\":\"\",\"placeholder\":\"\",\"visible\":true,\"editable\":true},\"list\":{\"label\":\"sortOrder\",\"searchable\":true,\"sortable\":true}},\"items\":{\"edit\":{\"label\":\"items\",\"description\":\"\",\"placeholder\":\"\",\"visible\":true,\"editable\":true,\"mainField\":\"question\"},\"list\":{\"label\":\"items\",\"searchable\":false,\"sortable\":false}},\"createdAt\":{\"edit\":{\"label\":\"createdAt\",\"description\":\"\",\"placeholder\":\"\",\"visible\":false,\"editable\":true},\"list\":{\"label\":\"createdAt\",\"searchable\":true,\"sortable\":true}},\"updatedAt\":{\"edit\":{\"label\":\"updatedAt\",\"description\":\"\",\"placeholder\":\"\",\"visible\":false,\"editable\":true},\"list\":{\"label\":\"updatedAt\",\"searchable\":true,\"sortable\":true}},\"createdBy\":{\"edit\":{\"label\":\"createdBy\",\"description\":\"\",\"placeholder\":\"\",\"visible\":false,\"editable\":true,\"mainField\":\"firstname\"},\"list\":{\"label\":\"createdBy\",\"searchable\":true,\"sortable\":true}},\"updatedBy\":{\"edit\":{\"label\":\"updatedBy\",\"description\":\"\",\"placeholder\":\"\",\"visible\":false,\"editable\":true,\"mainField\":\"firstname\"},\"list\":{\"label\":\"updatedBy\",\"searchable\":true,\"sortable\":true}}},\"layouts\":{\"list\":[\"id\",\"title\",\"slug\",\"summary\"],\"edit\":[[{\"name\":\"title\",\"size\":6},{\"name\":\"slug\",\"size\":6}],[{\"name\":\"summary\",\"size\":6},{\"name\":\"sortOrder\",\"size\":4}],[{\"name\":\"items\",\"size\":6}]]},\"uid\":\"api::faq-category.faq-category\"}', 'object', NULL, NULL),
(52, 'plugin_content_manager_configuration_content_types::api::faq-item.faq-item', '{\"settings\":{\"bulkable\":true,\"filterable\":true,\"searchable\":true,\"pageSize\":10,\"mainField\":\"question\",\"defaultSortBy\":\"question\",\"defaultSortOrder\":\"ASC\"},\"metadatas\":{\"id\":{\"edit\":{},\"list\":{\"label\":\"id\",\"searchable\":true,\"sortable\":true}},\"question\":{\"edit\":{\"label\":\"question\",\"description\":\"\",\"placeholder\":\"\",\"visible\":true,\"editable\":true},\"list\":{\"label\":\"question\",\"searchable\":true,\"sortable\":true}},\"slug\":{\"edit\":{\"label\":\"slug\",\"description\":\"\",\"placeholder\":\"\",\"visible\":true,\"editable\":true},\"list\":{\"label\":\"slug\",\"searchable\":true,\"sortable\":true}},\"answer\":{\"edit\":{\"label\":\"answer\",\"description\":\"\",\"placeholder\":\"\",\"visible\":true,\"editable\":true},\"list\":{\"label\":\"answer\",\"searchable\":false,\"sortable\":false}},\"sortOrder\":{\"edit\":{\"label\":\"sortOrder\",\"description\":\"\",\"placeholder\":\"\",\"visible\":true,\"editable\":true},\"list\":{\"label\":\"sortOrder\",\"searchable\":true,\"sortable\":true}},\"featured\":{\"edit\":{\"label\":\"featured\",\"description\":\"\",\"placeholder\":\"\",\"visible\":true,\"editable\":true},\"list\":{\"label\":\"featured\",\"searchable\":true,\"sortable\":true}},\"category\":{\"edit\":{\"label\":\"category\",\"description\":\"\",\"placeholder\":\"\",\"visible\":true,\"editable\":true,\"mainField\":\"title\"},\"list\":{\"label\":\"category\",\"searchable\":true,\"sortable\":true}},\"seo\":{\"edit\":{\"label\":\"seo\",\"description\":\"\",\"placeholder\":\"\",\"visible\":true,\"editable\":true},\"list\":{\"label\":\"seo\",\"searchable\":false,\"sortable\":false}},\"createdAt\":{\"edit\":{\"label\":\"createdAt\",\"description\":\"\",\"placeholder\":\"\",\"visible\":false,\"editable\":true},\"list\":{\"label\":\"createdAt\",\"searchable\":true,\"sortable\":true}},\"updatedAt\":{\"edit\":{\"label\":\"updatedAt\",\"description\":\"\",\"placeholder\":\"\",\"visible\":false,\"editable\":true},\"list\":{\"label\":\"updatedAt\",\"searchable\":true,\"sortable\":true}},\"createdBy\":{\"edit\":{\"label\":\"createdBy\",\"description\":\"\",\"placeholder\":\"\",\"visible\":false,\"editable\":true,\"mainField\":\"firstname\"},\"list\":{\"label\":\"createdBy\",\"searchable\":true,\"sortable\":true}},\"updatedBy\":{\"edit\":{\"label\":\"updatedBy\",\"description\":\"\",\"placeholder\":\"\",\"visible\":false,\"editable\":true,\"mainField\":\"firstname\"},\"list\":{\"label\":\"updatedBy\",\"searchable\":true,\"sortable\":true}}},\"layouts\":{\"list\":[\"id\",\"question\",\"slug\",\"sortOrder\"],\"edit\":[[{\"name\":\"question\",\"size\":6},{\"name\":\"slug\",\"size\":6}],[{\"name\":\"answer\",\"size\":12}],[{\"name\":\"sortOrder\",\"size\":4},{\"name\":\"featured\",\"size\":4}],[{\"name\":\"category\",\"size\":6}],[{\"name\":\"seo\",\"size\":12}]]},\"uid\":\"api::faq-item.faq-item\"}', 'object', NULL, NULL),
(53, 'plugin_content_manager_configuration_content_types::api::author.author', '{\"settings\":{\"bulkable\":true,\"filterable\":true,\"searchable\":true,\"pageSize\":10,\"mainField\":\"name\",\"defaultSortBy\":\"name\",\"defaultSortOrder\":\"ASC\"},\"metadatas\":{\"id\":{\"edit\":{},\"list\":{\"label\":\"id\",\"searchable\":true,\"sortable\":true}},\"name\":{\"edit\":{\"label\":\"name\",\"description\":\"\",\"placeholder\":\"\",\"visible\":true,\"editable\":true},\"list\":{\"label\":\"name\",\"searchable\":true,\"sortable\":true}},\"slug\":{\"edit\":{\"label\":\"slug\",\"description\":\"\",\"placeholder\":\"\",\"visible\":true,\"editable\":true},\"list\":{\"label\":\"slug\",\"searchable\":true,\"sortable\":true}},\"title\":{\"edit\":{\"label\":\"title\",\"description\":\"\",\"placeholder\":\"\",\"visible\":true,\"editable\":true},\"list\":{\"label\":\"title\",\"searchable\":true,\"sortable\":true}},\"bio\":{\"edit\":{\"label\":\"bio\",\"description\":\"\",\"placeholder\":\"\",\"visible\":true,\"editable\":true},\"list\":{\"label\":\"bio\",\"searchable\":true,\"sortable\":true}},\"avatar\":{\"edit\":{\"label\":\"avatar\",\"description\":\"\",\"placeholder\":\"\",\"visible\":true,\"editable\":true},\"list\":{\"label\":\"avatar\",\"searchable\":false,\"sortable\":false}},\"email\":{\"edit\":{\"label\":\"email\",\"description\":\"\",\"placeholder\":\"\",\"visible\":true,\"editable\":true},\"list\":{\"label\":\"email\",\"searchable\":true,\"sortable\":true}},\"linkedin\":{\"edit\":{\"label\":\"linkedin\",\"description\":\"\",\"placeholder\":\"\",\"visible\":true,\"editable\":true},\"list\":{\"label\":\"linkedin\",\"searchable\":true,\"sortable\":true}},\"createdAt\":{\"edit\":{\"label\":\"createdAt\",\"description\":\"\",\"placeholder\":\"\",\"visible\":false,\"editable\":true},\"list\":{\"label\":\"createdAt\",\"searchable\":true,\"sortable\":true}},\"updatedAt\":{\"edit\":{\"label\":\"updatedAt\",\"description\":\"\",\"placeholder\":\"\",\"visible\":false,\"editable\":true},\"list\":{\"label\":\"updatedAt\",\"searchable\":true,\"sortable\":true}},\"createdBy\":{\"edit\":{\"label\":\"createdBy\",\"description\":\"\",\"placeholder\":\"\",\"visible\":false,\"editable\":true,\"mainField\":\"firstname\"},\"list\":{\"label\":\"createdBy\",\"searchable\":true,\"sortable\":true}},\"updatedBy\":{\"edit\":{\"label\":\"updatedBy\",\"description\":\"\",\"placeholder\":\"\",\"visible\":false,\"editable\":true,\"mainField\":\"firstname\"},\"list\":{\"label\":\"updatedBy\",\"searchable\":true,\"sortable\":true}}},\"layouts\":{\"list\":[\"id\",\"name\",\"slug\",\"title\"],\"edit\":[[{\"name\":\"name\",\"size\":6},{\"name\":\"slug\",\"size\":6}],[{\"name\":\"title\",\"size\":6},{\"name\":\"bio\",\"size\":6}],[{\"name\":\"avatar\",\"size\":6},{\"name\":\"email\",\"size\":6}],[{\"name\":\"linkedin\",\"size\":6}]]},\"uid\":\"api::author.author\"}', 'object', NULL, NULL),
(54, 'plugin_content_manager_configuration_content_types::api::header-navigation.header-navigation', '{\"settings\":{\"bulkable\":true,\"filterable\":true,\"searchable\":true,\"pageSize\":10,\"mainField\":\"id\",\"defaultSortBy\":\"id\",\"defaultSortOrder\":\"ASC\"},\"metadatas\":{\"id\":{\"edit\":{},\"list\":{\"label\":\"id\",\"searchable\":true,\"sortable\":true}},\"items\":{\"edit\":{\"label\":\"items\",\"description\":\"\",\"placeholder\":\"\",\"visible\":true,\"editable\":true},\"list\":{\"label\":\"items\",\"searchable\":false,\"sortable\":false}},\"primaryButton\":{\"edit\":{\"label\":\"primaryButton\",\"description\":\"\",\"placeholder\":\"\",\"visible\":true,\"editable\":true},\"list\":{\"label\":\"primaryButton\",\"searchable\":false,\"sortable\":false}},\"secondaryButton\":{\"edit\":{\"label\":\"secondaryButton\",\"description\":\"\",\"placeholder\":\"\",\"visible\":true,\"editable\":true},\"list\":{\"label\":\"secondaryButton\",\"searchable\":false,\"sortable\":false}},\"createdAt\":{\"edit\":{\"label\":\"createdAt\",\"description\":\"\",\"placeholder\":\"\",\"visible\":false,\"editable\":true},\"list\":{\"label\":\"createdAt\",\"searchable\":true,\"sortable\":true}},\"updatedAt\":{\"edit\":{\"label\":\"updatedAt\",\"description\":\"\",\"placeholder\":\"\",\"visible\":false,\"editable\":true},\"list\":{\"label\":\"updatedAt\",\"searchable\":true,\"sortable\":true}},\"createdBy\":{\"edit\":{\"label\":\"createdBy\",\"description\":\"\",\"placeholder\":\"\",\"visible\":false,\"editable\":true,\"mainField\":\"firstname\"},\"list\":{\"label\":\"createdBy\",\"searchable\":true,\"sortable\":true}},\"updatedBy\":{\"edit\":{\"label\":\"updatedBy\",\"description\":\"\",\"placeholder\":\"\",\"visible\":false,\"editable\":true,\"mainField\":\"firstname\"},\"list\":{\"label\":\"updatedBy\",\"searchable\":true,\"sortable\":true}}},\"layouts\":{\"list\":[\"id\",\"items\",\"primaryButton\",\"secondaryButton\"],\"edit\":[[{\"name\":\"items\",\"size\":12}],[{\"name\":\"primaryButton\",\"size\":12}],[{\"name\":\"secondaryButton\",\"size\":12}]]},\"uid\":\"api::header-navigation.header-navigation\"}', 'object', NULL, NULL),
(55, 'plugin_content_manager_configuration_content_types::api::contact-page-setting.contact-page-setting', '{\"settings\":{\"bulkable\":true,\"filterable\":true,\"searchable\":true,\"pageSize\":10,\"mainField\":\"title\",\"defaultSortBy\":\"title\",\"defaultSortOrder\":\"ASC\"},\"metadatas\":{\"id\":{\"edit\":{},\"list\":{\"label\":\"id\",\"searchable\":true,\"sortable\":true}},\"title\":{\"edit\":{\"label\":\"title\",\"description\":\"\",\"placeholder\":\"\",\"visible\":true,\"editable\":true},\"list\":{\"label\":\"title\",\"searchable\":true,\"sortable\":true}},\"summary\":{\"edit\":{\"label\":\"summary\",\"description\":\"\",\"placeholder\":\"\",\"visible\":true,\"editable\":true},\"list\":{\"label\":\"summary\",\"searchable\":true,\"sortable\":true}},\"recipientEmail\":{\"edit\":{\"label\":\"recipientEmail\",\"description\":\"\",\"placeholder\":\"\",\"visible\":true,\"editable\":true},\"list\":{\"label\":\"recipientEmail\",\"searchable\":true,\"sortable\":true}},\"mapEmbedUrl\":{\"edit\":{\"label\":\"mapEmbedUrl\",\"description\":\"\",\"placeholder\":\"\",\"visible\":true,\"editable\":true},\"list\":{\"label\":\"mapEmbedUrl\",\"searchable\":true,\"sortable\":true}},\"supportChannels\":{\"edit\":{\"label\":\"supportChannels\",\"description\":\"\",\"placeholder\":\"\",\"visible\":true,\"editable\":true},\"list\":{\"label\":\"supportChannels\",\"searchable\":false,\"sortable\":false}},\"seo\":{\"edit\":{\"label\":\"seo\",\"description\":\"\",\"placeholder\":\"\",\"visible\":true,\"editable\":true},\"list\":{\"label\":\"seo\",\"searchable\":false,\"sortable\":false}},\"createdAt\":{\"edit\":{\"label\":\"createdAt\",\"description\":\"\",\"placeholder\":\"\",\"visible\":false,\"editable\":true},\"list\":{\"label\":\"createdAt\",\"searchable\":true,\"sortable\":true}},\"updatedAt\":{\"edit\":{\"label\":\"updatedAt\",\"description\":\"\",\"placeholder\":\"\",\"visible\":false,\"editable\":true},\"list\":{\"label\":\"updatedAt\",\"searchable\":true,\"sortable\":true}},\"createdBy\":{\"edit\":{\"label\":\"createdBy\",\"description\":\"\",\"placeholder\":\"\",\"visible\":false,\"editable\":true,\"mainField\":\"firstname\"},\"list\":{\"label\":\"createdBy\",\"searchable\":true,\"sortable\":true}},\"updatedBy\":{\"edit\":{\"label\":\"updatedBy\",\"description\":\"\",\"placeholder\":\"\",\"visible\":false,\"editable\":true,\"mainField\":\"firstname\"},\"list\":{\"label\":\"updatedBy\",\"searchable\":true,\"sortable\":true}}},\"layouts\":{\"list\":[\"id\",\"title\",\"summary\",\"recipientEmail\"],\"edit\":[[{\"name\":\"title\",\"size\":6},{\"name\":\"summary\",\"size\":6}],[{\"name\":\"recipientEmail\",\"size\":6},{\"name\":\"mapEmbedUrl\",\"size\":6}],[{\"name\":\"supportChannels\",\"size\":12}],[{\"name\":\"seo\",\"size\":12}]]},\"uid\":\"api::contact-page-setting.contact-page-setting\"}', 'object', NULL, NULL),
(56, 'plugin_content_manager_configuration_content_types::api::news-category.news-category', '{\"settings\":{\"bulkable\":true,\"filterable\":true,\"searchable\":true,\"pageSize\":10,\"mainField\":\"title\",\"defaultSortBy\":\"title\",\"defaultSortOrder\":\"ASC\"},\"metadatas\":{\"id\":{\"edit\":{},\"list\":{\"label\":\"id\",\"searchable\":true,\"sortable\":true}},\"title\":{\"edit\":{\"label\":\"title\",\"description\":\"\",\"placeholder\":\"\",\"visible\":true,\"editable\":true},\"list\":{\"label\":\"title\",\"searchable\":true,\"sortable\":true}},\"slug\":{\"edit\":{\"label\":\"slug\",\"description\":\"\",\"placeholder\":\"\",\"visible\":true,\"editable\":true},\"list\":{\"label\":\"slug\",\"searchable\":true,\"sortable\":true}},\"summary\":{\"edit\":{\"label\":\"summary\",\"description\":\"\",\"placeholder\":\"\",\"visible\":true,\"editable\":true},\"list\":{\"label\":\"summary\",\"searchable\":true,\"sortable\":true}},\"sortOrder\":{\"edit\":{\"label\":\"sortOrder\",\"description\":\"\",\"placeholder\":\"\",\"visible\":true,\"editable\":true},\"list\":{\"label\":\"sortOrder\",\"searchable\":true,\"sortable\":true}},\"articles\":{\"edit\":{\"label\":\"articles\",\"description\":\"\",\"placeholder\":\"\",\"visible\":true,\"editable\":true,\"mainField\":\"title\"},\"list\":{\"label\":\"articles\",\"searchable\":false,\"sortable\":false}},\"createdAt\":{\"edit\":{\"label\":\"createdAt\",\"description\":\"\",\"placeholder\":\"\",\"visible\":false,\"editable\":true},\"list\":{\"label\":\"createdAt\",\"searchable\":true,\"sortable\":true}},\"updatedAt\":{\"edit\":{\"label\":\"updatedAt\",\"description\":\"\",\"placeholder\":\"\",\"visible\":false,\"editable\":true},\"list\":{\"label\":\"updatedAt\",\"searchable\":true,\"sortable\":true}},\"createdBy\":{\"edit\":{\"label\":\"createdBy\",\"description\":\"\",\"placeholder\":\"\",\"visible\":false,\"editable\":true,\"mainField\":\"firstname\"},\"list\":{\"label\":\"createdBy\",\"searchable\":true,\"sortable\":true}},\"updatedBy\":{\"edit\":{\"label\":\"updatedBy\",\"description\":\"\",\"placeholder\":\"\",\"visible\":false,\"editable\":true,\"mainField\":\"firstname\"},\"list\":{\"label\":\"updatedBy\",\"searchable\":true,\"sortable\":true}}},\"layouts\":{\"list\":[\"id\",\"title\",\"slug\",\"summary\"],\"edit\":[[{\"name\":\"title\",\"size\":6},{\"name\":\"slug\",\"size\":6}],[{\"name\":\"summary\",\"size\":6},{\"name\":\"sortOrder\",\"size\":4}],[{\"name\":\"articles\",\"size\":6}]]},\"uid\":\"api::news-category.news-category\"}', 'object', NULL, NULL),
(57, 'plugin_content_manager_configuration_content_types::api::news-article.news-article', '{\"settings\":{\"bulkable\":true,\"filterable\":true,\"searchable\":true,\"pageSize\":10,\"mainField\":\"title\",\"defaultSortBy\":\"title\",\"defaultSortOrder\":\"ASC\"},\"metadatas\":{\"id\":{\"edit\":{},\"list\":{\"label\":\"id\",\"searchable\":true,\"sortable\":true}},\"title\":{\"edit\":{\"label\":\"title\",\"description\":\"\",\"placeholder\":\"\",\"visible\":true,\"editable\":true},\"list\":{\"label\":\"title\",\"searchable\":true,\"sortable\":true}},\"slug\":{\"edit\":{\"label\":\"slug\",\"description\":\"\",\"placeholder\":\"\",\"visible\":true,\"editable\":true},\"list\":{\"label\":\"slug\",\"searchable\":true,\"sortable\":true}},\"summary\":{\"edit\":{\"label\":\"summary\",\"description\":\"\",\"placeholder\":\"\",\"visible\":true,\"editable\":true},\"list\":{\"label\":\"summary\",\"searchable\":true,\"sortable\":true}},\"content\":{\"edit\":{\"label\":\"content\",\"description\":\"\",\"placeholder\":\"\",\"visible\":true,\"editable\":true},\"list\":{\"label\":\"content\",\"searchable\":false,\"sortable\":false}},\"coverImage\":{\"edit\":{\"label\":\"coverImage\",\"description\":\"\",\"placeholder\":\"\",\"visible\":true,\"editable\":true},\"list\":{\"label\":\"coverImage\",\"searchable\":false,\"sortable\":false}},\"thumbnail\":{\"edit\":{\"label\":\"thumbnail\",\"description\":\"\",\"placeholder\":\"\",\"visible\":true,\"editable\":true},\"list\":{\"label\":\"thumbnail\",\"searchable\":false,\"sortable\":false}},\"publishDate\":{\"edit\":{\"label\":\"publishDate\",\"description\":\"\",\"placeholder\":\"\",\"visible\":true,\"editable\":true},\"list\":{\"label\":\"publishDate\",\"searchable\":true,\"sortable\":true}},\"featured\":{\"edit\":{\"label\":\"featured\",\"description\":\"\",\"placeholder\":\"\",\"visible\":true,\"editable\":true},\"list\":{\"label\":\"featured\",\"searchable\":true,\"sortable\":true}},\"status\":{\"edit\":{\"label\":\"status\",\"description\":\"\",\"placeholder\":\"\",\"visible\":true,\"editable\":true},\"list\":{\"label\":\"status\",\"searchable\":true,\"sortable\":true}},\"category\":{\"edit\":{\"label\":\"category\",\"description\":\"\",\"placeholder\":\"\",\"visible\":true,\"editable\":true,\"mainField\":\"title\"},\"list\":{\"label\":\"category\",\"searchable\":true,\"sortable\":true}},\"author\":{\"edit\":{\"label\":\"author\",\"description\":\"\",\"placeholder\":\"\",\"visible\":true,\"editable\":true,\"mainField\":\"name\"},\"list\":{\"label\":\"author\",\"searchable\":true,\"sortable\":true}},\"tags\":{\"edit\":{\"label\":\"tags\",\"description\":\"\",\"placeholder\":\"\",\"visible\":true,\"editable\":true,\"mainField\":\"name\"},\"list\":{\"label\":\"tags\",\"searchable\":false,\"sortable\":false}},\"documents\":{\"edit\":{\"label\":\"documents\",\"description\":\"\",\"placeholder\":\"\",\"visible\":true,\"editable\":true,\"mainField\":\"title\"},\"list\":{\"label\":\"documents\",\"searchable\":false,\"sortable\":false}},\"seo\":{\"edit\":{\"label\":\"seo\",\"description\":\"\",\"placeholder\":\"\",\"visible\":true,\"editable\":true},\"list\":{\"label\":\"seo\",\"searchable\":false,\"sortable\":false}},\"createdAt\":{\"edit\":{\"label\":\"createdAt\",\"description\":\"\",\"placeholder\":\"\",\"visible\":false,\"editable\":true},\"list\":{\"label\":\"createdAt\",\"searchable\":true,\"sortable\":true}},\"updatedAt\":{\"edit\":{\"label\":\"updatedAt\",\"description\":\"\",\"placeholder\":\"\",\"visible\":false,\"editable\":true},\"list\":{\"label\":\"updatedAt\",\"searchable\":true,\"sortable\":true}},\"createdBy\":{\"edit\":{\"label\":\"createdBy\",\"description\":\"\",\"placeholder\":\"\",\"visible\":false,\"editable\":true,\"mainField\":\"firstname\"},\"list\":{\"label\":\"createdBy\",\"searchable\":true,\"sortable\":true}},\"updatedBy\":{\"edit\":{\"label\":\"updatedBy\",\"description\":\"\",\"placeholder\":\"\",\"visible\":false,\"editable\":true,\"mainField\":\"firstname\"},\"list\":{\"label\":\"updatedBy\",\"searchable\":true,\"sortable\":true}}},\"layouts\":{\"list\":[\"id\",\"title\",\"slug\",\"summary\"],\"edit\":[[{\"name\":\"title\",\"size\":6},{\"name\":\"slug\",\"size\":6}],[{\"name\":\"summary\",\"size\":6}],[{\"name\":\"content\",\"size\":12}],[{\"name\":\"coverImage\",\"size\":6},{\"name\":\"thumbnail\",\"size\":6}],[{\"name\":\"publishDate\",\"size\":6},{\"name\":\"featured\",\"size\":4}],[{\"name\":\"status\",\"size\":6},{\"name\":\"category\",\"size\":6}],[{\"name\":\"author\",\"size\":6},{\"name\":\"tags\",\"size\":6}],[{\"name\":\"documents\",\"size\":6}],[{\"name\":\"seo\",\"size\":12}]]},\"uid\":\"api::news-article.news-article\"}', 'object', NULL, NULL),
(58, 'plugin_content_manager_configuration_content_types::api::office-location.office-location', '{\"settings\":{\"bulkable\":true,\"filterable\":true,\"searchable\":true,\"pageSize\":10,\"mainField\":\"name\",\"defaultSortBy\":\"name\",\"defaultSortOrder\":\"ASC\"},\"metadatas\":{\"id\":{\"edit\":{},\"list\":{\"label\":\"id\",\"searchable\":true,\"sortable\":true}},\"name\":{\"edit\":{\"label\":\"name\",\"description\":\"\",\"placeholder\":\"\",\"visible\":true,\"editable\":true},\"list\":{\"label\":\"name\",\"searchable\":true,\"sortable\":true}},\"slug\":{\"edit\":{\"label\":\"slug\",\"description\":\"\",\"placeholder\":\"\",\"visible\":true,\"editable\":true},\"list\":{\"label\":\"slug\",\"searchable\":true,\"sortable\":true}},\"address\":{\"edit\":{\"label\":\"address\",\"description\":\"\",\"placeholder\":\"\",\"visible\":true,\"editable\":true},\"list\":{\"label\":\"address\",\"searchable\":true,\"sortable\":true}},\"city\":{\"edit\":{\"label\":\"city\",\"description\":\"\",\"placeholder\":\"\",\"visible\":true,\"editable\":true},\"list\":{\"label\":\"city\",\"searchable\":true,\"sortable\":true}},\"phone\":{\"edit\":{\"label\":\"phone\",\"description\":\"\",\"placeholder\":\"\",\"visible\":true,\"editable\":true},\"list\":{\"label\":\"phone\",\"searchable\":true,\"sortable\":true}},\"email\":{\"edit\":{\"label\":\"email\",\"description\":\"\",\"placeholder\":\"\",\"visible\":true,\"editable\":true},\"list\":{\"label\":\"email\",\"searchable\":true,\"sortable\":true}},\"officeType\":{\"edit\":{\"label\":\"officeType\",\"description\":\"\",\"placeholder\":\"\",\"visible\":true,\"editable\":true,\"mainField\":\"title\"},\"list\":{\"label\":\"officeType\",\"searchable\":true,\"sortable\":true}},\"workingHours\":{\"edit\":{\"label\":\"workingHours\",\"description\":\"\",\"placeholder\":\"\",\"visible\":true,\"editable\":true},\"list\":{\"label\":\"workingHours\",\"searchable\":true,\"sortable\":true}},\"mapUrl\":{\"edit\":{\"label\":\"mapUrl\",\"description\":\"\",\"placeholder\":\"\",\"visible\":true,\"editable\":true},\"list\":{\"label\":\"mapUrl\",\"searchable\":true,\"sortable\":true}},\"sortOrder\":{\"edit\":{\"label\":\"sortOrder\",\"description\":\"\",\"placeholder\":\"\",\"visible\":true,\"editable\":true},\"list\":{\"label\":\"sortOrder\",\"searchable\":true,\"sortable\":true}},\"featured\":{\"edit\":{\"label\":\"featured\",\"description\":\"\",\"placeholder\":\"\",\"visible\":true,\"editable\":true},\"list\":{\"label\":\"featured\",\"searchable\":true,\"sortable\":true}},\"createdAt\":{\"edit\":{\"label\":\"createdAt\",\"description\":\"\",\"placeholder\":\"\",\"visible\":false,\"editable\":true},\"list\":{\"label\":\"createdAt\",\"searchable\":true,\"sortable\":true}},\"updatedAt\":{\"edit\":{\"label\":\"updatedAt\",\"description\":\"\",\"placeholder\":\"\",\"visible\":false,\"editable\":true},\"list\":{\"label\":\"updatedAt\",\"searchable\":true,\"sortable\":true}},\"createdBy\":{\"edit\":{\"label\":\"createdBy\",\"description\":\"\",\"placeholder\":\"\",\"visible\":false,\"editable\":true,\"mainField\":\"firstname\"},\"list\":{\"label\":\"createdBy\",\"searchable\":true,\"sortable\":true}},\"updatedBy\":{\"edit\":{\"label\":\"updatedBy\",\"description\":\"\",\"placeholder\":\"\",\"visible\":false,\"editable\":true,\"mainField\":\"firstname\"},\"list\":{\"label\":\"updatedBy\",\"searchable\":true,\"sortable\":true}}},\"layouts\":{\"list\":[\"id\",\"name\",\"slug\",\"address\"],\"edit\":[[{\"name\":\"name\",\"size\":6},{\"name\":\"slug\",\"size\":6}],[{\"name\":\"address\",\"size\":6},{\"name\":\"city\",\"size\":6}],[{\"name\":\"phone\",\"size\":6},{\"name\":\"email\",\"size\":6}],[{\"name\":\"officeType\",\"size\":6},{\"name\":\"workingHours\",\"size\":6}],[{\"name\":\"mapUrl\",\"size\":6},{\"name\":\"sortOrder\",\"size\":4}],[{\"name\":\"featured\",\"size\":4}]]},\"uid\":\"api::office-location.office-location\"}', 'object', NULL, NULL),
(59, 'plugin_content_manager_configuration_content_types::api::research-category.research-category', '{\"settings\":{\"bulkable\":true,\"filterable\":true,\"searchable\":true,\"pageSize\":10,\"mainField\":\"title\",\"defaultSortBy\":\"title\",\"defaultSortOrder\":\"ASC\"},\"metadatas\":{\"id\":{\"edit\":{},\"list\":{\"label\":\"id\",\"searchable\":true,\"sortable\":true}},\"title\":{\"edit\":{\"label\":\"title\",\"description\":\"\",\"placeholder\":\"\",\"visible\":true,\"editable\":true},\"list\":{\"label\":\"title\",\"searchable\":true,\"sortable\":true}},\"slug\":{\"edit\":{\"label\":\"slug\",\"description\":\"\",\"placeholder\":\"\",\"visible\":true,\"editable\":true},\"list\":{\"label\":\"slug\",\"searchable\":true,\"sortable\":true}},\"summary\":{\"edit\":{\"label\":\"summary\",\"description\":\"\",\"placeholder\":\"\",\"visible\":true,\"editable\":true},\"list\":{\"label\":\"summary\",\"searchable\":true,\"sortable\":true}},\"reports\":{\"edit\":{\"label\":\"reports\",\"description\":\"\",\"placeholder\":\"\",\"visible\":true,\"editable\":true,\"mainField\":\"title\"},\"list\":{\"label\":\"reports\",\"searchable\":false,\"sortable\":false}},\"createdAt\":{\"edit\":{\"label\":\"createdAt\",\"description\":\"\",\"placeholder\":\"\",\"visible\":false,\"editable\":true},\"list\":{\"label\":\"createdAt\",\"searchable\":true,\"sortable\":true}},\"updatedAt\":{\"edit\":{\"label\":\"updatedAt\",\"description\":\"\",\"placeholder\":\"\",\"visible\":false,\"editable\":true},\"list\":{\"label\":\"updatedAt\",\"searchable\":true,\"sortable\":true}},\"createdBy\":{\"edit\":{\"label\":\"createdBy\",\"description\":\"\",\"placeholder\":\"\",\"visible\":false,\"editable\":true,\"mainField\":\"firstname\"},\"list\":{\"label\":\"createdBy\",\"searchable\":true,\"sortable\":true}},\"updatedBy\":{\"edit\":{\"label\":\"updatedBy\",\"description\":\"\",\"placeholder\":\"\",\"visible\":false,\"editable\":true,\"mainField\":\"firstname\"},\"list\":{\"label\":\"updatedBy\",\"searchable\":true,\"sortable\":true}}},\"layouts\":{\"list\":[\"id\",\"title\",\"slug\",\"summary\"],\"edit\":[[{\"name\":\"title\",\"size\":6},{\"name\":\"slug\",\"size\":6}],[{\"name\":\"summary\",\"size\":6},{\"name\":\"reports\",\"size\":6}]]},\"uid\":\"api::research-category.research-category\"}', 'object', NULL, NULL),
(60, 'plugin_content_manager_configuration_content_types::api::page.page', '{\"settings\":{\"bulkable\":true,\"filterable\":true,\"searchable\":true,\"pageSize\":10,\"mainField\":\"title\",\"defaultSortBy\":\"title\",\"defaultSortOrder\":\"ASC\"},\"metadatas\":{\"id\":{\"edit\":{},\"list\":{\"label\":\"id\",\"searchable\":true,\"sortable\":true}},\"title\":{\"edit\":{\"label\":\"title\",\"description\":\"\",\"placeholder\":\"\",\"visible\":true,\"editable\":true},\"list\":{\"label\":\"title\",\"searchable\":true,\"sortable\":true}},\"slug\":{\"edit\":{\"label\":\"slug\",\"description\":\"\",\"placeholder\":\"\",\"visible\":true,\"editable\":true},\"list\":{\"label\":\"slug\",\"searchable\":true,\"sortable\":true}},\"summary\":{\"edit\":{\"label\":\"summary\",\"description\":\"\",\"placeholder\":\"\",\"visible\":true,\"editable\":true},\"list\":{\"label\":\"summary\",\"searchable\":true,\"sortable\":true}},\"pageType\":{\"edit\":{\"label\":\"pageType\",\"description\":\"\",\"placeholder\":\"\",\"visible\":true,\"editable\":true,\"mainField\":\"title\"},\"list\":{\"label\":\"pageType\",\"searchable\":true,\"sortable\":true}},\"coverImage\":{\"edit\":{\"label\":\"coverImage\",\"description\":\"\",\"placeholder\":\"\",\"visible\":true,\"editable\":true},\"list\":{\"label\":\"coverImage\",\"searchable\":false,\"sortable\":false}},\"sections\":{\"edit\":{\"label\":\"sections\",\"description\":\"\",\"placeholder\":\"\",\"visible\":true,\"editable\":true},\"list\":{\"label\":\"sections\",\"searchable\":false,\"sortable\":false}},\"breadcrumb\":{\"edit\":{\"label\":\"breadcrumb\",\"description\":\"\",\"placeholder\":\"\",\"visible\":true,\"editable\":true},\"list\":{\"label\":\"breadcrumb\",\"searchable\":false,\"sortable\":false}},\"seo\":{\"edit\":{\"label\":\"seo\",\"description\":\"\",\"placeholder\":\"\",\"visible\":true,\"editable\":true},\"list\":{\"label\":\"seo\",\"searchable\":false,\"sortable\":false}},\"featured\":{\"edit\":{\"label\":\"featured\",\"description\":\"\",\"placeholder\":\"\",\"visible\":true,\"editable\":true},\"list\":{\"label\":\"featured\",\"searchable\":true,\"sortable\":true}},\"sortOrder\":{\"edit\":{\"label\":\"sortOrder\",\"description\":\"\",\"placeholder\":\"\",\"visible\":true,\"editable\":true},\"list\":{\"label\":\"sortOrder\",\"searchable\":true,\"sortable\":true}},\"createdAt\":{\"edit\":{\"label\":\"createdAt\",\"description\":\"\",\"placeholder\":\"\",\"visible\":false,\"editable\":true},\"list\":{\"label\":\"createdAt\",\"searchable\":true,\"sortable\":true}},\"updatedAt\":{\"edit\":{\"label\":\"updatedAt\",\"description\":\"\",\"placeholder\":\"\",\"visible\":false,\"editable\":true},\"list\":{\"label\":\"updatedAt\",\"searchable\":true,\"sortable\":true}},\"createdBy\":{\"edit\":{\"label\":\"createdBy\",\"description\":\"\",\"placeholder\":\"\",\"visible\":false,\"editable\":true,\"mainField\":\"firstname\"},\"list\":{\"label\":\"createdBy\",\"searchable\":true,\"sortable\":true}},\"updatedBy\":{\"edit\":{\"label\":\"updatedBy\",\"description\":\"\",\"placeholder\":\"\",\"visible\":false,\"editable\":true,\"mainField\":\"firstname\"},\"list\":{\"label\":\"updatedBy\",\"searchable\":true,\"sortable\":true}}},\"layouts\":{\"list\":[\"id\",\"title\",\"slug\",\"summary\"],\"edit\":[[{\"name\":\"title\",\"size\":6},{\"name\":\"slug\",\"size\":6}],[{\"name\":\"summary\",\"size\":6},{\"name\":\"pageType\",\"size\":6}],[{\"name\":\"coverImage\",\"size\":6}],[{\"name\":\"sections\",\"size\":12}],[{\"name\":\"breadcrumb\",\"size\":12}],[{\"name\":\"seo\",\"size\":12}],[{\"name\":\"featured\",\"size\":4},{\"name\":\"sortOrder\",\"size\":4}]]},\"uid\":\"api::page.page\"}', 'object', NULL, NULL),
(61, 'plugin_content_manager_configuration_content_types::api::footer-navigation.footer-navigation', '{\"settings\":{\"bulkable\":true,\"filterable\":true,\"searchable\":true,\"pageSize\":10,\"mainField\":\"copyrightText\",\"defaultSortBy\":\"copyrightText\",\"defaultSortOrder\":\"ASC\"},\"metadatas\":{\"id\":{\"edit\":{},\"list\":{\"label\":\"id\",\"searchable\":true,\"sortable\":true}},\"columns\":{\"edit\":{\"label\":\"columns\",\"description\":\"\",\"placeholder\":\"\",\"visible\":true,\"editable\":true},\"list\":{\"label\":\"columns\",\"searchable\":false,\"sortable\":false}},\"copyrightText\":{\"edit\":{\"label\":\"copyrightText\",\"description\":\"\",\"placeholder\":\"\",\"visible\":true,\"editable\":true},\"list\":{\"label\":\"copyrightText\",\"searchable\":true,\"sortable\":true}},\"legalLinks\":{\"edit\":{\"label\":\"legalLinks\",\"description\":\"\",\"placeholder\":\"\",\"visible\":true,\"editable\":true},\"list\":{\"label\":\"legalLinks\",\"searchable\":false,\"sortable\":false}},\"createdAt\":{\"edit\":{\"label\":\"createdAt\",\"description\":\"\",\"placeholder\":\"\",\"visible\":false,\"editable\":true},\"list\":{\"label\":\"createdAt\",\"searchable\":true,\"sortable\":true}},\"updatedAt\":{\"edit\":{\"label\":\"updatedAt\",\"description\":\"\",\"placeholder\":\"\",\"visible\":false,\"editable\":true},\"list\":{\"label\":\"updatedAt\",\"searchable\":true,\"sortable\":true}},\"createdBy\":{\"edit\":{\"label\":\"createdBy\",\"description\":\"\",\"placeholder\":\"\",\"visible\":false,\"editable\":true,\"mainField\":\"firstname\"},\"list\":{\"label\":\"createdBy\",\"searchable\":true,\"sortable\":true}},\"updatedBy\":{\"edit\":{\"label\":\"updatedBy\",\"description\":\"\",\"placeholder\":\"\",\"visible\":false,\"editable\":true,\"mainField\":\"firstname\"},\"list\":{\"label\":\"updatedBy\",\"searchable\":true,\"sortable\":true}}},\"layouts\":{\"list\":[\"id\",\"columns\",\"copyrightText\",\"legalLinks\"],\"edit\":[[{\"name\":\"columns\",\"size\":12}],[{\"name\":\"copyrightText\",\"size\":6}],[{\"name\":\"legalLinks\",\"size\":12}]]},\"uid\":\"api::footer-navigation.footer-navigation\"}', 'object', NULL, NULL),
(62, 'plugin_content_manager_configuration_content_types::api::global-setting.global-setting', '{\"settings\":{\"bulkable\":true,\"filterable\":true,\"searchable\":true,\"pageSize\":10,\"mainField\":\"siteName\",\"defaultSortBy\":\"siteName\",\"defaultSortOrder\":\"ASC\"},\"metadatas\":{\"id\":{\"edit\":{},\"list\":{\"label\":\"id\",\"searchable\":true,\"sortable\":true}},\"siteName\":{\"edit\":{\"label\":\"siteName\",\"description\":\"\",\"placeholder\":\"\",\"visible\":true,\"editable\":true},\"list\":{\"label\":\"siteName\",\"searchable\":true,\"sortable\":true}},\"siteTagline\":{\"edit\":{\"label\":\"siteTagline\",\"description\":\"\",\"placeholder\":\"\",\"visible\":true,\"editable\":true},\"list\":{\"label\":\"siteTagline\",\"searchable\":true,\"sortable\":true}},\"siteDescription\":{\"edit\":{\"label\":\"siteDescription\",\"description\":\"\",\"placeholder\":\"\",\"visible\":true,\"editable\":true},\"list\":{\"label\":\"siteDescription\",\"searchable\":true,\"sortable\":true}},\"organizationName\":{\"edit\":{\"label\":\"organizationName\",\"description\":\"\",\"placeholder\":\"\",\"visible\":true,\"editable\":true},\"list\":{\"label\":\"organizationName\",\"searchable\":true,\"sortable\":true}},\"logo\":{\"edit\":{\"label\":\"logo\",\"description\":\"\",\"placeholder\":\"\",\"visible\":true,\"editable\":true},\"list\":{\"label\":\"logo\",\"searchable\":false,\"sortable\":false}},\"favicon\":{\"edit\":{\"label\":\"favicon\",\"description\":\"\",\"placeholder\":\"\",\"visible\":true,\"editable\":true},\"list\":{\"label\":\"favicon\",\"searchable\":false,\"sortable\":false}},\"supportHotline\":{\"edit\":{\"label\":\"supportHotline\",\"description\":\"\",\"placeholder\":\"\",\"visible\":true,\"editable\":true},\"list\":{\"label\":\"supportHotline\",\"searchable\":true,\"sortable\":true}},\"supportEmail\":{\"edit\":{\"label\":\"supportEmail\",\"description\":\"\",\"placeholder\":\"\",\"visible\":true,\"editable\":true},\"list\":{\"label\":\"supportEmail\",\"searchable\":true,\"sortable\":true}},\"address\":{\"edit\":{\"label\":\"address\",\"description\":\"\",\"placeholder\":\"\",\"visible\":true,\"editable\":true},\"list\":{\"label\":\"address\",\"searchable\":true,\"sortable\":true}},\"socialLinks\":{\"edit\":{\"label\":\"socialLinks\",\"description\":\"\",\"placeholder\":\"\",\"visible\":true,\"editable\":true},\"list\":{\"label\":\"socialLinks\",\"searchable\":false,\"sortable\":false}},\"defaultSeo\":{\"edit\":{\"label\":\"defaultSeo\",\"description\":\"\",\"placeholder\":\"\",\"visible\":true,\"editable\":true},\"list\":{\"label\":\"defaultSeo\",\"searchable\":false,\"sortable\":false}},\"createdAt\":{\"edit\":{\"label\":\"createdAt\",\"description\":\"\",\"placeholder\":\"\",\"visible\":false,\"editable\":true},\"list\":{\"label\":\"createdAt\",\"searchable\":true,\"sortable\":true}},\"updatedAt\":{\"edit\":{\"label\":\"updatedAt\",\"description\":\"\",\"placeholder\":\"\",\"visible\":false,\"editable\":true},\"list\":{\"label\":\"updatedAt\",\"searchable\":true,\"sortable\":true}},\"createdBy\":{\"edit\":{\"label\":\"createdBy\",\"description\":\"\",\"placeholder\":\"\",\"visible\":false,\"editable\":true,\"mainField\":\"firstname\"},\"list\":{\"label\":\"createdBy\",\"searchable\":true,\"sortable\":true}},\"updatedBy\":{\"edit\":{\"label\":\"updatedBy\",\"description\":\"\",\"placeholder\":\"\",\"visible\":false,\"editable\":true,\"mainField\":\"firstname\"},\"list\":{\"label\":\"updatedBy\",\"searchable\":true,\"sortable\":true}}},\"layouts\":{\"list\":[\"id\",\"siteName\",\"siteTagline\",\"siteDescription\"],\"edit\":[[{\"name\":\"siteName\",\"size\":6},{\"name\":\"siteTagline\",\"size\":6}],[{\"name\":\"siteDescription\",\"size\":6},{\"name\":\"organizationName\",\"size\":6}],[{\"name\":\"logo\",\"size\":6},{\"name\":\"favicon\",\"size\":6}],[{\"name\":\"supportHotline\",\"size\":6},{\"name\":\"supportEmail\",\"size\":6}],[{\"name\":\"address\",\"size\":6}],[{\"name\":\"socialLinks\",\"size\":12}],[{\"name\":\"defaultSeo\",\"size\":12}]]},\"uid\":\"api::global-setting.global-setting\"}', 'object', NULL, NULL),
(63, 'plugin_content_manager_configuration_content_types::api::seo-default.seo-default', '{\"settings\":{\"bulkable\":true,\"filterable\":true,\"searchable\":true,\"pageSize\":10,\"mainField\":\"siteUrl\",\"defaultSortBy\":\"siteUrl\",\"defaultSortOrder\":\"ASC\"},\"metadatas\":{\"id\":{\"edit\":{},\"list\":{\"label\":\"id\",\"searchable\":true,\"sortable\":true}},\"meta\":{\"edit\":{\"label\":\"meta\",\"description\":\"\",\"placeholder\":\"\",\"visible\":true,\"editable\":true},\"list\":{\"label\":\"meta\",\"searchable\":false,\"sortable\":false}},\"siteUrl\":{\"edit\":{\"label\":\"siteUrl\",\"description\":\"\",\"placeholder\":\"\",\"visible\":true,\"editable\":true},\"list\":{\"label\":\"siteUrl\",\"searchable\":true,\"sortable\":true}},\"defaultOgImage\":{\"edit\":{\"label\":\"defaultOgImage\",\"description\":\"\",\"placeholder\":\"\",\"visible\":true,\"editable\":true},\"list\":{\"label\":\"defaultOgImage\",\"searchable\":false,\"sortable\":false}},\"organizationSchema\":{\"edit\":{\"label\":\"organizationSchema\",\"description\":\"\",\"placeholder\":\"\",\"visible\":true,\"editable\":true},\"list\":{\"label\":\"organizationSchema\",\"searchable\":false,\"sortable\":false}},\"createdAt\":{\"edit\":{\"label\":\"createdAt\",\"description\":\"\",\"placeholder\":\"\",\"visible\":false,\"editable\":true},\"list\":{\"label\":\"createdAt\",\"searchable\":true,\"sortable\":true}},\"updatedAt\":{\"edit\":{\"label\":\"updatedAt\",\"description\":\"\",\"placeholder\":\"\",\"visible\":false,\"editable\":true},\"list\":{\"label\":\"updatedAt\",\"searchable\":true,\"sortable\":true}},\"createdBy\":{\"edit\":{\"label\":\"createdBy\",\"description\":\"\",\"placeholder\":\"\",\"visible\":false,\"editable\":true,\"mainField\":\"firstname\"},\"list\":{\"label\":\"createdBy\",\"searchable\":true,\"sortable\":true}},\"updatedBy\":{\"edit\":{\"label\":\"updatedBy\",\"description\":\"\",\"placeholder\":\"\",\"visible\":false,\"editable\":true,\"mainField\":\"firstname\"},\"list\":{\"label\":\"updatedBy\",\"searchable\":true,\"sortable\":true}}},\"layouts\":{\"list\":[\"id\",\"meta\",\"siteUrl\",\"defaultOgImage\"],\"edit\":[[{\"name\":\"meta\",\"size\":12}],[{\"name\":\"siteUrl\",\"size\":6},{\"name\":\"defaultOgImage\",\"size\":6}],[{\"name\":\"organizationSchema\",\"size\":12}]]},\"uid\":\"api::seo-default.seo-default\"}', 'object', NULL, NULL);
INSERT INTO `strapi_core_store_settings` (`id`, `key`, `value`, `type`, `environment`, `tag`) VALUES
(64, 'plugin_content_manager_configuration_content_types::api::service.service', '{\"settings\":{\"bulkable\":true,\"filterable\":true,\"searchable\":true,\"pageSize\":10,\"mainField\":\"title\",\"defaultSortBy\":\"title\",\"defaultSortOrder\":\"ASC\"},\"metadatas\":{\"id\":{\"edit\":{},\"list\":{\"label\":\"id\",\"searchable\":true,\"sortable\":true}},\"title\":{\"edit\":{\"label\":\"title\",\"description\":\"\",\"placeholder\":\"\",\"visible\":true,\"editable\":true},\"list\":{\"label\":\"title\",\"searchable\":true,\"sortable\":true}},\"slug\":{\"edit\":{\"label\":\"slug\",\"description\":\"\",\"placeholder\":\"\",\"visible\":true,\"editable\":true},\"list\":{\"label\":\"slug\",\"searchable\":true,\"sortable\":true}},\"summary\":{\"edit\":{\"label\":\"summary\",\"description\":\"\",\"placeholder\":\"\",\"visible\":true,\"editable\":true},\"list\":{\"label\":\"summary\",\"searchable\":true,\"sortable\":true}},\"description\":{\"edit\":{\"label\":\"description\",\"description\":\"\",\"placeholder\":\"\",\"visible\":true,\"editable\":true},\"list\":{\"label\":\"description\",\"searchable\":false,\"sortable\":false}},\"coverImage\":{\"edit\":{\"label\":\"coverImage\",\"description\":\"\",\"placeholder\":\"\",\"visible\":true,\"editable\":true},\"list\":{\"label\":\"coverImage\",\"searchable\":false,\"sortable\":false}},\"thumbnail\":{\"edit\":{\"label\":\"thumbnail\",\"description\":\"\",\"placeholder\":\"\",\"visible\":true,\"editable\":true},\"list\":{\"label\":\"thumbnail\",\"searchable\":false,\"sortable\":false}},\"featured\":{\"edit\":{\"label\":\"featured\",\"description\":\"\",\"placeholder\":\"\",\"visible\":true,\"editable\":true},\"list\":{\"label\":\"featured\",\"searchable\":true,\"sortable\":true}},\"sortOrder\":{\"edit\":{\"label\":\"sortOrder\",\"description\":\"\",\"placeholder\":\"\",\"visible\":true,\"editable\":true},\"list\":{\"label\":\"sortOrder\",\"searchable\":true,\"sortable\":true}},\"publishDate\":{\"edit\":{\"label\":\"publishDate\",\"description\":\"\",\"placeholder\":\"\",\"visible\":true,\"editable\":true},\"list\":{\"label\":\"publishDate\",\"searchable\":true,\"sortable\":true}},\"status\":{\"edit\":{\"label\":\"status\",\"description\":\"\",\"placeholder\":\"\",\"visible\":true,\"editable\":true},\"list\":{\"label\":\"status\",\"searchable\":true,\"sortable\":true}},\"category\":{\"edit\":{\"label\":\"category\",\"description\":\"\",\"placeholder\":\"\",\"visible\":true,\"editable\":true,\"mainField\":\"title\"},\"list\":{\"label\":\"category\",\"searchable\":true,\"sortable\":true}},\"tags\":{\"edit\":{\"label\":\"tags\",\"description\":\"\",\"placeholder\":\"\",\"visible\":true,\"editable\":true,\"mainField\":\"name\"},\"list\":{\"label\":\"tags\",\"searchable\":false,\"sortable\":false}},\"documents\":{\"edit\":{\"label\":\"documents\",\"description\":\"\",\"placeholder\":\"\",\"visible\":true,\"editable\":true,\"mainField\":\"title\"},\"list\":{\"label\":\"documents\",\"searchable\":false,\"sortable\":false}},\"advisorSectionTitle\":{\"edit\":{\"label\":\"advisorSectionTitle\",\"description\":\"\",\"placeholder\":\"\",\"visible\":true,\"editable\":true},\"list\":{\"label\":\"advisorSectionTitle\",\"searchable\":true,\"sortable\":true}},\"advisorSectionDescription\":{\"edit\":{\"label\":\"advisorSectionDescription\",\"description\":\"\",\"placeholder\":\"\",\"visible\":true,\"editable\":true},\"list\":{\"label\":\"advisorSectionDescription\",\"searchable\":true,\"sortable\":true}},\"advisorSectionBackgroundImage\":{\"edit\":{\"label\":\"advisorSectionBackgroundImage\",\"description\":\"\",\"placeholder\":\"\",\"visible\":true,\"editable\":true},\"list\":{\"label\":\"advisorSectionBackgroundImage\",\"searchable\":false,\"sortable\":false}},\"advisors\":{\"edit\":{\"label\":\"advisors\",\"description\":\"\",\"placeholder\":\"\",\"visible\":true,\"editable\":true},\"list\":{\"label\":\"advisors\",\"searchable\":false,\"sortable\":false}},\"seo\":{\"edit\":{\"label\":\"seo\",\"description\":\"\",\"placeholder\":\"\",\"visible\":true,\"editable\":true},\"list\":{\"label\":\"seo\",\"searchable\":false,\"sortable\":false}},\"createdAt\":{\"edit\":{\"label\":\"createdAt\",\"description\":\"\",\"placeholder\":\"\",\"visible\":false,\"editable\":true},\"list\":{\"label\":\"createdAt\",\"searchable\":true,\"sortable\":true}},\"updatedAt\":{\"edit\":{\"label\":\"updatedAt\",\"description\":\"\",\"placeholder\":\"\",\"visible\":false,\"editable\":true},\"list\":{\"label\":\"updatedAt\",\"searchable\":true,\"sortable\":true}},\"createdBy\":{\"edit\":{\"label\":\"createdBy\",\"description\":\"\",\"placeholder\":\"\",\"visible\":false,\"editable\":true,\"mainField\":\"firstname\"},\"list\":{\"label\":\"createdBy\",\"searchable\":true,\"sortable\":true}},\"updatedBy\":{\"edit\":{\"label\":\"updatedBy\",\"description\":\"\",\"placeholder\":\"\",\"visible\":false,\"editable\":true,\"mainField\":\"firstname\"},\"list\":{\"label\":\"updatedBy\",\"searchable\":true,\"sortable\":true}}},\"layouts\":{\"list\":[\"id\",\"title\",\"slug\",\"summary\"],\"edit\":[[{\"name\":\"title\",\"size\":6},{\"name\":\"slug\",\"size\":6}],[{\"name\":\"summary\",\"size\":6}],[{\"name\":\"description\",\"size\":12}],[{\"name\":\"coverImage\",\"size\":6},{\"name\":\"thumbnail\",\"size\":6}],[{\"name\":\"featured\",\"size\":4},{\"name\":\"sortOrder\",\"size\":4}],[{\"name\":\"publishDate\",\"size\":6},{\"name\":\"status\",\"size\":6}],[{\"name\":\"category\",\"size\":6},{\"name\":\"tags\",\"size\":6}],[{\"name\":\"documents\",\"size\":6}],[{\"name\":\"seo\",\"size\":12}],[{\"name\":\"advisorSectionTitle\",\"size\":6},{\"name\":\"advisorSectionDescription\",\"size\":6}],[{\"name\":\"advisors\",\"size\":12}],[{\"name\":\"advisorSectionBackgroundImage\",\"size\":6}]]},\"uid\":\"api::service.service\"}', 'object', NULL, NULL),
(65, 'plugin_content_manager_configuration_content_types::api::homepage.homepage', '{\"settings\":{\"bulkable\":true,\"filterable\":true,\"searchable\":true,\"pageSize\":10,\"mainField\":\"title\",\"defaultSortBy\":\"title\",\"defaultSortOrder\":\"ASC\"},\"metadatas\":{\"id\":{\"edit\":{},\"list\":{\"label\":\"id\",\"searchable\":true,\"sortable\":true}},\"title\":{\"edit\":{\"label\":\"title\",\"description\":\"\",\"placeholder\":\"\",\"visible\":true,\"editable\":true},\"list\":{\"label\":\"title\",\"searchable\":true,\"sortable\":true}},\"summary\":{\"edit\":{\"label\":\"summary\",\"description\":\"\",\"placeholder\":\"\",\"visible\":true,\"editable\":true},\"list\":{\"label\":\"summary\",\"searchable\":true,\"sortable\":true}},\"hero\":{\"edit\":{\"label\":\"hero\",\"description\":\"\",\"placeholder\":\"\",\"visible\":true,\"editable\":true},\"list\":{\"label\":\"hero\",\"searchable\":false,\"sortable\":false}},\"sections\":{\"edit\":{\"label\":\"sections\",\"description\":\"\",\"placeholder\":\"\",\"visible\":true,\"editable\":true},\"list\":{\"label\":\"sections\",\"searchable\":false,\"sortable\":false}},\"seo\":{\"edit\":{\"label\":\"seo\",\"description\":\"\",\"placeholder\":\"\",\"visible\":true,\"editable\":true},\"list\":{\"label\":\"seo\",\"searchable\":false,\"sortable\":false}},\"createdAt\":{\"edit\":{\"label\":\"createdAt\",\"description\":\"\",\"placeholder\":\"\",\"visible\":false,\"editable\":true},\"list\":{\"label\":\"createdAt\",\"searchable\":true,\"sortable\":true}},\"updatedAt\":{\"edit\":{\"label\":\"updatedAt\",\"description\":\"\",\"placeholder\":\"\",\"visible\":false,\"editable\":true},\"list\":{\"label\":\"updatedAt\",\"searchable\":true,\"sortable\":true}},\"createdBy\":{\"edit\":{\"label\":\"createdBy\",\"description\":\"\",\"placeholder\":\"\",\"visible\":false,\"editable\":true,\"mainField\":\"firstname\"},\"list\":{\"label\":\"createdBy\",\"searchable\":true,\"sortable\":true}},\"updatedBy\":{\"edit\":{\"label\":\"updatedBy\",\"description\":\"\",\"placeholder\":\"\",\"visible\":false,\"editable\":true,\"mainField\":\"firstname\"},\"list\":{\"label\":\"updatedBy\",\"searchable\":true,\"sortable\":true}}},\"layouts\":{\"list\":[\"id\",\"title\",\"summary\",\"hero\"],\"edit\":[[{\"name\":\"title\",\"size\":6},{\"name\":\"summary\",\"size\":6}],[{\"name\":\"hero\",\"size\":12}],[{\"name\":\"sections\",\"size\":12}],[{\"name\":\"seo\",\"size\":12}]]},\"uid\":\"api::homepage.homepage\"}', 'object', NULL, NULL),
(66, 'plugin_content_manager_configuration_content_types::api::tag.tag', '{\"settings\":{\"bulkable\":true,\"filterable\":true,\"searchable\":true,\"pageSize\":10,\"mainField\":\"name\",\"defaultSortBy\":\"name\",\"defaultSortOrder\":\"ASC\"},\"metadatas\":{\"id\":{\"edit\":{},\"list\":{\"label\":\"id\",\"searchable\":true,\"sortable\":true}},\"name\":{\"edit\":{\"label\":\"name\",\"description\":\"\",\"placeholder\":\"\",\"visible\":true,\"editable\":true},\"list\":{\"label\":\"name\",\"searchable\":true,\"sortable\":true}},\"slug\":{\"edit\":{\"label\":\"slug\",\"description\":\"\",\"placeholder\":\"\",\"visible\":true,\"editable\":true},\"list\":{\"label\":\"slug\",\"searchable\":true,\"sortable\":true}},\"description\":{\"edit\":{\"label\":\"description\",\"description\":\"\",\"placeholder\":\"\",\"visible\":true,\"editable\":true},\"list\":{\"label\":\"description\",\"searchable\":true,\"sortable\":true}},\"createdAt\":{\"edit\":{\"label\":\"createdAt\",\"description\":\"\",\"placeholder\":\"\",\"visible\":false,\"editable\":true},\"list\":{\"label\":\"createdAt\",\"searchable\":true,\"sortable\":true}},\"updatedAt\":{\"edit\":{\"label\":\"updatedAt\",\"description\":\"\",\"placeholder\":\"\",\"visible\":false,\"editable\":true},\"list\":{\"label\":\"updatedAt\",\"searchable\":true,\"sortable\":true}},\"createdBy\":{\"edit\":{\"label\":\"createdBy\",\"description\":\"\",\"placeholder\":\"\",\"visible\":false,\"editable\":true,\"mainField\":\"firstname\"},\"list\":{\"label\":\"createdBy\",\"searchable\":true,\"sortable\":true}},\"updatedBy\":{\"edit\":{\"label\":\"updatedBy\",\"description\":\"\",\"placeholder\":\"\",\"visible\":false,\"editable\":true,\"mainField\":\"firstname\"},\"list\":{\"label\":\"updatedBy\",\"searchable\":true,\"sortable\":true}}},\"layouts\":{\"list\":[\"id\",\"name\",\"slug\",\"description\"],\"edit\":[[{\"name\":\"name\",\"size\":6},{\"name\":\"slug\",\"size\":6}],[{\"name\":\"description\",\"size\":6}]]},\"uid\":\"api::tag.tag\"}', 'object', NULL, NULL),
(67, 'plugin_content_manager_configuration_content_types::api::research-report.research-report', '{\"settings\":{\"bulkable\":true,\"filterable\":true,\"searchable\":true,\"pageSize\":10,\"mainField\":\"title\",\"defaultSortBy\":\"title\",\"defaultSortOrder\":\"ASC\"},\"metadatas\":{\"id\":{\"edit\":{},\"list\":{\"label\":\"id\",\"searchable\":true,\"sortable\":true}},\"title\":{\"edit\":{\"label\":\"title\",\"description\":\"\",\"placeholder\":\"\",\"visible\":true,\"editable\":true},\"list\":{\"label\":\"title\",\"searchable\":true,\"sortable\":true}},\"slug\":{\"edit\":{\"label\":\"slug\",\"description\":\"\",\"placeholder\":\"\",\"visible\":true,\"editable\":true},\"list\":{\"label\":\"slug\",\"searchable\":true,\"sortable\":true}},\"summary\":{\"edit\":{\"label\":\"summary\",\"description\":\"\",\"placeholder\":\"\",\"visible\":true,\"editable\":true},\"list\":{\"label\":\"summary\",\"searchable\":true,\"sortable\":true}},\"content\":{\"edit\":{\"label\":\"content\",\"description\":\"\",\"placeholder\":\"\",\"visible\":true,\"editable\":true},\"list\":{\"label\":\"content\",\"searchable\":false,\"sortable\":false}},\"coverImage\":{\"edit\":{\"label\":\"coverImage\",\"description\":\"\",\"placeholder\":\"\",\"visible\":true,\"editable\":true},\"list\":{\"label\":\"coverImage\",\"searchable\":false,\"sortable\":false}},\"reportType\":{\"edit\":{\"label\":\"reportType\",\"description\":\"\",\"placeholder\":\"\",\"visible\":true,\"editable\":true,\"mainField\":\"title\"},\"list\":{\"label\":\"reportType\",\"searchable\":true,\"sortable\":true}},\"publishDate\":{\"edit\":{\"label\":\"publishDate\",\"description\":\"\",\"placeholder\":\"\",\"visible\":true,\"editable\":true},\"list\":{\"label\":\"publishDate\",\"searchable\":true,\"sortable\":true}},\"featured\":{\"edit\":{\"label\":\"featured\",\"description\":\"\",\"placeholder\":\"\",\"visible\":true,\"editable\":true},\"list\":{\"label\":\"featured\",\"searchable\":true,\"sortable\":true}},\"category\":{\"edit\":{\"label\":\"category\",\"description\":\"\",\"placeholder\":\"\",\"visible\":true,\"editable\":true,\"mainField\":\"title\"},\"list\":{\"label\":\"category\",\"searchable\":true,\"sortable\":true}},\"author\":{\"edit\":{\"label\":\"author\",\"description\":\"\",\"placeholder\":\"\",\"visible\":true,\"editable\":true,\"mainField\":\"name\"},\"list\":{\"label\":\"author\",\"searchable\":true,\"sortable\":true}},\"tags\":{\"edit\":{\"label\":\"tags\",\"description\":\"\",\"placeholder\":\"\",\"visible\":true,\"editable\":true,\"mainField\":\"name\"},\"list\":{\"label\":\"tags\",\"searchable\":false,\"sortable\":false}},\"documents\":{\"edit\":{\"label\":\"documents\",\"description\":\"\",\"placeholder\":\"\",\"visible\":true,\"editable\":true,\"mainField\":\"title\"},\"list\":{\"label\":\"documents\",\"searchable\":false,\"sortable\":false}},\"seo\":{\"edit\":{\"label\":\"seo\",\"description\":\"\",\"placeholder\":\"\",\"visible\":true,\"editable\":true},\"list\":{\"label\":\"seo\",\"searchable\":false,\"sortable\":false}},\"createdAt\":{\"edit\":{\"label\":\"createdAt\",\"description\":\"\",\"placeholder\":\"\",\"visible\":false,\"editable\":true},\"list\":{\"label\":\"createdAt\",\"searchable\":true,\"sortable\":true}},\"updatedAt\":{\"edit\":{\"label\":\"updatedAt\",\"description\":\"\",\"placeholder\":\"\",\"visible\":false,\"editable\":true},\"list\":{\"label\":\"updatedAt\",\"searchable\":true,\"sortable\":true}},\"createdBy\":{\"edit\":{\"label\":\"createdBy\",\"description\":\"\",\"placeholder\":\"\",\"visible\":false,\"editable\":true,\"mainField\":\"firstname\"},\"list\":{\"label\":\"createdBy\",\"searchable\":true,\"sortable\":true}},\"updatedBy\":{\"edit\":{\"label\":\"updatedBy\",\"description\":\"\",\"placeholder\":\"\",\"visible\":false,\"editable\":true,\"mainField\":\"firstname\"},\"list\":{\"label\":\"updatedBy\",\"searchable\":true,\"sortable\":true}}},\"layouts\":{\"list\":[\"id\",\"title\",\"slug\",\"summary\"],\"edit\":[[{\"name\":\"title\",\"size\":6},{\"name\":\"slug\",\"size\":6}],[{\"name\":\"summary\",\"size\":6}],[{\"name\":\"content\",\"size\":12}],[{\"name\":\"coverImage\",\"size\":6},{\"name\":\"reportType\",\"size\":6}],[{\"name\":\"publishDate\",\"size\":6},{\"name\":\"featured\",\"size\":4}],[{\"name\":\"category\",\"size\":6},{\"name\":\"author\",\"size\":6}],[{\"name\":\"tags\",\"size\":6},{\"name\":\"documents\",\"size\":6}],[{\"name\":\"seo\",\"size\":12}]]},\"uid\":\"api::research-report.research-report\"}', 'object', NULL, NULL),
(68, 'plugin_content_manager_configuration_content_types::api::service-category.service-category', '{\"settings\":{\"bulkable\":true,\"filterable\":true,\"searchable\":true,\"pageSize\":10,\"mainField\":\"title\",\"defaultSortBy\":\"title\",\"defaultSortOrder\":\"ASC\"},\"metadatas\":{\"id\":{\"edit\":{},\"list\":{\"label\":\"id\",\"searchable\":true,\"sortable\":true}},\"title\":{\"edit\":{\"label\":\"title\",\"description\":\"\",\"placeholder\":\"\",\"visible\":true,\"editable\":true},\"list\":{\"label\":\"title\",\"searchable\":true,\"sortable\":true}},\"slug\":{\"edit\":{\"label\":\"slug\",\"description\":\"\",\"placeholder\":\"\",\"visible\":true,\"editable\":true},\"list\":{\"label\":\"slug\",\"searchable\":true,\"sortable\":true}},\"summary\":{\"edit\":{\"label\":\"summary\",\"description\":\"\",\"placeholder\":\"\",\"visible\":true,\"editable\":true},\"list\":{\"label\":\"summary\",\"searchable\":true,\"sortable\":true}},\"sortOrder\":{\"edit\":{\"label\":\"sortOrder\",\"description\":\"\",\"placeholder\":\"\",\"visible\":true,\"editable\":true},\"list\":{\"label\":\"sortOrder\",\"searchable\":true,\"sortable\":true}},\"services\":{\"edit\":{\"label\":\"services\",\"description\":\"\",\"placeholder\":\"\",\"visible\":true,\"editable\":true,\"mainField\":\"title\"},\"list\":{\"label\":\"services\",\"searchable\":false,\"sortable\":false}},\"createdAt\":{\"edit\":{\"label\":\"createdAt\",\"description\":\"\",\"placeholder\":\"\",\"visible\":false,\"editable\":true},\"list\":{\"label\":\"createdAt\",\"searchable\":true,\"sortable\":true}},\"updatedAt\":{\"edit\":{\"label\":\"updatedAt\",\"description\":\"\",\"placeholder\":\"\",\"visible\":false,\"editable\":true},\"list\":{\"label\":\"updatedAt\",\"searchable\":true,\"sortable\":true}},\"createdBy\":{\"edit\":{\"label\":\"createdBy\",\"description\":\"\",\"placeholder\":\"\",\"visible\":false,\"editable\":true,\"mainField\":\"firstname\"},\"list\":{\"label\":\"createdBy\",\"searchable\":true,\"sortable\":true}},\"updatedBy\":{\"edit\":{\"label\":\"updatedBy\",\"description\":\"\",\"placeholder\":\"\",\"visible\":false,\"editable\":true,\"mainField\":\"firstname\"},\"list\":{\"label\":\"updatedBy\",\"searchable\":true,\"sortable\":true}}},\"layouts\":{\"list\":[\"id\",\"title\",\"slug\",\"summary\"],\"edit\":[[{\"name\":\"title\",\"size\":6},{\"name\":\"slug\",\"size\":6}],[{\"name\":\"summary\",\"size\":6},{\"name\":\"sortOrder\",\"size\":4}],[{\"name\":\"services\",\"size\":6}]]},\"uid\":\"api::service-category.service-category\"}', 'object', NULL, NULL),
(69, 'plugin_upload_settings', '{\"sizeOptimization\":true,\"responsiveDimensions\":true,\"autoOrientation\":false}', 'object', NULL, NULL),
(70, 'plugin_upload_view_configuration', '{\"pageSize\":10,\"sort\":\"createdAt:DESC\"}', 'object', NULL, NULL),
(71, 'plugin_upload_metrics', '{\"weeklySchedule\":\"54 53 12 * * 6\",\"lastWeeklyUpdate\":1776491642131}', 'object', NULL, NULL),
(72, 'plugin_i18n_default_locale', '\"en\"', 'string', NULL, NULL),
(73, 'plugin_users-permissions_grant', '{\"email\":{\"icon\":\"envelope\",\"enabled\":true},\"discord\":{\"icon\":\"discord\",\"enabled\":false,\"key\":\"\",\"secret\":\"\",\"callbackUrl\":\"http://localhost:1337/api/auth/discord/callback\",\"scope\":[\"identify\",\"email\"]},\"facebook\":{\"icon\":\"facebook-square\",\"enabled\":false,\"key\":\"\",\"secret\":\"\",\"callbackUrl\":\"http://localhost:1337/api/auth/facebook/callback\",\"scope\":[\"email\"]},\"google\":{\"icon\":\"google\",\"enabled\":false,\"key\":\"\",\"secret\":\"\",\"callbackUrl\":\"http://localhost:1337/api/auth/google/callback\",\"scope\":[\"email\"]},\"github\":{\"icon\":\"github\",\"enabled\":false,\"key\":\"\",\"secret\":\"\",\"callbackUrl\":\"http://localhost:1337/api/auth/github/callback\",\"scope\":[\"user\",\"user:email\"]},\"microsoft\":{\"icon\":\"windows\",\"enabled\":false,\"key\":\"\",\"secret\":\"\",\"callbackUrl\":\"http://localhost:1337/api/auth/microsoft/callback\",\"scope\":[\"user.read\"]},\"twitter\":{\"icon\":\"twitter\",\"enabled\":false,\"key\":\"\",\"secret\":\"\",\"callbackUrl\":\"http://localhost:1337/api/auth/twitter/callback\"},\"instagram\":{\"icon\":\"instagram\",\"enabled\":false,\"key\":\"\",\"secret\":\"\",\"callbackUrl\":\"http://localhost:1337/api/auth/instagram/callback\",\"scope\":[\"user_profile\"]},\"vk\":{\"icon\":\"vk\",\"enabled\":false,\"key\":\"\",\"secret\":\"\",\"callbackUrl\":\"http://localhost:1337/api/auth/vk/callback\",\"scope\":[\"email\"]},\"twitch\":{\"icon\":\"twitch\",\"enabled\":false,\"key\":\"\",\"secret\":\"\",\"callbackUrl\":\"http://localhost:1337/api/auth/twitch/callback\",\"scope\":[\"user:read:email\"]},\"linkedin\":{\"icon\":\"linkedin\",\"enabled\":false,\"key\":\"\",\"secret\":\"\",\"callbackUrl\":\"http://localhost:1337/api/auth/linkedin/callback\",\"scope\":[\"r_liteprofile\",\"r_emailaddress\"]},\"cognito\":{\"icon\":\"aws\",\"enabled\":false,\"key\":\"\",\"secret\":\"\",\"subdomain\":\"my.subdomain.com\",\"callback\":\"http://localhost:1337/api/auth/cognito/callback\",\"scope\":[\"email\",\"openid\",\"profile\"]},\"reddit\":{\"icon\":\"reddit\",\"enabled\":false,\"key\":\"\",\"secret\":\"\",\"callback\":\"http://localhost:1337/api/auth/reddit/callback\",\"scope\":[\"identity\"]},\"auth0\":{\"icon\":\"\",\"enabled\":false,\"key\":\"\",\"secret\":\"\",\"subdomain\":\"my-tenant.eu\",\"callback\":\"http://localhost:1337/api/auth/auth0/callback\",\"scope\":[\"openid\",\"email\",\"profile\"]},\"cas\":{\"icon\":\"book\",\"enabled\":false,\"key\":\"\",\"secret\":\"\",\"callback\":\"http://localhost:1337/api/auth/cas/callback\",\"scope\":[\"openid email\"],\"subdomain\":\"my.subdomain.com/cas\"},\"patreon\":{\"icon\":\"\",\"enabled\":false,\"key\":\"\",\"secret\":\"\",\"callback\":\"http://localhost:1337/api/auth/patreon/callback\",\"scope\":[\"identity\",\"identity[email]\"]},\"keycloak\":{\"icon\":\"\",\"enabled\":false,\"key\":\"\",\"secret\":\"\",\"subdomain\":\"myKeycloakProvider.com/realms/myrealm\",\"callback\":\"http://localhost:1337/api/auth/keycloak/callback\",\"scope\":[\"openid\",\"email\",\"profile\"]}}', 'object', NULL, NULL),
(74, 'plugin_users-permissions_email', '{\"reset_password\":{\"display\":\"Email.template.reset_password\",\"icon\":\"sync\",\"options\":{\"from\":{\"name\":\"Administration Panel\",\"email\":\"no-reply@strapi.io\"},\"response_email\":\"\",\"object\":\"Reset password\",\"message\":\"<p>We heard that you lost your password. Sorry about that!</p>\\n\\n<p>But don’t worry! You can use the following link to reset your password:</p>\\n<p><%= URL %>?code=<%= TOKEN %></p>\\n\\n<p>Thanks.</p>\"}},\"email_confirmation\":{\"display\":\"Email.template.email_confirmation\",\"icon\":\"check-square\",\"options\":{\"from\":{\"name\":\"Administration Panel\",\"email\":\"no-reply@strapi.io\"},\"response_email\":\"\",\"object\":\"Account confirmation\",\"message\":\"<p>Thank you for registering!</p>\\n\\n<p>You have to confirm your email address. Please click on the link below.</p>\\n\\n<p><%= URL %>?confirmation=<%= CODE %></p>\\n\\n<p>Thanks.</p>\"}}}', 'object', NULL, NULL),
(75, 'plugin_users-permissions_advanced', '{\"unique_email\":true,\"allow_register\":true,\"email_confirmation\":false,\"email_reset_password\":null,\"email_confirmation_redirection\":null,\"default_role\":\"authenticated\"}', 'object', NULL, NULL),
(76, 'core_admin_auth', '{\"providers\":{\"autoRegister\":false,\"defaultRole\":null,\"ssoLockedRoles\":null}}', 'object', NULL, NULL),
(77, 'plugin_content_manager_configuration_components::shared.nested-link-item', '{\"settings\":{\"bulkable\":true,\"filterable\":true,\"searchable\":true,\"pageSize\":10,\"mainField\":\"label\",\"defaultSortBy\":\"label\",\"defaultSortOrder\":\"ASC\"},\"metadatas\":{\"id\":{\"edit\":{},\"list\":{\"label\":\"id\",\"searchable\":false,\"sortable\":false}},\"label\":{\"edit\":{\"label\":\"label\",\"description\":\"\",\"placeholder\":\"\",\"visible\":true,\"editable\":true},\"list\":{\"label\":\"label\",\"searchable\":true,\"sortable\":true}},\"href\":{\"edit\":{\"label\":\"href\",\"description\":\"\",\"placeholder\":\"\",\"visible\":true,\"editable\":true},\"list\":{\"label\":\"href\",\"searchable\":true,\"sortable\":true}},\"target\":{\"edit\":{\"label\":\"target\",\"description\":\"\",\"placeholder\":\"\",\"visible\":true,\"editable\":true},\"list\":{\"label\":\"target\",\"searchable\":true,\"sortable\":true}},\"description\":{\"edit\":{\"label\":\"description\",\"description\":\"\",\"placeholder\":\"\",\"visible\":true,\"editable\":true},\"list\":{\"label\":\"description\",\"searchable\":true,\"sortable\":true}}},\"layouts\":{\"list\":[\"id\",\"label\",\"href\",\"target\"],\"edit\":[[{\"name\":\"label\",\"size\":6},{\"name\":\"href\",\"size\":6}],[{\"name\":\"target\",\"size\":6},{\"name\":\"description\",\"size\":6}]]},\"uid\":\"shared.nested-link-item\",\"isComponent\":true}', 'object', NULL, NULL),
(78, 'plugin_content_manager_configuration_components::shared.home-partner-item', '{\"settings\":{\"bulkable\":true,\"filterable\":true,\"searchable\":true,\"pageSize\":10,\"mainField\":\"name\",\"defaultSortBy\":\"name\",\"defaultSortOrder\":\"ASC\"},\"metadatas\":{\"id\":{\"edit\":{},\"list\":{\"label\":\"id\",\"searchable\":false,\"sortable\":false}},\"name\":{\"edit\":{\"label\":\"name\",\"description\":\"\",\"placeholder\":\"\",\"visible\":true,\"editable\":true},\"list\":{\"label\":\"name\",\"searchable\":true,\"sortable\":true}},\"shortDesc\":{\"edit\":{\"label\":\"shortDesc\",\"description\":\"\",\"placeholder\":\"\",\"visible\":true,\"editable\":true},\"list\":{\"label\":\"shortDesc\",\"searchable\":true,\"sortable\":true}},\"href\":{\"edit\":{\"label\":\"href\",\"description\":\"\",\"placeholder\":\"\",\"visible\":true,\"editable\":true},\"list\":{\"label\":\"href\",\"searchable\":true,\"sortable\":true}},\"alt\":{\"edit\":{\"label\":\"alt\",\"description\":\"\",\"placeholder\":\"\",\"visible\":true,\"editable\":true},\"list\":{\"label\":\"alt\",\"searchable\":true,\"sortable\":true}},\"logo\":{\"edit\":{\"label\":\"logo\",\"description\":\"\",\"placeholder\":\"\",\"visible\":true,\"editable\":true},\"list\":{\"label\":\"logo\",\"searchable\":false,\"sortable\":false}},\"priority\":{\"edit\":{\"label\":\"priority\",\"description\":\"\",\"placeholder\":\"\",\"visible\":true,\"editable\":true},\"list\":{\"label\":\"priority\",\"searchable\":true,\"sortable\":true}},\"active\":{\"edit\":{\"label\":\"active\",\"description\":\"\",\"placeholder\":\"\",\"visible\":true,\"editable\":true},\"list\":{\"label\":\"active\",\"searchable\":true,\"sortable\":true}}},\"layouts\":{\"list\":[\"id\",\"name\",\"shortDesc\",\"href\"],\"edit\":[[{\"name\":\"name\",\"size\":6},{\"name\":\"shortDesc\",\"size\":6}],[{\"name\":\"href\",\"size\":6},{\"name\":\"alt\",\"size\":6}],[{\"name\":\"logo\",\"size\":6},{\"name\":\"priority\",\"size\":4}],[{\"name\":\"active\",\"size\":4}]]},\"uid\":\"shared.home-partner-item\",\"isComponent\":true}', 'object', NULL, NULL),
(79, 'plugin_content_manager_configuration_components::shared.home-ai-card', '{\"settings\":{\"bulkable\":true,\"filterable\":true,\"searchable\":true,\"pageSize\":10,\"mainField\":\"title\",\"defaultSortBy\":\"title\",\"defaultSortOrder\":\"ASC\"},\"metadatas\":{\"id\":{\"edit\":{},\"list\":{\"label\":\"id\",\"searchable\":false,\"sortable\":false}},\"title\":{\"edit\":{\"label\":\"title\",\"description\":\"\",\"placeholder\":\"\",\"visible\":true,\"editable\":true},\"list\":{\"label\":\"title\",\"searchable\":true,\"sortable\":true}},\"description\":{\"edit\":{\"label\":\"description\",\"description\":\"\",\"placeholder\":\"\",\"visible\":true,\"editable\":true},\"list\":{\"label\":\"description\",\"searchable\":true,\"sortable\":true}},\"value\":{\"edit\":{\"label\":\"value\",\"description\":\"\",\"placeholder\":\"\",\"visible\":true,\"editable\":true},\"list\":{\"label\":\"value\",\"searchable\":true,\"sortable\":true}}},\"layouts\":{\"list\":[\"id\",\"title\",\"description\",\"value\"],\"edit\":[[{\"name\":\"title\",\"size\":6},{\"name\":\"description\",\"size\":6}],[{\"name\":\"value\",\"size\":6}]]},\"uid\":\"shared.home-ai-card\",\"isComponent\":true}', 'object', NULL, NULL),
(80, 'plugin_content_manager_configuration_components::sections.home-one-shinhan-section', '{\"settings\":{\"bulkable\":true,\"filterable\":true,\"searchable\":true,\"pageSize\":10,\"mainField\":\"kicker\",\"defaultSortBy\":\"kicker\",\"defaultSortOrder\":\"ASC\"},\"metadatas\":{\"id\":{\"edit\":{},\"list\":{\"label\":\"id\",\"searchable\":false,\"sortable\":false}},\"positionIndex\":{\"edit\":{\"label\":\"positionIndex\",\"description\":\"\",\"placeholder\":\"\",\"visible\":true,\"editable\":true},\"list\":{\"label\":\"positionIndex\",\"searchable\":true,\"sortable\":true}},\"kicker\":{\"edit\":{\"label\":\"kicker\",\"description\":\"\",\"placeholder\":\"\",\"visible\":true,\"editable\":true},\"list\":{\"label\":\"kicker\",\"searchable\":true,\"sortable\":true}},\"profileLabel\":{\"edit\":{\"label\":\"profileLabel\",\"description\":\"\",\"placeholder\":\"\",\"visible\":true,\"editable\":true},\"list\":{\"label\":\"profileLabel\",\"searchable\":true,\"sortable\":true}},\"title\":{\"edit\":{\"label\":\"title\",\"description\":\"\",\"placeholder\":\"\",\"visible\":true,\"editable\":true},\"list\":{\"label\":\"title\",\"searchable\":true,\"sortable\":true}},\"subtitle\":{\"edit\":{\"label\":\"subtitle\",\"description\":\"\",\"placeholder\":\"\",\"visible\":true,\"editable\":true},\"list\":{\"label\":\"subtitle\",\"searchable\":true,\"sortable\":true}},\"logo\":{\"edit\":{\"label\":\"logo\",\"description\":\"\",\"placeholder\":\"\",\"visible\":true,\"editable\":true},\"list\":{\"label\":\"logo\",\"searchable\":false,\"sortable\":false}},\"logoAlt\":{\"edit\":{\"label\":\"logoAlt\",\"description\":\"\",\"placeholder\":\"\",\"visible\":true,\"editable\":true},\"list\":{\"label\":\"logoAlt\",\"searchable\":true,\"sortable\":true}},\"visitLabel\":{\"edit\":{\"label\":\"visitLabel\",\"description\":\"\",\"placeholder\":\"\",\"visible\":true,\"editable\":true},\"list\":{\"label\":\"visitLabel\",\"searchable\":true,\"sortable\":true}},\"carouselLabel\":{\"edit\":{\"label\":\"carouselLabel\",\"description\":\"\",\"placeholder\":\"\",\"visible\":true,\"editable\":true},\"list\":{\"label\":\"carouselLabel\",\"searchable\":true,\"sortable\":true}},\"ecosystemLabel\":{\"edit\":{\"label\":\"ecosystemLabel\",\"description\":\"\",\"placeholder\":\"\",\"visible\":true,\"editable\":true},\"list\":{\"label\":\"ecosystemLabel\",\"searchable\":true,\"sortable\":true}},\"officeCountLabel\":{\"edit\":{\"label\":\"officeCountLabel\",\"description\":\"\",\"placeholder\":\"\",\"visible\":true,\"editable\":true},\"list\":{\"label\":\"officeCountLabel\",\"searchable\":true,\"sortable\":true}},\"officeLocationPrimary\":{\"edit\":{\"label\":\"officeLocationPrimary\",\"description\":\"\",\"placeholder\":\"\",\"visible\":true,\"editable\":true},\"list\":{\"label\":\"officeLocationPrimary\",\"searchable\":true,\"sortable\":true}},\"officeLocationSecondary\":{\"edit\":{\"label\":\"officeLocationSecondary\",\"description\":\"\",\"placeholder\":\"\",\"visible\":true,\"editable\":true},\"list\":{\"label\":\"officeLocationSecondary\",\"searchable\":true,\"sortable\":true}},\"footerTitle\":{\"edit\":{\"label\":\"footerTitle\",\"description\":\"\",\"placeholder\":\"\",\"visible\":true,\"editable\":true},\"list\":{\"label\":\"footerTitle\",\"searchable\":true,\"sortable\":true}},\"footerDescription\":{\"edit\":{\"label\":\"footerDescription\",\"description\":\"\",\"placeholder\":\"\",\"visible\":true,\"editable\":true},\"list\":{\"label\":\"footerDescription\",\"searchable\":true,\"sortable\":true}},\"highlights\":{\"edit\":{\"label\":\"highlights\",\"description\":\"\",\"placeholder\":\"\",\"visible\":true,\"editable\":true},\"list\":{\"label\":\"highlights\",\"searchable\":false,\"sortable\":false}},\"partners\":{\"edit\":{\"label\":\"partners\",\"description\":\"\",\"placeholder\":\"\",\"visible\":true,\"editable\":true},\"list\":{\"label\":\"partners\",\"searchable\":false,\"sortable\":false}}},\"layouts\":{\"list\":[\"id\",\"kicker\",\"title\",\"subtitle\"],\"edit\":[[{\"name\":\"kicker\",\"size\":6},{\"name\":\"title\",\"size\":6}],[{\"name\":\"subtitle\",\"size\":6},{\"name\":\"logo\",\"size\":6}],[{\"name\":\"logoAlt\",\"size\":6},{\"name\":\"visitLabel\",\"size\":6}],[{\"name\":\"carouselLabel\",\"size\":6}],[{\"name\":\"partners\",\"size\":12}],[{\"name\":\"highlights\",\"size\":12}],[{\"name\":\"profileLabel\",\"size\":6},{\"name\":\"ecosystemLabel\",\"size\":6}],[{\"name\":\"officeCountLabel\",\"size\":6},{\"name\":\"officeLocationPrimary\",\"size\":6}],[{\"name\":\"officeLocationSecondary\",\"size\":6},{\"name\":\"footerTitle\",\"size\":6}],[{\"name\":\"footerDescription\",\"size\":6},{\"name\":\"positionIndex\",\"size\":4}]]},\"uid\":\"sections.home-one-shinhan-section\",\"isComponent\":true}', 'object', NULL, NULL),
(81, 'plugin_content_manager_configuration_components::sections.home-ecosystem-section', '{\"settings\":{\"bulkable\":true,\"filterable\":true,\"searchable\":true,\"pageSize\":10,\"mainField\":\"eyebrow\",\"defaultSortBy\":\"eyebrow\",\"defaultSortOrder\":\"ASC\"},\"metadatas\":{\"id\":{\"edit\":{},\"list\":{\"label\":\"id\",\"searchable\":false,\"sortable\":false}},\"positionIndex\":{\"edit\":{\"label\":\"positionIndex\",\"description\":\"\",\"placeholder\":\"\",\"visible\":true,\"editable\":true},\"list\":{\"label\":\"positionIndex\",\"searchable\":true,\"sortable\":true}},\"eyebrow\":{\"edit\":{\"label\":\"eyebrow\",\"description\":\"\",\"placeholder\":\"\",\"visible\":true,\"editable\":true},\"list\":{\"label\":\"eyebrow\",\"searchable\":true,\"sortable\":true}},\"title\":{\"edit\":{\"label\":\"title\",\"description\":\"\",\"placeholder\":\"\",\"visible\":true,\"editable\":true},\"list\":{\"label\":\"title\",\"searchable\":true,\"sortable\":true}},\"description\":{\"edit\":{\"label\":\"description\",\"description\":\"\",\"placeholder\":\"\",\"visible\":true,\"editable\":true},\"list\":{\"label\":\"description\",\"searchable\":true,\"sortable\":true}},\"primaryButton\":{\"edit\":{\"label\":\"primaryButton\",\"description\":\"\",\"placeholder\":\"\",\"visible\":true,\"editable\":true},\"list\":{\"label\":\"primaryButton\",\"searchable\":false,\"sortable\":false}},\"secondaryButton\":{\"edit\":{\"label\":\"secondaryButton\",\"description\":\"\",\"placeholder\":\"\",\"visible\":true,\"editable\":true},\"list\":{\"label\":\"secondaryButton\",\"searchable\":false,\"sortable\":false}},\"marketLabel\":{\"edit\":{\"label\":\"marketLabel\",\"description\":\"\",\"placeholder\":\"\",\"visible\":true,\"editable\":true},\"list\":{\"label\":\"marketLabel\",\"searchable\":true,\"sortable\":true}},\"quickLinks\":{\"edit\":{\"label\":\"quickLinks\",\"description\":\"\",\"placeholder\":\"\",\"visible\":true,\"editable\":true},\"list\":{\"label\":\"quickLinks\",\"searchable\":false,\"sortable\":false}},\"shortcutLinks\":{\"edit\":{\"label\":\"shortcutLinks\",\"description\":\"\",\"placeholder\":\"\",\"visible\":true,\"editable\":true},\"list\":{\"label\":\"shortcutLinks\",\"searchable\":false,\"sortable\":false}}},\"layouts\":{\"list\":[\"id\",\"eyebrow\",\"title\",\"description\"],\"edit\":[[{\"name\":\"eyebrow\",\"size\":6},{\"name\":\"title\",\"size\":6}],[{\"name\":\"description\",\"size\":6}],[{\"name\":\"primaryButton\",\"size\":12}],[{\"name\":\"secondaryButton\",\"size\":12}],[{\"name\":\"marketLabel\",\"size\":6}],[{\"name\":\"quickLinks\",\"size\":12}],[{\"name\":\"shortcutLinks\",\"size\":12}],[{\"name\":\"positionIndex\",\"size\":4}]]},\"uid\":\"sections.home-ecosystem-section\",\"isComponent\":true}', 'object', NULL, NULL),
(82, 'plugin_content_manager_configuration_components::sections.home-ai-stack-section', '{\"settings\":{\"bulkable\":true,\"filterable\":true,\"searchable\":true,\"pageSize\":10,\"mainField\":\"eyebrow\",\"defaultSortBy\":\"eyebrow\",\"defaultSortOrder\":\"ASC\"},\"metadatas\":{\"id\":{\"edit\":{},\"list\":{\"label\":\"id\",\"searchable\":false,\"sortable\":false}},\"positionIndex\":{\"edit\":{\"label\":\"positionIndex\",\"description\":\"\",\"placeholder\":\"\",\"visible\":true,\"editable\":true},\"list\":{\"label\":\"positionIndex\",\"searchable\":true,\"sortable\":true}},\"eyebrow\":{\"edit\":{\"label\":\"eyebrow\",\"description\":\"\",\"placeholder\":\"\",\"visible\":true,\"editable\":true},\"list\":{\"label\":\"eyebrow\",\"searchable\":true,\"sortable\":true}},\"title\":{\"edit\":{\"label\":\"title\",\"description\":\"\",\"placeholder\":\"\",\"visible\":true,\"editable\":true},\"list\":{\"label\":\"title\",\"searchable\":true,\"sortable\":true}},\"cards\":{\"edit\":{\"label\":\"cards\",\"description\":\"\",\"placeholder\":\"\",\"visible\":true,\"editable\":true},\"list\":{\"label\":\"cards\",\"searchable\":false,\"sortable\":false}}},\"layouts\":{\"list\":[\"id\",\"eyebrow\",\"title\",\"cards\"],\"edit\":[[{\"name\":\"eyebrow\",\"size\":6},{\"name\":\"title\",\"size\":6}],[{\"name\":\"cards\",\"size\":12}],[{\"name\":\"positionIndex\",\"size\":4}]]},\"uid\":\"sections.home-ai-stack-section\",\"isComponent\":true}', 'object', NULL, NULL),
(83, 'plugin_content_manager_configuration_components::shared.advisor-card', '{\"settings\":{\"bulkable\":true,\"filterable\":true,\"searchable\":true,\"pageSize\":10,\"mainField\":\"name\",\"defaultSortBy\":\"name\",\"defaultSortOrder\":\"ASC\"},\"metadatas\":{\"id\":{\"edit\":{},\"list\":{\"label\":\"id\",\"searchable\":false,\"sortable\":false}},\"name\":{\"edit\":{\"label\":\"name\",\"description\":\"\",\"placeholder\":\"\",\"visible\":true,\"editable\":true},\"list\":{\"label\":\"name\",\"searchable\":true,\"sortable\":true}},\"quote\":{\"edit\":{\"label\":\"quote\",\"description\":\"\",\"placeholder\":\"\",\"visible\":true,\"editable\":true},\"list\":{\"label\":\"quote\",\"searchable\":true,\"sortable\":true}},\"cert\":{\"edit\":{\"label\":\"cert\",\"description\":\"\",\"placeholder\":\"\",\"visible\":true,\"editable\":true},\"list\":{\"label\":\"cert\",\"searchable\":true,\"sortable\":true}},\"experience\":{\"edit\":{\"label\":\"experience\",\"description\":\"\",\"placeholder\":\"\",\"visible\":true,\"editable\":true},\"list\":{\"label\":\"experience\",\"searchable\":true,\"sortable\":true}},\"phone\":{\"edit\":{\"label\":\"phone\",\"description\":\"\",\"placeholder\":\"\",\"visible\":true,\"editable\":true},\"list\":{\"label\":\"phone\",\"searchable\":true,\"sortable\":true}},\"avatar\":{\"edit\":{\"label\":\"avatar\",\"description\":\"\",\"placeholder\":\"\",\"visible\":true,\"editable\":true},\"list\":{\"label\":\"avatar\",\"searchable\":false,\"sortable\":false}},\"badge\":{\"edit\":{\"label\":\"badge\",\"description\":\"\",\"placeholder\":\"\",\"visible\":true,\"editable\":true},\"list\":{\"label\":\"badge\",\"searchable\":true,\"sortable\":true}},\"ctaLabel\":{\"edit\":{\"label\":\"ctaLabel\",\"description\":\"\",\"placeholder\":\"\",\"visible\":true,\"editable\":true},\"list\":{\"label\":\"ctaLabel\",\"searchable\":true,\"sortable\":true}},\"ctaHref\":{\"edit\":{\"label\":\"ctaHref\",\"description\":\"\",\"placeholder\":\"\",\"visible\":true,\"editable\":true},\"list\":{\"label\":\"ctaHref\",\"searchable\":true,\"sortable\":true}}},\"layouts\":{\"list\":[\"id\",\"name\",\"quote\",\"cert\"],\"edit\":[[{\"name\":\"name\",\"size\":6},{\"name\":\"quote\",\"size\":6}],[{\"name\":\"cert\",\"size\":6},{\"name\":\"experience\",\"size\":6}],[{\"name\":\"phone\",\"size\":6},{\"name\":\"avatar\",\"size\":6}],[{\"name\":\"badge\",\"size\":6},{\"name\":\"ctaLabel\",\"size\":6}],[{\"name\":\"ctaHref\",\"size\":6}]]},\"uid\":\"shared.advisor-card\",\"isComponent\":true}', 'object', NULL, NULL),
(84, 'plugin_content_manager_configuration_content_types::api::research-report-type.research-report-type', '{\"settings\":{\"bulkable\":true,\"filterable\":true,\"searchable\":true,\"pageSize\":10,\"mainField\":\"title\",\"defaultSortBy\":\"title\",\"defaultSortOrder\":\"ASC\"},\"metadatas\":{\"id\":{\"edit\":{},\"list\":{\"label\":\"id\",\"searchable\":true,\"sortable\":true}},\"title\":{\"edit\":{\"label\":\"title\",\"description\":\"\",\"placeholder\":\"\",\"visible\":true,\"editable\":true},\"list\":{\"label\":\"title\",\"searchable\":true,\"sortable\":true}},\"slug\":{\"edit\":{\"label\":\"slug\",\"description\":\"\",\"placeholder\":\"\",\"visible\":true,\"editable\":true},\"list\":{\"label\":\"slug\",\"searchable\":true,\"sortable\":true}},\"summary\":{\"edit\":{\"label\":\"summary\",\"description\":\"\",\"placeholder\":\"\",\"visible\":true,\"editable\":true},\"list\":{\"label\":\"summary\",\"searchable\":true,\"sortable\":true}},\"sortOrder\":{\"edit\":{\"label\":\"sortOrder\",\"description\":\"\",\"placeholder\":\"\",\"visible\":true,\"editable\":true},\"list\":{\"label\":\"sortOrder\",\"searchable\":true,\"sortable\":true}},\"reports\":{\"edit\":{\"label\":\"reports\",\"description\":\"\",\"placeholder\":\"\",\"visible\":true,\"editable\":true,\"mainField\":\"title\"},\"list\":{\"label\":\"reports\",\"searchable\":false,\"sortable\":false}},\"createdAt\":{\"edit\":{\"label\":\"createdAt\",\"description\":\"\",\"placeholder\":\"\",\"visible\":false,\"editable\":true},\"list\":{\"label\":\"createdAt\",\"searchable\":true,\"sortable\":true}},\"updatedAt\":{\"edit\":{\"label\":\"updatedAt\",\"description\":\"\",\"placeholder\":\"\",\"visible\":false,\"editable\":true},\"list\":{\"label\":\"updatedAt\",\"searchable\":true,\"sortable\":true}},\"createdBy\":{\"edit\":{\"label\":\"createdBy\",\"description\":\"\",\"placeholder\":\"\",\"visible\":false,\"editable\":true,\"mainField\":\"firstname\"},\"list\":{\"label\":\"createdBy\",\"searchable\":true,\"sortable\":true}},\"updatedBy\":{\"edit\":{\"label\":\"updatedBy\",\"description\":\"\",\"placeholder\":\"\",\"visible\":false,\"editable\":true,\"mainField\":\"firstname\"},\"list\":{\"label\":\"updatedBy\",\"searchable\":true,\"sortable\":true}}},\"layouts\":{\"list\":[\"id\",\"title\",\"slug\",\"summary\"],\"edit\":[[{\"name\":\"title\",\"size\":6},{\"name\":\"slug\",\"size\":6}],[{\"name\":\"summary\",\"size\":6},{\"name\":\"sortOrder\",\"size\":4}],[{\"name\":\"reports\",\"size\":6}]]},\"uid\":\"api::research-report-type.research-report-type\"}', 'object', NULL, NULL),
(85, 'plugin_content_manager_configuration_content_types::api::page-type.page-type', '{\"settings\":{\"bulkable\":true,\"filterable\":true,\"searchable\":true,\"pageSize\":10,\"mainField\":\"title\",\"defaultSortBy\":\"title\",\"defaultSortOrder\":\"ASC\"},\"metadatas\":{\"id\":{\"edit\":{},\"list\":{\"label\":\"id\",\"searchable\":true,\"sortable\":true}},\"title\":{\"edit\":{\"label\":\"title\",\"description\":\"\",\"placeholder\":\"\",\"visible\":true,\"editable\":true},\"list\":{\"label\":\"title\",\"searchable\":true,\"sortable\":true}},\"slug\":{\"edit\":{\"label\":\"slug\",\"description\":\"\",\"placeholder\":\"\",\"visible\":true,\"editable\":true},\"list\":{\"label\":\"slug\",\"searchable\":true,\"sortable\":true}},\"summary\":{\"edit\":{\"label\":\"summary\",\"description\":\"\",\"placeholder\":\"\",\"visible\":true,\"editable\":true},\"list\":{\"label\":\"summary\",\"searchable\":true,\"sortable\":true}},\"sortOrder\":{\"edit\":{\"label\":\"sortOrder\",\"description\":\"\",\"placeholder\":\"\",\"visible\":true,\"editable\":true},\"list\":{\"label\":\"sortOrder\",\"searchable\":true,\"sortable\":true}},\"pages\":{\"edit\":{\"label\":\"pages\",\"description\":\"\",\"placeholder\":\"\",\"visible\":true,\"editable\":true,\"mainField\":\"title\"},\"list\":{\"label\":\"pages\",\"searchable\":false,\"sortable\":false}},\"createdAt\":{\"edit\":{\"label\":\"createdAt\",\"description\":\"\",\"placeholder\":\"\",\"visible\":false,\"editable\":true},\"list\":{\"label\":\"createdAt\",\"searchable\":true,\"sortable\":true}},\"updatedAt\":{\"edit\":{\"label\":\"updatedAt\",\"description\":\"\",\"placeholder\":\"\",\"visible\":false,\"editable\":true},\"list\":{\"label\":\"updatedAt\",\"searchable\":true,\"sortable\":true}},\"createdBy\":{\"edit\":{\"label\":\"createdBy\",\"description\":\"\",\"placeholder\":\"\",\"visible\":false,\"editable\":true,\"mainField\":\"firstname\"},\"list\":{\"label\":\"createdBy\",\"searchable\":true,\"sortable\":true}},\"updatedBy\":{\"edit\":{\"label\":\"updatedBy\",\"description\":\"\",\"placeholder\":\"\",\"visible\":false,\"editable\":true,\"mainField\":\"firstname\"},\"list\":{\"label\":\"updatedBy\",\"searchable\":true,\"sortable\":true}}},\"layouts\":{\"list\":[\"id\",\"title\",\"slug\",\"summary\"],\"edit\":[[{\"name\":\"title\",\"size\":6},{\"name\":\"slug\",\"size\":6}],[{\"name\":\"summary\",\"size\":6},{\"name\":\"sortOrder\",\"size\":4}],[{\"name\":\"pages\",\"size\":6}]]},\"uid\":\"api::page-type.page-type\"}', 'object', NULL, NULL),
(86, 'plugin_content_manager_configuration_content_types::api::employment-type.employment-type', '{\"settings\":{\"bulkable\":true,\"filterable\":true,\"searchable\":true,\"pageSize\":10,\"mainField\":\"title\",\"defaultSortBy\":\"title\",\"defaultSortOrder\":\"ASC\"},\"metadatas\":{\"id\":{\"edit\":{},\"list\":{\"label\":\"id\",\"searchable\":true,\"sortable\":true}},\"title\":{\"edit\":{\"label\":\"title\",\"description\":\"\",\"placeholder\":\"\",\"visible\":true,\"editable\":true},\"list\":{\"label\":\"title\",\"searchable\":true,\"sortable\":true}},\"slug\":{\"edit\":{\"label\":\"slug\",\"description\":\"\",\"placeholder\":\"\",\"visible\":true,\"editable\":true},\"list\":{\"label\":\"slug\",\"searchable\":true,\"sortable\":true}},\"summary\":{\"edit\":{\"label\":\"summary\",\"description\":\"\",\"placeholder\":\"\",\"visible\":true,\"editable\":true},\"list\":{\"label\":\"summary\",\"searchable\":true,\"sortable\":true}},\"sortOrder\":{\"edit\":{\"label\":\"sortOrder\",\"description\":\"\",\"placeholder\":\"\",\"visible\":true,\"editable\":true},\"list\":{\"label\":\"sortOrder\",\"searchable\":true,\"sortable\":true}},\"jobs\":{\"edit\":{\"label\":\"jobs\",\"description\":\"\",\"placeholder\":\"\",\"visible\":true,\"editable\":true,\"mainField\":\"title\"},\"list\":{\"label\":\"jobs\",\"searchable\":false,\"sortable\":false}},\"createdAt\":{\"edit\":{\"label\":\"createdAt\",\"description\":\"\",\"placeholder\":\"\",\"visible\":false,\"editable\":true},\"list\":{\"label\":\"createdAt\",\"searchable\":true,\"sortable\":true}},\"updatedAt\":{\"edit\":{\"label\":\"updatedAt\",\"description\":\"\",\"placeholder\":\"\",\"visible\":false,\"editable\":true},\"list\":{\"label\":\"updatedAt\",\"searchable\":true,\"sortable\":true}},\"createdBy\":{\"edit\":{\"label\":\"createdBy\",\"description\":\"\",\"placeholder\":\"\",\"visible\":false,\"editable\":true,\"mainField\":\"firstname\"},\"list\":{\"label\":\"createdBy\",\"searchable\":true,\"sortable\":true}},\"updatedBy\":{\"edit\":{\"label\":\"updatedBy\",\"description\":\"\",\"placeholder\":\"\",\"visible\":false,\"editable\":true,\"mainField\":\"firstname\"},\"list\":{\"label\":\"updatedBy\",\"searchable\":true,\"sortable\":true}}},\"layouts\":{\"list\":[\"id\",\"title\",\"slug\",\"summary\"],\"edit\":[[{\"name\":\"title\",\"size\":6},{\"name\":\"slug\",\"size\":6}],[{\"name\":\"summary\",\"size\":6},{\"name\":\"sortOrder\",\"size\":4}],[{\"name\":\"jobs\",\"size\":6}]]},\"uid\":\"api::employment-type.employment-type\"}', 'object', NULL, NULL),
(87, 'plugin_content_manager_configuration_content_types::api::document-category.document-category', '{\"settings\":{\"bulkable\":true,\"filterable\":true,\"searchable\":true,\"pageSize\":10,\"mainField\":\"title\",\"defaultSortBy\":\"title\",\"defaultSortOrder\":\"ASC\"},\"metadatas\":{\"id\":{\"edit\":{},\"list\":{\"label\":\"id\",\"searchable\":true,\"sortable\":true}},\"title\":{\"edit\":{\"label\":\"title\",\"description\":\"\",\"placeholder\":\"\",\"visible\":true,\"editable\":true},\"list\":{\"label\":\"title\",\"searchable\":true,\"sortable\":true}},\"slug\":{\"edit\":{\"label\":\"slug\",\"description\":\"\",\"placeholder\":\"\",\"visible\":true,\"editable\":true},\"list\":{\"label\":\"slug\",\"searchable\":true,\"sortable\":true}},\"summary\":{\"edit\":{\"label\":\"summary\",\"description\":\"\",\"placeholder\":\"\",\"visible\":true,\"editable\":true},\"list\":{\"label\":\"summary\",\"searchable\":true,\"sortable\":true}},\"sortOrder\":{\"edit\":{\"label\":\"sortOrder\",\"description\":\"\",\"placeholder\":\"\",\"visible\":true,\"editable\":true},\"list\":{\"label\":\"sortOrder\",\"searchable\":true,\"sortable\":true}},\"documents\":{\"edit\":{\"label\":\"documents\",\"description\":\"\",\"placeholder\":\"\",\"visible\":true,\"editable\":true,\"mainField\":\"title\"},\"list\":{\"label\":\"documents\",\"searchable\":false,\"sortable\":false}},\"createdAt\":{\"edit\":{\"label\":\"createdAt\",\"description\":\"\",\"placeholder\":\"\",\"visible\":false,\"editable\":true},\"list\":{\"label\":\"createdAt\",\"searchable\":true,\"sortable\":true}},\"updatedAt\":{\"edit\":{\"label\":\"updatedAt\",\"description\":\"\",\"placeholder\":\"\",\"visible\":false,\"editable\":true},\"list\":{\"label\":\"updatedAt\",\"searchable\":true,\"sortable\":true}},\"createdBy\":{\"edit\":{\"label\":\"createdBy\",\"description\":\"\",\"placeholder\":\"\",\"visible\":false,\"editable\":true,\"mainField\":\"firstname\"},\"list\":{\"label\":\"createdBy\",\"searchable\":true,\"sortable\":true}},\"updatedBy\":{\"edit\":{\"label\":\"updatedBy\",\"description\":\"\",\"placeholder\":\"\",\"visible\":false,\"editable\":true,\"mainField\":\"firstname\"},\"list\":{\"label\":\"updatedBy\",\"searchable\":true,\"sortable\":true}}},\"layouts\":{\"list\":[\"id\",\"title\",\"slug\",\"summary\"],\"edit\":[[{\"name\":\"title\",\"size\":6},{\"name\":\"slug\",\"size\":6}],[{\"name\":\"summary\",\"size\":6},{\"name\":\"sortOrder\",\"size\":4}],[{\"name\":\"documents\",\"size\":6}]]},\"uid\":\"api::document-category.document-category\"}', 'object', NULL, NULL);
INSERT INTO `strapi_core_store_settings` (`id`, `key`, `value`, `type`, `environment`, `tag`) VALUES
(88, 'plugin_content_manager_configuration_content_types::api::office-type.office-type', '{\"settings\":{\"bulkable\":true,\"filterable\":true,\"searchable\":true,\"pageSize\":10,\"mainField\":\"title\",\"defaultSortBy\":\"title\",\"defaultSortOrder\":\"ASC\"},\"metadatas\":{\"id\":{\"edit\":{},\"list\":{\"label\":\"id\",\"searchable\":true,\"sortable\":true}},\"title\":{\"edit\":{\"label\":\"title\",\"description\":\"\",\"placeholder\":\"\",\"visible\":true,\"editable\":true},\"list\":{\"label\":\"title\",\"searchable\":true,\"sortable\":true}},\"slug\":{\"edit\":{\"label\":\"slug\",\"description\":\"\",\"placeholder\":\"\",\"visible\":true,\"editable\":true},\"list\":{\"label\":\"slug\",\"searchable\":true,\"sortable\":true}},\"summary\":{\"edit\":{\"label\":\"summary\",\"description\":\"\",\"placeholder\":\"\",\"visible\":true,\"editable\":true},\"list\":{\"label\":\"summary\",\"searchable\":true,\"sortable\":true}},\"sortOrder\":{\"edit\":{\"label\":\"sortOrder\",\"description\":\"\",\"placeholder\":\"\",\"visible\":true,\"editable\":true},\"list\":{\"label\":\"sortOrder\",\"searchable\":true,\"sortable\":true}},\"offices\":{\"edit\":{\"label\":\"offices\",\"description\":\"\",\"placeholder\":\"\",\"visible\":true,\"editable\":true,\"mainField\":\"name\"},\"list\":{\"label\":\"offices\",\"searchable\":false,\"sortable\":false}},\"createdAt\":{\"edit\":{\"label\":\"createdAt\",\"description\":\"\",\"placeholder\":\"\",\"visible\":false,\"editable\":true},\"list\":{\"label\":\"createdAt\",\"searchable\":true,\"sortable\":true}},\"updatedAt\":{\"edit\":{\"label\":\"updatedAt\",\"description\":\"\",\"placeholder\":\"\",\"visible\":false,\"editable\":true},\"list\":{\"label\":\"updatedAt\",\"searchable\":true,\"sortable\":true}},\"createdBy\":{\"edit\":{\"label\":\"createdBy\",\"description\":\"\",\"placeholder\":\"\",\"visible\":false,\"editable\":true,\"mainField\":\"firstname\"},\"list\":{\"label\":\"createdBy\",\"searchable\":true,\"sortable\":true}},\"updatedBy\":{\"edit\":{\"label\":\"updatedBy\",\"description\":\"\",\"placeholder\":\"\",\"visible\":false,\"editable\":true,\"mainField\":\"firstname\"},\"list\":{\"label\":\"updatedBy\",\"searchable\":true,\"sortable\":true}}},\"layouts\":{\"list\":[\"id\",\"title\",\"slug\",\"summary\"],\"edit\":[[{\"name\":\"title\",\"size\":6},{\"name\":\"slug\",\"size\":6}],[{\"name\":\"summary\",\"size\":6},{\"name\":\"sortOrder\",\"size\":4}],[{\"name\":\"offices\",\"size\":6}]]},\"uid\":\"api::office-type.office-type\"}', 'object', NULL, NULL),
(89, 'plugin_content_manager_configuration_content_types::api::banner-placement.banner-placement', '{\"settings\":{\"bulkable\":true,\"filterable\":true,\"searchable\":true,\"pageSize\":10,\"mainField\":\"title\",\"defaultSortBy\":\"title\",\"defaultSortOrder\":\"ASC\"},\"metadatas\":{\"id\":{\"edit\":{},\"list\":{\"label\":\"id\",\"searchable\":true,\"sortable\":true}},\"title\":{\"edit\":{\"label\":\"title\",\"description\":\"\",\"placeholder\":\"\",\"visible\":true,\"editable\":true},\"list\":{\"label\":\"title\",\"searchable\":true,\"sortable\":true}},\"slug\":{\"edit\":{\"label\":\"slug\",\"description\":\"\",\"placeholder\":\"\",\"visible\":true,\"editable\":true},\"list\":{\"label\":\"slug\",\"searchable\":true,\"sortable\":true}},\"summary\":{\"edit\":{\"label\":\"summary\",\"description\":\"\",\"placeholder\":\"\",\"visible\":true,\"editable\":true},\"list\":{\"label\":\"summary\",\"searchable\":true,\"sortable\":true}},\"sortOrder\":{\"edit\":{\"label\":\"sortOrder\",\"description\":\"\",\"placeholder\":\"\",\"visible\":true,\"editable\":true},\"list\":{\"label\":\"sortOrder\",\"searchable\":true,\"sortable\":true}},\"banners\":{\"edit\":{\"label\":\"banners\",\"description\":\"\",\"placeholder\":\"\",\"visible\":true,\"editable\":true,\"mainField\":\"title\"},\"list\":{\"label\":\"banners\",\"searchable\":false,\"sortable\":false}},\"createdAt\":{\"edit\":{\"label\":\"createdAt\",\"description\":\"\",\"placeholder\":\"\",\"visible\":false,\"editable\":true},\"list\":{\"label\":\"createdAt\",\"searchable\":true,\"sortable\":true}},\"updatedAt\":{\"edit\":{\"label\":\"updatedAt\",\"description\":\"\",\"placeholder\":\"\",\"visible\":false,\"editable\":true},\"list\":{\"label\":\"updatedAt\",\"searchable\":true,\"sortable\":true}},\"createdBy\":{\"edit\":{\"label\":\"createdBy\",\"description\":\"\",\"placeholder\":\"\",\"visible\":false,\"editable\":true,\"mainField\":\"firstname\"},\"list\":{\"label\":\"createdBy\",\"searchable\":true,\"sortable\":true}},\"updatedBy\":{\"edit\":{\"label\":\"updatedBy\",\"description\":\"\",\"placeholder\":\"\",\"visible\":false,\"editable\":true,\"mainField\":\"firstname\"},\"list\":{\"label\":\"updatedBy\",\"searchable\":true,\"sortable\":true}}},\"layouts\":{\"list\":[\"id\",\"title\",\"slug\",\"summary\"],\"edit\":[[{\"name\":\"title\",\"size\":6},{\"name\":\"slug\",\"size\":6}],[{\"name\":\"summary\",\"size\":6},{\"name\":\"sortOrder\",\"size\":4}],[{\"name\":\"banners\",\"size\":6}]]},\"uid\":\"api::banner-placement.banner-placement\"}', 'object', NULL, NULL),
(90, 'plugin_content_manager_configuration_content_types::api::related-content-type.related-content-type', '{\"settings\":{\"bulkable\":true,\"filterable\":true,\"searchable\":true,\"pageSize\":10,\"mainField\":\"title\",\"defaultSortBy\":\"title\",\"defaultSortOrder\":\"ASC\"},\"metadatas\":{\"id\":{\"edit\":{},\"list\":{\"label\":\"id\",\"searchable\":true,\"sortable\":true}},\"title\":{\"edit\":{\"label\":\"title\",\"description\":\"\",\"placeholder\":\"\",\"visible\":true,\"editable\":true},\"list\":{\"label\":\"title\",\"searchable\":true,\"sortable\":true}},\"slug\":{\"edit\":{\"label\":\"slug\",\"description\":\"\",\"placeholder\":\"\",\"visible\":true,\"editable\":true},\"list\":{\"label\":\"slug\",\"searchable\":true,\"sortable\":true}},\"summary\":{\"edit\":{\"label\":\"summary\",\"description\":\"\",\"placeholder\":\"\",\"visible\":true,\"editable\":true},\"list\":{\"label\":\"summary\",\"searchable\":true,\"sortable\":true}},\"sortOrder\":{\"edit\":{\"label\":\"sortOrder\",\"description\":\"\",\"placeholder\":\"\",\"visible\":true,\"editable\":true},\"list\":{\"label\":\"sortOrder\",\"searchable\":true,\"sortable\":true}},\"createdAt\":{\"edit\":{\"label\":\"createdAt\",\"description\":\"\",\"placeholder\":\"\",\"visible\":false,\"editable\":true},\"list\":{\"label\":\"createdAt\",\"searchable\":true,\"sortable\":true}},\"updatedAt\":{\"edit\":{\"label\":\"updatedAt\",\"description\":\"\",\"placeholder\":\"\",\"visible\":false,\"editable\":true},\"list\":{\"label\":\"updatedAt\",\"searchable\":true,\"sortable\":true}},\"createdBy\":{\"edit\":{\"label\":\"createdBy\",\"description\":\"\",\"placeholder\":\"\",\"visible\":false,\"editable\":true,\"mainField\":\"firstname\"},\"list\":{\"label\":\"createdBy\",\"searchable\":true,\"sortable\":true}},\"updatedBy\":{\"edit\":{\"label\":\"updatedBy\",\"description\":\"\",\"placeholder\":\"\",\"visible\":false,\"editable\":true,\"mainField\":\"firstname\"},\"list\":{\"label\":\"updatedBy\",\"searchable\":true,\"sortable\":true}}},\"layouts\":{\"list\":[\"id\",\"title\",\"slug\",\"summary\"],\"edit\":[[{\"name\":\"title\",\"size\":6},{\"name\":\"slug\",\"size\":6}],[{\"name\":\"summary\",\"size\":6},{\"name\":\"sortOrder\",\"size\":4}]]},\"uid\":\"api::related-content-type.related-content-type\"}', 'object', NULL, NULL),
(91, 'plugin_content_manager_configuration_components::shared.home-highlight-item', '{\"settings\":{\"bulkable\":true,\"filterable\":true,\"searchable\":true,\"pageSize\":10,\"mainField\":\"title\",\"defaultSortBy\":\"title\",\"defaultSortOrder\":\"ASC\"},\"metadatas\":{\"id\":{\"edit\":{},\"list\":{\"label\":\"id\",\"searchable\":false,\"sortable\":false}},\"icon\":{\"edit\":{\"label\":\"icon\",\"description\":\"\",\"placeholder\":\"\",\"visible\":true,\"editable\":true},\"list\":{\"label\":\"icon\",\"searchable\":false,\"sortable\":false}},\"accentColor\":{\"edit\":{\"label\":\"accentColor\",\"description\":\"\",\"placeholder\":\"\",\"visible\":true,\"editable\":true},\"list\":{\"label\":\"accentColor\",\"searchable\":true,\"sortable\":true}},\"accentBackgroundColor\":{\"edit\":{\"label\":\"accentBackgroundColor\",\"description\":\"\",\"placeholder\":\"\",\"visible\":true,\"editable\":true},\"list\":{\"label\":\"accentBackgroundColor\",\"searchable\":true,\"sortable\":true}},\"accentBorderColor\":{\"edit\":{\"label\":\"accentBorderColor\",\"description\":\"\",\"placeholder\":\"\",\"visible\":true,\"editable\":true},\"list\":{\"label\":\"accentBorderColor\",\"searchable\":true,\"sortable\":true}},\"title\":{\"edit\":{\"label\":\"title\",\"description\":\"\",\"placeholder\":\"\",\"visible\":true,\"editable\":true},\"list\":{\"label\":\"title\",\"searchable\":true,\"sortable\":true}},\"description\":{\"edit\":{\"label\":\"description\",\"description\":\"\",\"placeholder\":\"\",\"visible\":true,\"editable\":true},\"list\":{\"label\":\"description\",\"searchable\":true,\"sortable\":true}}},\"layouts\":{\"list\":[\"id\",\"icon\",\"title\",\"description\"],\"edit\":[[{\"name\":\"icon\",\"size\":6},{\"name\":\"title\",\"size\":6}],[{\"name\":\"description\",\"size\":6},{\"name\":\"accentColor\",\"size\":6}],[{\"name\":\"accentBackgroundColor\",\"size\":6},{\"name\":\"accentBorderColor\",\"size\":6}]]},\"uid\":\"shared.home-highlight-item\",\"isComponent\":true}', 'object', NULL, NULL),
(92, 'plugin_content_manager_configuration_components::sections.home-price-board-section', '{\"settings\":{\"bulkable\":true,\"filterable\":true,\"searchable\":true,\"pageSize\":10,\"mainField\":\"id\",\"defaultSortBy\":\"id\",\"defaultSortOrder\":\"ASC\"},\"metadatas\":{\"id\":{\"edit\":{},\"list\":{\"label\":\"id\",\"searchable\":false,\"sortable\":false}},\"positionIndex\":{\"edit\":{\"label\":\"positionIndex\",\"description\":\"\",\"placeholder\":\"\",\"visible\":true,\"editable\":true},\"list\":{\"label\":\"positionIndex\",\"searchable\":true,\"sortable\":true}}},\"layouts\":{\"list\":[\"id\",\"positionIndex\"],\"edit\":[[{\"name\":\"positionIndex\",\"size\":4}]]},\"uid\":\"sections.home-price-board-section\",\"isComponent\":true}', 'object', NULL, NULL),
(93, 'plugin_content_manager_configuration_components::sections.home-market-strip-section', '{\"settings\":{\"bulkable\":true,\"filterable\":true,\"searchable\":true,\"pageSize\":10,\"mainField\":\"id\",\"defaultSortBy\":\"id\",\"defaultSortOrder\":\"ASC\"},\"metadatas\":{\"id\":{\"edit\":{},\"list\":{\"label\":\"id\",\"searchable\":false,\"sortable\":false}},\"positionIndex\":{\"edit\":{\"label\":\"positionIndex\",\"description\":\"\",\"placeholder\":\"\",\"visible\":true,\"editable\":true},\"list\":{\"label\":\"positionIndex\",\"searchable\":true,\"sortable\":true}}},\"layouts\":{\"list\":[\"id\",\"positionIndex\"],\"edit\":[[{\"name\":\"positionIndex\",\"size\":4}]]},\"uid\":\"sections.home-market-strip-section\",\"isComponent\":true}', 'object', NULL, NULL);

-- --------------------------------------------------------

--
-- Table structure for table `strapi_database_schema`
--

CREATE TABLE `strapi_database_schema` (
  `id` int(10) UNSIGNED NOT NULL,
  `schema` longtext CHARACTER SET utf8mb4 COLLATE utf8mb4_bin DEFAULT NULL CHECK (json_valid(`schema`)),
  `time` datetime DEFAULT NULL,
  `hash` varchar(255) DEFAULT NULL
) ENGINE=InnoDB DEFAULT CHARSET=utf8mb4 COLLATE=utf8mb4_unicode_ci;

--
-- Dumping data for table `strapi_database_schema`
--

INSERT INTO `strapi_database_schema` (`id`, `schema`, `time`, `hash`) VALUES
(24, '{\"tables\":[{\"name\":\"strapi_core_store_settings\",\"indexes\":[],\"foreignKeys\":[],\"columns\":[{\"name\":\"id\",\"type\":\"increments\",\"args\":[{\"primary\":true,\"primaryKey\":true}],\"defaultTo\":null,\"notNullable\":true,\"unsigned\":false},{\"name\":\"key\",\"type\":\"string\",\"args\":[],\"defaultTo\":null,\"notNullable\":false,\"unsigned\":false},{\"name\":\"value\",\"type\":\"text\",\"args\":[\"longtext\"],\"defaultTo\":null,\"notNullable\":false,\"unsigned\":false},{\"name\":\"type\",\"type\":\"string\",\"args\":[],\"defaultTo\":null,\"notNullable\":false,\"unsigned\":false},{\"name\":\"environment\",\"type\":\"string\",\"args\":[],\"defaultTo\":null,\"notNullable\":false,\"unsigned\":false},{\"name\":\"tag\",\"type\":\"string\",\"args\":[],\"defaultTo\":null,\"notNullable\":false,\"unsigned\":false}]},{\"name\":\"strapi_webhooks\",\"indexes\":[],\"foreignKeys\":[],\"columns\":[{\"name\":\"id\",\"type\":\"increments\",\"args\":[{\"primary\":true,\"primaryKey\":true}],\"defaultTo\":null,\"notNullable\":true,\"unsigned\":false},{\"name\":\"name\",\"type\":\"string\",\"args\":[],\"defaultTo\":null,\"notNullable\":false,\"unsigned\":false},{\"name\":\"url\",\"type\":\"text\",\"args\":[\"longtext\"],\"defaultTo\":null,\"notNullable\":false,\"unsigned\":false},{\"name\":\"headers\",\"type\":\"jsonb\",\"args\":[],\"defaultTo\":null,\"notNullable\":false,\"unsigned\":false},{\"name\":\"events\",\"type\":\"jsonb\",\"args\":[],\"defaultTo\":null,\"notNullable\":false,\"unsigned\":false},{\"name\":\"enabled\",\"type\":\"boolean\",\"args\":[],\"defaultTo\":null,\"notNullable\":false,\"unsigned\":false}]},{\"name\":\"admin_permissions\",\"indexes\":[{\"name\":\"admin_permissions_created_by_id_fk\",\"columns\":[\"created_by_id\"]},{\"name\":\"admin_permissions_updated_by_id_fk\",\"columns\":[\"updated_by_id\"]}],\"foreignKeys\":[{\"name\":\"admin_permissions_created_by_id_fk\",\"columns\":[\"created_by_id\"],\"referencedTable\":\"admin_users\",\"referencedColumns\":[\"id\"],\"onDelete\":\"SET NULL\"},{\"name\":\"admin_permissions_updated_by_id_fk\",\"columns\":[\"updated_by_id\"],\"referencedTable\":\"admin_users\",\"referencedColumns\":[\"id\"],\"onDelete\":\"SET NULL\"}],\"columns\":[{\"name\":\"id\",\"type\":\"increments\",\"args\":[{\"primary\":true,\"primaryKey\":true}],\"defaultTo\":null,\"notNullable\":true,\"unsigned\":false},{\"name\":\"action\",\"type\":\"string\",\"args\":[],\"defaultTo\":null,\"notNullable\":false,\"unsigned\":false},{\"name\":\"action_parameters\",\"type\":\"jsonb\",\"args\":[],\"defaultTo\":null,\"notNullable\":false,\"unsigned\":false},{\"name\":\"subject\",\"type\":\"string\",\"args\":[],\"defaultTo\":null,\"notNullable\":false,\"unsigned\":false},{\"name\":\"properties\",\"type\":\"jsonb\",\"args\":[],\"defaultTo\":null,\"notNullable\":false,\"unsigned\":false},{\"name\":\"conditions\",\"type\":\"jsonb\",\"args\":[],\"defaultTo\":null,\"notNullable\":false,\"unsigned\":false},{\"name\":\"created_at\",\"type\":\"datetime\",\"args\":[{\"useTz\":false,\"precision\":6}],\"defaultTo\":null,\"notNullable\":false,\"unsigned\":false},{\"name\":\"updated_at\",\"type\":\"datetime\",\"args\":[{\"useTz\":false,\"precision\":6}],\"defaultTo\":null,\"notNullable\":false,\"unsigned\":false},{\"name\":\"created_by_id\",\"type\":\"integer\",\"args\":[],\"defaultTo\":null,\"notNullable\":false,\"unsigned\":true},{\"name\":\"updated_by_id\",\"type\":\"integer\",\"args\":[],\"defaultTo\":null,\"notNullable\":false,\"unsigned\":true}]},{\"name\":\"admin_users\",\"indexes\":[{\"name\":\"admin_users_created_by_id_fk\",\"columns\":[\"created_by_id\"]},{\"name\":\"admin_users_updated_by_id_fk\",\"columns\":[\"updated_by_id\"]}],\"foreignKeys\":[{\"name\":\"admin_users_created_by_id_fk\",\"columns\":[\"created_by_id\"],\"referencedTable\":\"admin_users\",\"referencedColumns\":[\"id\"],\"onDelete\":\"SET NULL\"},{\"name\":\"admin_users_updated_by_id_fk\",\"columns\":[\"updated_by_id\"],\"referencedTable\":\"admin_users\",\"referencedColumns\":[\"id\"],\"onDelete\":\"SET NULL\"}],\"columns\":[{\"name\":\"id\",\"type\":\"increments\",\"args\":[{\"primary\":true,\"primaryKey\":true}],\"defaultTo\":null,\"notNullable\":true,\"unsigned\":false},{\"name\":\"firstname\",\"type\":\"string\",\"args\":[],\"defaultTo\":null,\"notNullable\":false,\"unsigned\":false},{\"name\":\"lastname\",\"type\":\"string\",\"args\":[],\"defaultTo\":null,\"notNullable\":false,\"unsigned\":false},{\"name\":\"username\",\"type\":\"string\",\"args\":[],\"defaultTo\":null,\"notNullable\":false,\"unsigned\":false},{\"name\":\"email\",\"type\":\"string\",\"args\":[],\"defaultTo\":null,\"notNullable\":false,\"unsigned\":false},{\"name\":\"password\",\"type\":\"string\",\"args\":[],\"defaultTo\":null,\"notNullable\":false,\"unsigned\":false},{\"name\":\"reset_password_token\",\"type\":\"string\",\"args\":[],\"defaultTo\":null,\"notNullable\":false,\"unsigned\":false},{\"name\":\"registration_token\",\"type\":\"string\",\"args\":[],\"defaultTo\":null,\"notNullable\":false,\"unsigned\":false},{\"name\":\"is_active\",\"type\":\"boolean\",\"args\":[],\"defaultTo\":null,\"notNullable\":false,\"unsigned\":false},{\"name\":\"blocked\",\"type\":\"boolean\",\"args\":[],\"defaultTo\":null,\"notNullable\":false,\"unsigned\":false},{\"name\":\"prefered_language\",\"type\":\"string\",\"args\":[],\"defaultTo\":null,\"notNullable\":false,\"unsigned\":false},{\"name\":\"created_at\",\"type\":\"datetime\",\"args\":[{\"useTz\":false,\"precision\":6}],\"defaultTo\":null,\"notNullable\":false,\"unsigned\":false},{\"name\":\"updated_at\",\"type\":\"datetime\",\"args\":[{\"useTz\":false,\"precision\":6}],\"defaultTo\":null,\"notNullable\":false,\"unsigned\":false},{\"name\":\"created_by_id\",\"type\":\"integer\",\"args\":[],\"defaultTo\":null,\"notNullable\":false,\"unsigned\":true},{\"name\":\"updated_by_id\",\"type\":\"integer\",\"args\":[],\"defaultTo\":null,\"notNullable\":false,\"unsigned\":true}]},{\"name\":\"admin_roles\",\"indexes\":[{\"name\":\"admin_roles_created_by_id_fk\",\"columns\":[\"created_by_id\"]},{\"name\":\"admin_roles_updated_by_id_fk\",\"columns\":[\"updated_by_id\"]}],\"foreignKeys\":[{\"name\":\"admin_roles_created_by_id_fk\",\"columns\":[\"created_by_id\"],\"referencedTable\":\"admin_users\",\"referencedColumns\":[\"id\"],\"onDelete\":\"SET NULL\"},{\"name\":\"admin_roles_updated_by_id_fk\",\"columns\":[\"updated_by_id\"],\"referencedTable\":\"admin_users\",\"referencedColumns\":[\"id\"],\"onDelete\":\"SET NULL\"}],\"columns\":[{\"name\":\"id\",\"type\":\"increments\",\"args\":[{\"primary\":true,\"primaryKey\":true}],\"defaultTo\":null,\"notNullable\":true,\"unsigned\":false},{\"name\":\"name\",\"type\":\"string\",\"args\":[],\"defaultTo\":null,\"notNullable\":false,\"unsigned\":false},{\"name\":\"code\",\"type\":\"string\",\"args\":[],\"defaultTo\":null,\"notNullable\":false,\"unsigned\":false},{\"name\":\"description\",\"type\":\"string\",\"args\":[],\"defaultTo\":null,\"notNullable\":false,\"unsigned\":false},{\"name\":\"created_at\",\"type\":\"datetime\",\"args\":[{\"useTz\":false,\"precision\":6}],\"defaultTo\":null,\"notNullable\":false,\"unsigned\":false},{\"name\":\"updated_at\",\"type\":\"datetime\",\"args\":[{\"useTz\":false,\"precision\":6}],\"defaultTo\":null,\"notNullable\":false,\"unsigned\":false},{\"name\":\"created_by_id\",\"type\":\"integer\",\"args\":[],\"defaultTo\":null,\"notNullable\":false,\"unsigned\":true},{\"name\":\"updated_by_id\",\"type\":\"integer\",\"args\":[],\"defaultTo\":null,\"notNullable\":false,\"unsigned\":true}]},{\"name\":\"strapi_api_tokens\",\"indexes\":[{\"name\":\"strapi_api_tokens_created_by_id_fk\",\"columns\":[\"created_by_id\"]},{\"name\":\"strapi_api_tokens_updated_by_id_fk\",\"columns\":[\"updated_by_id\"]}],\"foreignKeys\":[{\"name\":\"strapi_api_tokens_created_by_id_fk\",\"columns\":[\"created_by_id\"],\"referencedTable\":\"admin_users\",\"referencedColumns\":[\"id\"],\"onDelete\":\"SET NULL\"},{\"name\":\"strapi_api_tokens_updated_by_id_fk\",\"columns\":[\"updated_by_id\"],\"referencedTable\":\"admin_users\",\"referencedColumns\":[\"id\"],\"onDelete\":\"SET NULL\"}],\"columns\":[{\"name\":\"id\",\"type\":\"increments\",\"args\":[{\"primary\":true,\"primaryKey\":true}],\"defaultTo\":null,\"notNullable\":true,\"unsigned\":false},{\"name\":\"name\",\"type\":\"string\",\"args\":[],\"defaultTo\":null,\"notNullable\":false,\"unsigned\":false},{\"name\":\"description\",\"type\":\"string\",\"args\":[],\"defaultTo\":null,\"notNullable\":false,\"unsigned\":false},{\"name\":\"type\",\"type\":\"string\",\"args\":[],\"defaultTo\":null,\"notNullable\":false,\"unsigned\":false},{\"name\":\"access_key\",\"type\":\"string\",\"args\":[],\"defaultTo\":null,\"notNullable\":false,\"unsigned\":false},{\"name\":\"last_used_at\",\"type\":\"datetime\",\"args\":[{\"useTz\":false,\"precision\":6}],\"defaultTo\":null,\"notNullable\":false,\"unsigned\":false},{\"name\":\"expires_at\",\"type\":\"datetime\",\"args\":[{\"useTz\":false,\"precision\":6}],\"defaultTo\":null,\"notNullable\":false,\"unsigned\":false},{\"name\":\"lifespan\",\"type\":\"bigInteger\",\"args\":[],\"defaultTo\":null,\"notNullable\":false,\"unsigned\":false},{\"name\":\"created_at\",\"type\":\"datetime\",\"args\":[{\"useTz\":false,\"precision\":6}],\"defaultTo\":null,\"notNullable\":false,\"unsigned\":false},{\"name\":\"updated_at\",\"type\":\"datetime\",\"args\":[{\"useTz\":false,\"precision\":6}],\"defaultTo\":null,\"notNullable\":false,\"unsigned\":false},{\"name\":\"created_by_id\",\"type\":\"integer\",\"args\":[],\"defaultTo\":null,\"notNullable\":false,\"unsigned\":true},{\"name\":\"updated_by_id\",\"type\":\"integer\",\"args\":[],\"defaultTo\":null,\"notNullable\":false,\"unsigned\":true}]},{\"name\":\"strapi_api_token_permissions\",\"indexes\":[{\"name\":\"strapi_api_token_permissions_created_by_id_fk\",\"columns\":[\"created_by_id\"]},{\"name\":\"strapi_api_token_permissions_updated_by_id_fk\",\"columns\":[\"updated_by_id\"]}],\"foreignKeys\":[{\"name\":\"strapi_api_token_permissions_created_by_id_fk\",\"columns\":[\"created_by_id\"],\"referencedTable\":\"admin_users\",\"referencedColumns\":[\"id\"],\"onDelete\":\"SET NULL\"},{\"name\":\"strapi_api_token_permissions_updated_by_id_fk\",\"columns\":[\"updated_by_id\"],\"referencedTable\":\"admin_users\",\"referencedColumns\":[\"id\"],\"onDelete\":\"SET NULL\"}],\"columns\":[{\"name\":\"id\",\"type\":\"increments\",\"args\":[{\"primary\":true,\"primaryKey\":true}],\"defaultTo\":null,\"notNullable\":true,\"unsigned\":false},{\"name\":\"action\",\"type\":\"string\",\"args\":[],\"defaultTo\":null,\"notNullable\":false,\"unsigned\":false},{\"name\":\"created_at\",\"type\":\"datetime\",\"args\":[{\"useTz\":false,\"precision\":6}],\"defaultTo\":null,\"notNullable\":false,\"unsigned\":false},{\"name\":\"updated_at\",\"type\":\"datetime\",\"args\":[{\"useTz\":false,\"precision\":6}],\"defaultTo\":null,\"notNullable\":false,\"unsigned\":false},{\"name\":\"created_by_id\",\"type\":\"integer\",\"args\":[],\"defaultTo\":null,\"notNullable\":false,\"unsigned\":true},{\"name\":\"updated_by_id\",\"type\":\"integer\",\"args\":[],\"defaultTo\":null,\"notNullable\":false,\"unsigned\":true}]},{\"name\":\"strapi_transfer_tokens\",\"indexes\":[{\"name\":\"strapi_transfer_tokens_created_by_id_fk\",\"columns\":[\"created_by_id\"]},{\"name\":\"strapi_transfer_tokens_updated_by_id_fk\",\"columns\":[\"updated_by_id\"]}],\"foreignKeys\":[{\"name\":\"strapi_transfer_tokens_created_by_id_fk\",\"columns\":[\"created_by_id\"],\"referencedTable\":\"admin_users\",\"referencedColumns\":[\"id\"],\"onDelete\":\"SET NULL\"},{\"name\":\"strapi_transfer_tokens_updated_by_id_fk\",\"columns\":[\"updated_by_id\"],\"referencedTable\":\"admin_users\",\"referencedColumns\":[\"id\"],\"onDelete\":\"SET NULL\"}],\"columns\":[{\"name\":\"id\",\"type\":\"increments\",\"args\":[{\"primary\":true,\"primaryKey\":true}],\"defaultTo\":null,\"notNullable\":true,\"unsigned\":false},{\"name\":\"name\",\"type\":\"string\",\"args\":[],\"defaultTo\":null,\"notNullable\":false,\"unsigned\":false},{\"name\":\"description\",\"type\":\"string\",\"args\":[],\"defaultTo\":null,\"notNullable\":false,\"unsigned\":false},{\"name\":\"access_key\",\"type\":\"string\",\"args\":[],\"defaultTo\":null,\"notNullable\":false,\"unsigned\":false},{\"name\":\"last_used_at\",\"type\":\"datetime\",\"args\":[{\"useTz\":false,\"precision\":6}],\"defaultTo\":null,\"notNullable\":false,\"unsigned\":false},{\"name\":\"expires_at\",\"type\":\"datetime\",\"args\":[{\"useTz\":false,\"precision\":6}],\"defaultTo\":null,\"notNullable\":false,\"unsigned\":false},{\"name\":\"lifespan\",\"type\":\"bigInteger\",\"args\":[],\"defaultTo\":null,\"notNullable\":false,\"unsigned\":false},{\"name\":\"created_at\",\"type\":\"datetime\",\"args\":[{\"useTz\":false,\"precision\":6}],\"defaultTo\":null,\"notNullable\":false,\"unsigned\":false},{\"name\":\"updated_at\",\"type\":\"datetime\",\"args\":[{\"useTz\":false,\"precision\":6}],\"defaultTo\":null,\"notNullable\":false,\"unsigned\":false},{\"name\":\"created_by_id\",\"type\":\"integer\",\"args\":[],\"defaultTo\":null,\"notNullable\":false,\"unsigned\":true},{\"name\":\"updated_by_id\",\"type\":\"integer\",\"args\":[],\"defaultTo\":null,\"notNullable\":false,\"unsigned\":true}]},{\"name\":\"strapi_transfer_token_permissions\",\"indexes\":[{\"name\":\"strapi_transfer_token_permissions_created_by_id_fk\",\"columns\":[\"created_by_id\"]},{\"name\":\"strapi_transfer_token_permissions_updated_by_id_fk\",\"columns\":[\"updated_by_id\"]}],\"foreignKeys\":[{\"name\":\"strapi_transfer_token_permissions_created_by_id_fk\",\"columns\":[\"created_by_id\"],\"referencedTable\":\"admin_users\",\"referencedColumns\":[\"id\"],\"onDelete\":\"SET NULL\"},{\"name\":\"strapi_transfer_token_permissions_updated_by_id_fk\",\"columns\":[\"updated_by_id\"],\"referencedTable\":\"admin_users\",\"referencedColumns\":[\"id\"],\"onDelete\":\"SET NULL\"}],\"columns\":[{\"name\":\"id\",\"type\":\"increments\",\"args\":[{\"primary\":true,\"primaryKey\":true}],\"defaultTo\":null,\"notNullable\":true,\"unsigned\":false},{\"name\":\"action\",\"type\":\"string\",\"args\":[],\"defaultTo\":null,\"notNullable\":false,\"unsigned\":false},{\"name\":\"created_at\",\"type\":\"datetime\",\"args\":[{\"useTz\":false,\"precision\":6}],\"defaultTo\":null,\"notNullable\":false,\"unsigned\":false},{\"name\":\"updated_at\",\"type\":\"datetime\",\"args\":[{\"useTz\":false,\"precision\":6}],\"defaultTo\":null,\"notNullable\":false,\"unsigned\":false},{\"name\":\"created_by_id\",\"type\":\"integer\",\"args\":[],\"defaultTo\":null,\"notNullable\":false,\"unsigned\":true},{\"name\":\"updated_by_id\",\"type\":\"integer\",\"args\":[],\"defaultTo\":null,\"notNullable\":false,\"unsigned\":true}]},{\"name\":\"files\",\"indexes\":[{\"name\":\"upload_files_folder_path_index\",\"columns\":[\"folder_path\"],\"type\":null},{\"name\":\"upload_files_created_at_index\",\"columns\":[\"created_at\"],\"type\":null},{\"name\":\"upload_files_updated_at_index\",\"columns\":[\"updated_at\"],\"type\":null},{\"name\":\"upload_files_name_index\",\"columns\":[\"name\"],\"type\":null},{\"name\":\"upload_files_size_index\",\"columns\":[\"size\"],\"type\":null},{\"name\":\"upload_files_ext_index\",\"columns\":[\"ext\"],\"type\":null},{\"name\":\"files_created_by_id_fk\",\"columns\":[\"created_by_id\"]},{\"name\":\"files_updated_by_id_fk\",\"columns\":[\"updated_by_id\"]}],\"foreignKeys\":[{\"name\":\"files_created_by_id_fk\",\"columns\":[\"created_by_id\"],\"referencedTable\":\"admin_users\",\"referencedColumns\":[\"id\"],\"onDelete\":\"SET NULL\"},{\"name\":\"files_updated_by_id_fk\",\"columns\":[\"updated_by_id\"],\"referencedTable\":\"admin_users\",\"referencedColumns\":[\"id\"],\"onDelete\":\"SET NULL\"}],\"columns\":[{\"name\":\"id\",\"type\":\"increments\",\"args\":[{\"primary\":true,\"primaryKey\":true}],\"defaultTo\":null,\"notNullable\":true,\"unsigned\":false},{\"name\":\"name\",\"type\":\"string\",\"args\":[],\"defaultTo\":null,\"notNullable\":false,\"unsigned\":false},{\"name\":\"alternative_text\",\"type\":\"string\",\"args\":[],\"defaultTo\":null,\"notNullable\":false,\"unsigned\":false},{\"name\":\"caption\",\"type\":\"string\",\"args\":[],\"defaultTo\":null,\"notNullable\":false,\"unsigned\":false},{\"name\":\"width\",\"type\":\"integer\",\"args\":[],\"defaultTo\":null,\"notNullable\":false,\"unsigned\":false},{\"name\":\"height\",\"type\":\"integer\",\"args\":[],\"defaultTo\":null,\"notNullable\":false,\"unsigned\":false},{\"name\":\"formats\",\"type\":\"jsonb\",\"args\":[],\"defaultTo\":null,\"notNullable\":false,\"unsigned\":false},{\"name\":\"hash\",\"type\":\"string\",\"args\":[],\"defaultTo\":null,\"notNullable\":false,\"unsigned\":false},{\"name\":\"ext\",\"type\":\"string\",\"args\":[],\"defaultTo\":null,\"notNullable\":false,\"unsigned\":false},{\"name\":\"mime\",\"type\":\"string\",\"args\":[],\"defaultTo\":null,\"notNullable\":false,\"unsigned\":false},{\"name\":\"size\",\"type\":\"decimal\",\"args\":[10,2],\"defaultTo\":null,\"notNullable\":false,\"unsigned\":false},{\"name\":\"url\",\"type\":\"string\",\"args\":[],\"defaultTo\":null,\"notNullable\":false,\"unsigned\":false},{\"name\":\"preview_url\",\"type\":\"string\",\"args\":[],\"defaultTo\":null,\"notNullable\":false,\"unsigned\":false},{\"name\":\"provider\",\"type\":\"string\",\"args\":[],\"defaultTo\":null,\"notNullable\":false,\"unsigned\":false},{\"name\":\"provider_metadata\",\"type\":\"jsonb\",\"args\":[],\"defaultTo\":null,\"notNullable\":false,\"unsigned\":false},{\"name\":\"folder_path\",\"type\":\"string\",\"args\":[],\"defaultTo\":null,\"notNullable\":false,\"unsigned\":false},{\"name\":\"created_at\",\"type\":\"datetime\",\"args\":[{\"useTz\":false,\"precision\":6}],\"defaultTo\":null,\"notNullable\":false,\"unsigned\":false},{\"name\":\"updated_at\",\"type\":\"datetime\",\"args\":[{\"useTz\":false,\"precision\":6}],\"defaultTo\":null,\"notNullable\":false,\"unsigned\":false},{\"name\":\"created_by_id\",\"type\":\"integer\",\"args\":[],\"defaultTo\":null,\"notNullable\":false,\"unsigned\":true},{\"name\":\"updated_by_id\",\"type\":\"integer\",\"args\":[],\"defaultTo\":null,\"notNullable\":false,\"unsigned\":true}]},{\"name\":\"upload_folders\",\"indexes\":[{\"name\":\"upload_folders_path_id_index\",\"columns\":[\"path_id\"],\"type\":\"unique\"},{\"name\":\"upload_folders_path_index\",\"columns\":[\"path\"],\"type\":\"unique\"},{\"name\":\"upload_folders_created_by_id_fk\",\"columns\":[\"created_by_id\"]},{\"name\":\"upload_folders_updated_by_id_fk\",\"columns\":[\"updated_by_id\"]}],\"foreignKeys\":[{\"name\":\"upload_folders_created_by_id_fk\",\"columns\":[\"created_by_id\"],\"referencedTable\":\"admin_users\",\"referencedColumns\":[\"id\"],\"onDelete\":\"SET NULL\"},{\"name\":\"upload_folders_updated_by_id_fk\",\"columns\":[\"updated_by_id\"],\"referencedTable\":\"admin_users\",\"referencedColumns\":[\"id\"],\"onDelete\":\"SET NULL\"}],\"columns\":[{\"name\":\"id\",\"type\":\"increments\",\"args\":[{\"primary\":true,\"primaryKey\":true}],\"defaultTo\":null,\"notNullable\":true,\"unsigned\":false},{\"name\":\"name\",\"type\":\"string\",\"args\":[],\"defaultTo\":null,\"notNullable\":false,\"unsigned\":false},{\"name\":\"path_id\",\"type\":\"integer\",\"args\":[],\"defaultTo\":null,\"notNullable\":false,\"unsigned\":false},{\"name\":\"path\",\"type\":\"string\",\"args\":[],\"defaultTo\":null,\"notNullable\":false,\"unsigned\":false},{\"name\":\"created_at\",\"type\":\"datetime\",\"args\":[{\"useTz\":false,\"precision\":6}],\"defaultTo\":null,\"notNullable\":false,\"unsigned\":false},{\"name\":\"updated_at\",\"type\":\"datetime\",\"args\":[{\"useTz\":false,\"precision\":6}],\"defaultTo\":null,\"notNullable\":false,\"unsigned\":false},{\"name\":\"created_by_id\",\"type\":\"integer\",\"args\":[],\"defaultTo\":null,\"notNullable\":false,\"unsigned\":true},{\"name\":\"updated_by_id\",\"type\":\"integer\",\"args\":[],\"defaultTo\":null,\"notNullable\":false,\"unsigned\":true}]},{\"name\":\"strapi_releases\",\"indexes\":[{\"name\":\"strapi_releases_created_by_id_fk\",\"columns\":[\"created_by_id\"]},{\"name\":\"strapi_releases_updated_by_id_fk\",\"columns\":[\"updated_by_id\"]}],\"foreignKeys\":[{\"name\":\"strapi_releases_created_by_id_fk\",\"columns\":[\"created_by_id\"],\"referencedTable\":\"admin_users\",\"referencedColumns\":[\"id\"],\"onDelete\":\"SET NULL\"},{\"name\":\"strapi_releases_updated_by_id_fk\",\"columns\":[\"updated_by_id\"],\"referencedTable\":\"admin_users\",\"referencedColumns\":[\"id\"],\"onDelete\":\"SET NULL\"}],\"columns\":[{\"name\":\"id\",\"type\":\"increments\",\"args\":[{\"primary\":true,\"primaryKey\":true}],\"defaultTo\":null,\"notNullable\":true,\"unsigned\":false},{\"name\":\"name\",\"type\":\"string\",\"args\":[],\"defaultTo\":null,\"notNullable\":false,\"unsigned\":false},{\"name\":\"released_at\",\"type\":\"datetime\",\"args\":[{\"useTz\":false,\"precision\":6}],\"defaultTo\":null,\"notNullable\":false,\"unsigned\":false},{\"name\":\"scheduled_at\",\"type\":\"datetime\",\"args\":[{\"useTz\":false,\"precision\":6}],\"defaultTo\":null,\"notNullable\":false,\"unsigned\":false},{\"name\":\"timezone\",\"type\":\"string\",\"args\":[],\"defaultTo\":null,\"notNullable\":false,\"unsigned\":false},{\"name\":\"status\",\"type\":\"string\",\"args\":[],\"defaultTo\":null,\"notNullable\":false,\"unsigned\":false},{\"name\":\"created_at\",\"type\":\"datetime\",\"args\":[{\"useTz\":false,\"precision\":6}],\"defaultTo\":null,\"notNullable\":false,\"unsigned\":false},{\"name\":\"updated_at\",\"type\":\"datetime\",\"args\":[{\"useTz\":false,\"precision\":6}],\"defaultTo\":null,\"notNullable\":false,\"unsigned\":false},{\"name\":\"created_by_id\",\"type\":\"integer\",\"args\":[],\"defaultTo\":null,\"notNullable\":false,\"unsigned\":true},{\"name\":\"updated_by_id\",\"type\":\"integer\",\"args\":[],\"defaultTo\":null,\"notNullable\":false,\"unsigned\":true}]},{\"name\":\"strapi_release_actions\",\"indexes\":[{\"name\":\"strapi_release_actions_created_by_id_fk\",\"columns\":[\"created_by_id\"]},{\"name\":\"strapi_release_actions_updated_by_id_fk\",\"columns\":[\"updated_by_id\"]}],\"foreignKeys\":[{\"name\":\"strapi_release_actions_created_by_id_fk\",\"columns\":[\"created_by_id\"],\"referencedTable\":\"admin_users\",\"referencedColumns\":[\"id\"],\"onDelete\":\"SET NULL\"},{\"name\":\"strapi_release_actions_updated_by_id_fk\",\"columns\":[\"updated_by_id\"],\"referencedTable\":\"admin_users\",\"referencedColumns\":[\"id\"],\"onDelete\":\"SET NULL\"}],\"columns\":[{\"name\":\"id\",\"type\":\"increments\",\"args\":[{\"primary\":true,\"primaryKey\":true}],\"defaultTo\":null,\"notNullable\":true,\"unsigned\":false},{\"name\":\"type\",\"type\":\"string\",\"args\":[],\"defaultTo\":null,\"notNullable\":false,\"unsigned\":false},{\"name\":\"target_id\",\"type\":\"integer\",\"args\":[],\"defaultTo\":null,\"notNullable\":false,\"unsigned\":true},{\"name\":\"target_type\",\"type\":\"string\",\"args\":[],\"defaultTo\":null,\"notNullable\":false,\"unsigned\":false},{\"name\":\"content_type\",\"type\":\"string\",\"args\":[],\"defaultTo\":null,\"notNullable\":false,\"unsigned\":false},{\"name\":\"locale\",\"type\":\"string\",\"args\":[],\"defaultTo\":null,\"notNullable\":false,\"unsigned\":false},{\"name\":\"is_entry_valid\",\"type\":\"boolean\",\"args\":[],\"defaultTo\":null,\"notNullable\":false,\"unsigned\":false},{\"name\":\"created_at\",\"type\":\"datetime\",\"args\":[{\"useTz\":false,\"precision\":6}],\"defaultTo\":null,\"notNullable\":false,\"unsigned\":false},{\"name\":\"updated_at\",\"type\":\"datetime\",\"args\":[{\"useTz\":false,\"precision\":6}],\"defaultTo\":null,\"notNullable\":false,\"unsigned\":false},{\"name\":\"created_by_id\",\"type\":\"integer\",\"args\":[],\"defaultTo\":null,\"notNullable\":false,\"unsigned\":true},{\"name\":\"updated_by_id\",\"type\":\"integer\",\"args\":[],\"defaultTo\":null,\"notNullable\":false,\"unsigned\":true}]},{\"name\":\"i18n_locale\",\"indexes\":[{\"name\":\"i18n_locale_created_by_id_fk\",\"columns\":[\"created_by_id\"]},{\"name\":\"i18n_locale_updated_by_id_fk\",\"columns\":[\"updated_by_id\"]}],\"foreignKeys\":[{\"name\":\"i18n_locale_created_by_id_fk\",\"columns\":[\"created_by_id\"],\"referencedTable\":\"admin_users\",\"referencedColumns\":[\"id\"],\"onDelete\":\"SET NULL\"},{\"name\":\"i18n_locale_updated_by_id_fk\",\"columns\":[\"updated_by_id\"],\"referencedTable\":\"admin_users\",\"referencedColumns\":[\"id\"],\"onDelete\":\"SET NULL\"}],\"columns\":[{\"name\":\"id\",\"type\":\"increments\",\"args\":[{\"primary\":true,\"primaryKey\":true}],\"defaultTo\":null,\"notNullable\":true,\"unsigned\":false},{\"name\":\"name\",\"type\":\"string\",\"args\":[],\"defaultTo\":null,\"notNullable\":false,\"unsigned\":false},{\"name\":\"code\",\"type\":\"string\",\"args\":[],\"defaultTo\":null,\"notNullable\":false,\"unsigned\":false},{\"name\":\"created_at\",\"type\":\"datetime\",\"args\":[{\"useTz\":false,\"precision\":6}],\"defaultTo\":null,\"notNullable\":false,\"unsigned\":false},{\"name\":\"updated_at\",\"type\":\"datetime\",\"args\":[{\"useTz\":false,\"precision\":6}],\"defaultTo\":null,\"notNullable\":false,\"unsigned\":false},{\"name\":\"created_by_id\",\"type\":\"integer\",\"args\":[],\"defaultTo\":null,\"notNullable\":false,\"unsigned\":true},{\"name\":\"updated_by_id\",\"type\":\"integer\",\"args\":[],\"defaultTo\":null,\"notNullable\":false,\"unsigned\":true}]},{\"name\":\"up_permissions\",\"indexes\":[{\"name\":\"up_permissions_created_by_id_fk\",\"columns\":[\"created_by_id\"]},{\"name\":\"up_permissions_updated_by_id_fk\",\"columns\":[\"updated_by_id\"]}],\"foreignKeys\":[{\"name\":\"up_permissions_created_by_id_fk\",\"columns\":[\"created_by_id\"],\"referencedTable\":\"admin_users\",\"referencedColumns\":[\"id\"],\"onDelete\":\"SET NULL\"},{\"name\":\"up_permissions_updated_by_id_fk\",\"columns\":[\"updated_by_id\"],\"referencedTable\":\"admin_users\",\"referencedColumns\":[\"id\"],\"onDelete\":\"SET NULL\"}],\"columns\":[{\"name\":\"id\",\"type\":\"increments\",\"args\":[{\"primary\":true,\"primaryKey\":true}],\"defaultTo\":null,\"notNullable\":true,\"unsigned\":false},{\"name\":\"action\",\"type\":\"string\",\"args\":[],\"defaultTo\":null,\"notNullable\":false,\"unsigned\":false},{\"name\":\"created_at\",\"type\":\"datetime\",\"args\":[{\"useTz\":false,\"precision\":6}],\"defaultTo\":null,\"notNullable\":false,\"unsigned\":false},{\"name\":\"updated_at\",\"type\":\"datetime\",\"args\":[{\"useTz\":false,\"precision\":6}],\"defaultTo\":null,\"notNullable\":false,\"unsigned\":false},{\"name\":\"created_by_id\",\"type\":\"integer\",\"args\":[],\"defaultTo\":null,\"notNullable\":false,\"unsigned\":true},{\"name\":\"updated_by_id\",\"type\":\"integer\",\"args\":[],\"defaultTo\":null,\"notNullable\":false,\"unsigned\":true}]},{\"name\":\"up_roles\",\"indexes\":[{\"name\":\"up_roles_created_by_id_fk\",\"columns\":[\"created_by_id\"]},{\"name\":\"up_roles_updated_by_id_fk\",\"columns\":[\"updated_by_id\"]}],\"foreignKeys\":[{\"name\":\"up_roles_created_by_id_fk\",\"columns\":[\"created_by_id\"],\"referencedTable\":\"admin_users\",\"referencedColumns\":[\"id\"],\"onDelete\":\"SET NULL\"},{\"name\":\"up_roles_updated_by_id_fk\",\"columns\":[\"updated_by_id\"],\"referencedTable\":\"admin_users\",\"referencedColumns\":[\"id\"],\"onDelete\":\"SET NULL\"}],\"columns\":[{\"name\":\"id\",\"type\":\"increments\",\"args\":[{\"primary\":true,\"primaryKey\":true}],\"defaultTo\":null,\"notNullable\":true,\"unsigned\":false},{\"name\":\"name\",\"type\":\"string\",\"args\":[],\"defaultTo\":null,\"notNullable\":false,\"unsigned\":false},{\"name\":\"description\",\"type\":\"string\",\"args\":[],\"defaultTo\":null,\"notNullable\":false,\"unsigned\":false},{\"name\":\"type\",\"type\":\"string\",\"args\":[],\"defaultTo\":null,\"notNullable\":false,\"unsigned\":false},{\"name\":\"created_at\",\"type\":\"datetime\",\"args\":[{\"useTz\":false,\"precision\":6}],\"defaultTo\":null,\"notNullable\":false,\"unsigned\":false},{\"name\":\"updated_at\",\"type\":\"datetime\",\"args\":[{\"useTz\":false,\"precision\":6}],\"defaultTo\":null,\"notNullable\":false,\"unsigned\":false},{\"name\":\"created_by_id\",\"type\":\"integer\",\"args\":[],\"defaultTo\":null,\"notNullable\":false,\"unsigned\":true},{\"name\":\"updated_by_id\",\"type\":\"integer\",\"args\":[],\"defaultTo\":null,\"notNullable\":false,\"unsigned\":true}]},{\"name\":\"up_users\",\"indexes\":[{\"name\":\"up_users_created_by_id_fk\",\"columns\":[\"created_by_id\"]},{\"name\":\"up_users_updated_by_id_fk\",\"columns\":[\"updated_by_id\"]}],\"foreignKeys\":[{\"name\":\"up_users_created_by_id_fk\",\"columns\":[\"created_by_id\"],\"referencedTable\":\"admin_users\",\"referencedColumns\":[\"id\"],\"onDelete\":\"SET NULL\"},{\"name\":\"up_users_updated_by_id_fk\",\"columns\":[\"updated_by_id\"],\"referencedTable\":\"admin_users\",\"referencedColumns\":[\"id\"],\"onDelete\":\"SET NULL\"}],\"columns\":[{\"name\":\"id\",\"type\":\"increments\",\"args\":[{\"primary\":true,\"primaryKey\":true}],\"defaultTo\":null,\"notNullable\":true,\"unsigned\":false},{\"name\":\"username\",\"type\":\"string\",\"args\":[],\"defaultTo\":null,\"notNullable\":false,\"unsigned\":false},{\"name\":\"email\",\"type\":\"string\",\"args\":[],\"defaultTo\":null,\"notNullable\":false,\"unsigned\":false},{\"name\":\"provider\",\"type\":\"string\",\"args\":[],\"defaultTo\":null,\"notNullable\":false,\"unsigned\":false},{\"name\":\"password\",\"type\":\"string\",\"args\":[],\"defaultTo\":null,\"notNullable\":false,\"unsigned\":false},{\"name\":\"reset_password_token\",\"type\":\"string\",\"args\":[],\"defaultTo\":null,\"notNullable\":false,\"unsigned\":false},{\"name\":\"confirmation_token\",\"type\":\"string\",\"args\":[],\"defaultTo\":null,\"notNullable\":false,\"unsigned\":false},{\"name\":\"confirmed\",\"type\":\"boolean\",\"args\":[],\"defaultTo\":null,\"notNullable\":false,\"unsigned\":false},{\"name\":\"blocked\",\"type\":\"boolean\",\"args\":[],\"defaultTo\":null,\"notNullable\":false,\"unsigned\":false},{\"name\":\"created_at\",\"type\":\"datetime\",\"args\":[{\"useTz\":false,\"precision\":6}],\"defaultTo\":null,\"notNullable\":false,\"unsigned\":false},{\"name\":\"updated_at\",\"type\":\"datetime\",\"args\":[{\"useTz\":false,\"precision\":6}],\"defaultTo\":null,\"notNullable\":false,\"unsigned\":false},{\"name\":\"created_by_id\",\"type\":\"integer\",\"args\":[],\"defaultTo\":null,\"notNullable\":false,\"unsigned\":true},{\"name\":\"updated_by_id\",\"type\":\"integer\",\"args\":[],\"defaultTo\":null,\"notNullable\":false,\"unsigned\":true}]},{\"name\":\"announcements\",\"indexes\":[{\"name\":\"announcements_created_by_id_fk\",\"columns\":[\"created_by_id\"]},{\"name\":\"announcements_updated_by_id_fk\",\"columns\":[\"updated_by_id\"]}],\"foreignKeys\":[{\"name\":\"announcements_created_by_id_fk\",\"columns\":[\"created_by_id\"],\"referencedTable\":\"admin_users\",\"referencedColumns\":[\"id\"],\"onDelete\":\"SET NULL\"},{\"name\":\"announcements_updated_by_id_fk\",\"columns\":[\"updated_by_id\"],\"referencedTable\":\"admin_users\",\"referencedColumns\":[\"id\"],\"onDelete\":\"SET NULL\"}],\"columns\":[{\"name\":\"id\",\"type\":\"increments\",\"args\":[{\"primary\":true,\"primaryKey\":true}],\"defaultTo\":null,\"notNullable\":true,\"unsigned\":false},{\"name\":\"title\",\"type\":\"string\",\"args\":[],\"defaultTo\":null,\"notNullable\":false,\"unsigned\":false},{\"name\":\"slug\",\"type\":\"string\",\"args\":[],\"defaultTo\":null,\"notNullable\":false,\"unsigned\":false},{\"name\":\"summary\",\"type\":\"text\",\"args\":[\"longtext\"],\"defaultTo\":null,\"notNullable\":false,\"unsigned\":false},{\"name\":\"content\",\"type\":\"text\",\"args\":[\"longtext\"],\"defaultTo\":null,\"notNullable\":false,\"unsigned\":false},{\"name\":\"publish_date\",\"type\":\"datetime\",\"args\":[{\"useTz\":false,\"precision\":6}],\"defaultTo\":null,\"notNullable\":false,\"unsigned\":false},{\"name\":\"priority\",\"type\":\"string\",\"args\":[],\"defaultTo\":null,\"notNullable\":false,\"unsigned\":false},{\"name\":\"featured\",\"type\":\"boolean\",\"args\":[],\"defaultTo\":null,\"notNullable\":false,\"unsigned\":false},{\"name\":\"created_at\",\"type\":\"datetime\",\"args\":[{\"useTz\":false,\"precision\":6}],\"defaultTo\":null,\"notNullable\":false,\"unsigned\":false},{\"name\":\"updated_at\",\"type\":\"datetime\",\"args\":[{\"useTz\":false,\"precision\":6}],\"defaultTo\":null,\"notNullable\":false,\"unsigned\":false},{\"name\":\"published_at\",\"type\":\"datetime\",\"args\":[{\"useTz\":false,\"precision\":6}],\"defaultTo\":null,\"notNullable\":false,\"unsigned\":false},{\"name\":\"created_by_id\",\"type\":\"integer\",\"args\":[],\"defaultTo\":null,\"notNullable\":false,\"unsigned\":true},{\"name\":\"updated_by_id\",\"type\":\"integer\",\"args\":[],\"defaultTo\":null,\"notNullable\":false,\"unsigned\":true},{\"name\":\"locale\",\"type\":\"string\",\"args\":[],\"defaultTo\":null,\"notNullable\":false,\"unsigned\":false}]},{\"name\":\"authors\",\"indexes\":[{\"name\":\"authors_created_by_id_fk\",\"columns\":[\"created_by_id\"]},{\"name\":\"authors_updated_by_id_fk\",\"columns\":[\"updated_by_id\"]}],\"foreignKeys\":[{\"name\":\"authors_created_by_id_fk\",\"columns\":[\"created_by_id\"],\"referencedTable\":\"admin_users\",\"referencedColumns\":[\"id\"],\"onDelete\":\"SET NULL\"},{\"name\":\"authors_updated_by_id_fk\",\"columns\":[\"updated_by_id\"],\"referencedTable\":\"admin_users\",\"referencedColumns\":[\"id\"],\"onDelete\":\"SET NULL\"}],\"columns\":[{\"name\":\"id\",\"type\":\"increments\",\"args\":[{\"primary\":true,\"primaryKey\":true}],\"defaultTo\":null,\"notNullable\":true,\"unsigned\":false},{\"name\":\"name\",\"type\":\"string\",\"args\":[],\"defaultTo\":null,\"notNullable\":false,\"unsigned\":false},{\"name\":\"slug\",\"type\":\"string\",\"args\":[],\"defaultTo\":null,\"notNullable\":false,\"unsigned\":false},{\"name\":\"title\",\"type\":\"string\",\"args\":[],\"defaultTo\":null,\"notNullable\":false,\"unsigned\":false},{\"name\":\"bio\",\"type\":\"text\",\"args\":[\"longtext\"],\"defaultTo\":null,\"notNullable\":false,\"unsigned\":false},{\"name\":\"email\",\"type\":\"string\",\"args\":[],\"defaultTo\":null,\"notNullable\":false,\"unsigned\":false},{\"name\":\"linkedin\",\"type\":\"string\",\"args\":[],\"defaultTo\":null,\"notNullable\":false,\"unsigned\":false},{\"name\":\"created_at\",\"type\":\"datetime\",\"args\":[{\"useTz\":false,\"precision\":6}],\"defaultTo\":null,\"notNullable\":false,\"unsigned\":false},{\"name\":\"updated_at\",\"type\":\"datetime\",\"args\":[{\"useTz\":false,\"precision\":6}],\"defaultTo\":null,\"notNullable\":false,\"unsigned\":false},{\"name\":\"published_at\",\"type\":\"datetime\",\"args\":[{\"useTz\":false,\"precision\":6}],\"defaultTo\":null,\"notNullable\":false,\"unsigned\":false},{\"name\":\"created_by_id\",\"type\":\"integer\",\"args\":[],\"defaultTo\":null,\"notNullable\":false,\"unsigned\":true},{\"name\":\"updated_by_id\",\"type\":\"integer\",\"args\":[],\"defaultTo\":null,\"notNullable\":false,\"unsigned\":true},{\"name\":\"locale\",\"type\":\"string\",\"args\":[],\"defaultTo\":null,\"notNullable\":false,\"unsigned\":false}]},{\"name\":\"banners\",\"indexes\":[{\"name\":\"banners_created_by_id_fk\",\"columns\":[\"created_by_id\"]},{\"name\":\"banners_updated_by_id_fk\",\"columns\":[\"updated_by_id\"]}],\"foreignKeys\":[{\"name\":\"banners_created_by_id_fk\",\"columns\":[\"created_by_id\"],\"referencedTable\":\"admin_users\",\"referencedColumns\":[\"id\"],\"onDelete\":\"SET NULL\"},{\"name\":\"banners_updated_by_id_fk\",\"columns\":[\"updated_by_id\"],\"referencedTable\":\"admin_users\",\"referencedColumns\":[\"id\"],\"onDelete\":\"SET NULL\"}],\"columns\":[{\"name\":\"id\",\"type\":\"increments\",\"args\":[{\"primary\":true,\"primaryKey\":true}],\"defaultTo\":null,\"notNullable\":true,\"unsigned\":false},{\"name\":\"title\",\"type\":\"string\",\"args\":[],\"defaultTo\":null,\"notNullable\":false,\"unsigned\":false},{\"name\":\"slug\",\"type\":\"string\",\"args\":[],\"defaultTo\":null,\"notNullable\":false,\"unsigned\":false},{\"name\":\"summary\",\"type\":\"text\",\"args\":[\"longtext\"],\"defaultTo\":null,\"notNullable\":false,\"unsigned\":false},{\"name\":\"priority\",\"type\":\"integer\",\"args\":[],\"defaultTo\":null,\"notNullable\":false,\"unsigned\":false},{\"name\":\"active\",\"type\":\"boolean\",\"args\":[],\"defaultTo\":null,\"notNullable\":false,\"unsigned\":false},{\"name\":\"created_at\",\"type\":\"datetime\",\"args\":[{\"useTz\":false,\"precision\":6}],\"defaultTo\":null,\"notNullable\":false,\"unsigned\":false},{\"name\":\"updated_at\",\"type\":\"datetime\",\"args\":[{\"useTz\":false,\"precision\":6}],\"defaultTo\":null,\"notNullable\":false,\"unsigned\":false},{\"name\":\"published_at\",\"type\":\"datetime\",\"args\":[{\"useTz\":false,\"precision\":6}],\"defaultTo\":null,\"notNullable\":false,\"unsigned\":false},{\"name\":\"created_by_id\",\"type\":\"integer\",\"args\":[],\"defaultTo\":null,\"notNullable\":false,\"unsigned\":true},{\"name\":\"updated_by_id\",\"type\":\"integer\",\"args\":[],\"defaultTo\":null,\"notNullable\":false,\"unsigned\":true},{\"name\":\"locale\",\"type\":\"string\",\"args\":[],\"defaultTo\":null,\"notNullable\":false,\"unsigned\":false}]},{\"name\":\"banner_placements\",\"indexes\":[{\"name\":\"banner_placements_created_by_id_fk\",\"columns\":[\"created_by_id\"]},{\"name\":\"banner_placements_updated_by_id_fk\",\"columns\":[\"updated_by_id\"]}],\"foreignKeys\":[{\"name\":\"banner_placements_created_by_id_fk\",\"columns\":[\"created_by_id\"],\"referencedTable\":\"admin_users\",\"referencedColumns\":[\"id\"],\"onDelete\":\"SET NULL\"},{\"name\":\"banner_placements_updated_by_id_fk\",\"columns\":[\"updated_by_id\"],\"referencedTable\":\"admin_users\",\"referencedColumns\":[\"id\"],\"onDelete\":\"SET NULL\"}],\"columns\":[{\"name\":\"id\",\"type\":\"increments\",\"args\":[{\"primary\":true,\"primaryKey\":true}],\"defaultTo\":null,\"notNullable\":true,\"unsigned\":false},{\"name\":\"title\",\"type\":\"string\",\"args\":[],\"defaultTo\":null,\"notNullable\":false,\"unsigned\":false},{\"name\":\"slug\",\"type\":\"string\",\"args\":[],\"defaultTo\":null,\"notNullable\":false,\"unsigned\":false},{\"name\":\"summary\",\"type\":\"text\",\"args\":[\"longtext\"],\"defaultTo\":null,\"notNullable\":false,\"unsigned\":false},{\"name\":\"sort_order\",\"type\":\"integer\",\"args\":[],\"defaultTo\":null,\"notNullable\":false,\"unsigned\":false},{\"name\":\"created_at\",\"type\":\"datetime\",\"args\":[{\"useTz\":false,\"precision\":6}],\"defaultTo\":null,\"notNullable\":false,\"unsigned\":false},{\"name\":\"updated_at\",\"type\":\"datetime\",\"args\":[{\"useTz\":false,\"precision\":6}],\"defaultTo\":null,\"notNullable\":false,\"unsigned\":false},{\"name\":\"published_at\",\"type\":\"datetime\",\"args\":[{\"useTz\":false,\"precision\":6}],\"defaultTo\":null,\"notNullable\":false,\"unsigned\":false},{\"name\":\"created_by_id\",\"type\":\"integer\",\"args\":[],\"defaultTo\":null,\"notNullable\":false,\"unsigned\":true},{\"name\":\"updated_by_id\",\"type\":\"integer\",\"args\":[],\"defaultTo\":null,\"notNullable\":false,\"unsigned\":true},{\"name\":\"locale\",\"type\":\"string\",\"args\":[],\"defaultTo\":null,\"notNullable\":false,\"unsigned\":false}]},{\"name\":\"career_jobs\",\"indexes\":[{\"name\":\"career_jobs_created_by_id_fk\",\"columns\":[\"created_by_id\"]},{\"name\":\"career_jobs_updated_by_id_fk\",\"columns\":[\"updated_by_id\"]}],\"foreignKeys\":[{\"name\":\"career_jobs_created_by_id_fk\",\"columns\":[\"created_by_id\"],\"referencedTable\":\"admin_users\",\"referencedColumns\":[\"id\"],\"onDelete\":\"SET NULL\"},{\"name\":\"career_jobs_updated_by_id_fk\",\"columns\":[\"updated_by_id\"],\"referencedTable\":\"admin_users\",\"referencedColumns\":[\"id\"],\"onDelete\":\"SET NULL\"}],\"columns\":[{\"name\":\"id\",\"type\":\"increments\",\"args\":[{\"primary\":true,\"primaryKey\":true}],\"defaultTo\":null,\"notNullable\":true,\"unsigned\":false},{\"name\":\"title\",\"type\":\"string\",\"args\":[],\"defaultTo\":null,\"notNullable\":false,\"unsigned\":false},{\"name\":\"slug\",\"type\":\"string\",\"args\":[],\"defaultTo\":null,\"notNullable\":false,\"unsigned\":false},{\"name\":\"summary\",\"type\":\"text\",\"args\":[\"longtext\"],\"defaultTo\":null,\"notNullable\":false,\"unsigned\":false},{\"name\":\"description\",\"type\":\"text\",\"args\":[\"longtext\"],\"defaultTo\":null,\"notNullable\":false,\"unsigned\":false},{\"name\":\"department\",\"type\":\"string\",\"args\":[],\"defaultTo\":null,\"notNullable\":false,\"unsigned\":false},{\"name\":\"location\",\"type\":\"string\",\"args\":[],\"defaultTo\":null,\"notNullable\":false,\"unsigned\":false},{\"name\":\"salary_range\",\"type\":\"string\",\"args\":[],\"defaultTo\":null,\"notNullable\":false,\"unsigned\":false},{\"name\":\"publish_date\",\"type\":\"datetime\",\"args\":[{\"useTz\":false,\"precision\":6}],\"defaultTo\":null,\"notNullable\":false,\"unsigned\":false},{\"name\":\"application_deadline\",\"type\":\"date\",\"args\":[],\"defaultTo\":null,\"notNullable\":false,\"unsigned\":false},{\"name\":\"featured\",\"type\":\"boolean\",\"args\":[],\"defaultTo\":null,\"notNullable\":false,\"unsigned\":false},{\"name\":\"status\",\"type\":\"string\",\"args\":[],\"defaultTo\":null,\"notNullable\":false,\"unsigned\":false},{\"name\":\"apply_url\",\"type\":\"string\",\"args\":[],\"defaultTo\":null,\"notNullable\":false,\"unsigned\":false},{\"name\":\"created_at\",\"type\":\"datetime\",\"args\":[{\"useTz\":false,\"precision\":6}],\"defaultTo\":null,\"notNullable\":false,\"unsigned\":false},{\"name\":\"updated_at\",\"type\":\"datetime\",\"args\":[{\"useTz\":false,\"precision\":6}],\"defaultTo\":null,\"notNullable\":false,\"unsigned\":false},{\"name\":\"published_at\",\"type\":\"datetime\",\"args\":[{\"useTz\":false,\"precision\":6}],\"defaultTo\":null,\"notNullable\":false,\"unsigned\":false},{\"name\":\"created_by_id\",\"type\":\"integer\",\"args\":[],\"defaultTo\":null,\"notNullable\":false,\"unsigned\":true},{\"name\":\"updated_by_id\",\"type\":\"integer\",\"args\":[],\"defaultTo\":null,\"notNullable\":false,\"unsigned\":true},{\"name\":\"locale\",\"type\":\"string\",\"args\":[],\"defaultTo\":null,\"notNullable\":false,\"unsigned\":false}]},{\"name\":\"contact_page_settings\",\"indexes\":[{\"name\":\"contact_page_settings_created_by_id_fk\",\"columns\":[\"created_by_id\"]},{\"name\":\"contact_page_settings_updated_by_id_fk\",\"columns\":[\"updated_by_id\"]}],\"foreignKeys\":[{\"name\":\"contact_page_settings_created_by_id_fk\",\"columns\":[\"created_by_id\"],\"referencedTable\":\"admin_users\",\"referencedColumns\":[\"id\"],\"onDelete\":\"SET NULL\"},{\"name\":\"contact_page_settings_updated_by_id_fk\",\"columns\":[\"updated_by_id\"],\"referencedTable\":\"admin_users\",\"referencedColumns\":[\"id\"],\"onDelete\":\"SET NULL\"}],\"columns\":[{\"name\":\"id\",\"type\":\"increments\",\"args\":[{\"primary\":true,\"primaryKey\":true}],\"defaultTo\":null,\"notNullable\":true,\"unsigned\":false},{\"name\":\"title\",\"type\":\"string\",\"args\":[],\"defaultTo\":null,\"notNullable\":false,\"unsigned\":false},{\"name\":\"summary\",\"type\":\"text\",\"args\":[\"longtext\"],\"defaultTo\":null,\"notNullable\":false,\"unsigned\":false},{\"name\":\"recipient_email\",\"type\":\"string\",\"args\":[],\"defaultTo\":null,\"notNullable\":false,\"unsigned\":false},{\"name\":\"map_embed_url\",\"type\":\"string\",\"args\":[],\"defaultTo\":null,\"notNullable\":false,\"unsigned\":false},{\"name\":\"created_at\",\"type\":\"datetime\",\"args\":[{\"useTz\":false,\"precision\":6}],\"defaultTo\":null,\"notNullable\":false,\"unsigned\":false},{\"name\":\"updated_at\",\"type\":\"datetime\",\"args\":[{\"useTz\":false,\"precision\":6}],\"defaultTo\":null,\"notNullable\":false,\"unsigned\":false},{\"name\":\"published_at\",\"type\":\"datetime\",\"args\":[{\"useTz\":false,\"precision\":6}],\"defaultTo\":null,\"notNullable\":false,\"unsigned\":false},{\"name\":\"created_by_id\",\"type\":\"integer\",\"args\":[],\"defaultTo\":null,\"notNullable\":false,\"unsigned\":true},{\"name\":\"updated_by_id\",\"type\":\"integer\",\"args\":[],\"defaultTo\":null,\"notNullable\":false,\"unsigned\":true},{\"name\":\"locale\",\"type\":\"string\",\"args\":[],\"defaultTo\":null,\"notNullable\":false,\"unsigned\":false}]},{\"name\":\"document_categories\",\"indexes\":[{\"name\":\"document_categories_created_by_id_fk\",\"columns\":[\"created_by_id\"]},{\"name\":\"document_categories_updated_by_id_fk\",\"columns\":[\"updated_by_id\"]}],\"foreignKeys\":[{\"name\":\"document_categories_created_by_id_fk\",\"columns\":[\"created_by_id\"],\"referencedTable\":\"admin_users\",\"referencedColumns\":[\"id\"],\"onDelete\":\"SET NULL\"},{\"name\":\"document_categories_updated_by_id_fk\",\"columns\":[\"updated_by_id\"],\"referencedTable\":\"admin_users\",\"referencedColumns\":[\"id\"],\"onDelete\":\"SET NULL\"}],\"columns\":[{\"name\":\"id\",\"type\":\"increments\",\"args\":[{\"primary\":true,\"primaryKey\":true}],\"defaultTo\":null,\"notNullable\":true,\"unsigned\":false},{\"name\":\"title\",\"type\":\"string\",\"args\":[],\"defaultTo\":null,\"notNullable\":false,\"unsigned\":false},{\"name\":\"slug\",\"type\":\"string\",\"args\":[],\"defaultTo\":null,\"notNullable\":false,\"unsigned\":false},{\"name\":\"summary\",\"type\":\"text\",\"args\":[\"longtext\"],\"defaultTo\":null,\"notNullable\":false,\"unsigned\":false},{\"name\":\"sort_order\",\"type\":\"integer\",\"args\":[],\"defaultTo\":null,\"notNullable\":false,\"unsigned\":false},{\"name\":\"created_at\",\"type\":\"datetime\",\"args\":[{\"useTz\":false,\"precision\":6}],\"defaultTo\":null,\"notNullable\":false,\"unsigned\":false},{\"name\":\"updated_at\",\"type\":\"datetime\",\"args\":[{\"useTz\":false,\"precision\":6}],\"defaultTo\":null,\"notNullable\":false,\"unsigned\":false},{\"name\":\"published_at\",\"type\":\"datetime\",\"args\":[{\"useTz\":false,\"precision\":6}],\"defaultTo\":null,\"notNullable\":false,\"unsigned\":false},{\"name\":\"created_by_id\",\"type\":\"integer\",\"args\":[],\"defaultTo\":null,\"notNullable\":false,\"unsigned\":true},{\"name\":\"updated_by_id\",\"type\":\"integer\",\"args\":[],\"defaultTo\":null,\"notNullable\":false,\"unsigned\":true},{\"name\":\"locale\",\"type\":\"string\",\"args\":[],\"defaultTo\":null,\"notNullable\":false,\"unsigned\":false}]},{\"name\":\"downloadable_documents\",\"indexes\":[{\"name\":\"downloadable_documents_created_by_id_fk\",\"columns\":[\"created_by_id\"]},{\"name\":\"downloadable_documents_updated_by_id_fk\",\"columns\":[\"updated_by_id\"]}],\"foreignKeys\":[{\"name\":\"downloadable_documents_created_by_id_fk\",\"columns\":[\"created_by_id\"],\"referencedTable\":\"admin_users\",\"referencedColumns\":[\"id\"],\"onDelete\":\"SET NULL\"},{\"name\":\"downloadable_documents_updated_by_id_fk\",\"columns\":[\"updated_by_id\"],\"referencedTable\":\"admin_users\",\"referencedColumns\":[\"id\"],\"onDelete\":\"SET NULL\"}],\"columns\":[{\"name\":\"id\",\"type\":\"increments\",\"args\":[{\"primary\":true,\"primaryKey\":true}],\"defaultTo\":null,\"notNullable\":true,\"unsigned\":false},{\"name\":\"title\",\"type\":\"string\",\"args\":[],\"defaultTo\":null,\"notNullable\":false,\"unsigned\":false},{\"name\":\"slug\",\"type\":\"string\",\"args\":[],\"defaultTo\":null,\"notNullable\":false,\"unsigned\":false},{\"name\":\"summary\",\"type\":\"text\",\"args\":[\"longtext\"],\"defaultTo\":null,\"notNullable\":false,\"unsigned\":false},{\"name\":\"publish_date\",\"type\":\"datetime\",\"args\":[{\"useTz\":false,\"precision\":6}],\"defaultTo\":null,\"notNullable\":false,\"unsigned\":false},{\"name\":\"featured\",\"type\":\"boolean\",\"args\":[],\"defaultTo\":null,\"notNullable\":false,\"unsigned\":false},{\"name\":\"created_at\",\"type\":\"datetime\",\"args\":[{\"useTz\":false,\"precision\":6}],\"defaultTo\":null,\"notNullable\":false,\"unsigned\":false},{\"name\":\"updated_at\",\"type\":\"datetime\",\"args\":[{\"useTz\":false,\"precision\":6}],\"defaultTo\":null,\"notNullable\":false,\"unsigned\":false},{\"name\":\"published_at\",\"type\":\"datetime\",\"args\":[{\"useTz\":false,\"precision\":6}],\"defaultTo\":null,\"notNullable\":false,\"unsigned\":false},{\"name\":\"created_by_id\",\"type\":\"integer\",\"args\":[],\"defaultTo\":null,\"notNullable\":false,\"unsigned\":true},{\"name\":\"updated_by_id\",\"type\":\"integer\",\"args\":[],\"defaultTo\":null,\"notNullable\":false,\"unsigned\":true},{\"name\":\"locale\",\"type\":\"string\",\"args\":[],\"defaultTo\":null,\"notNullable\":false,\"unsigned\":false}]},{\"name\":\"employment_types\",\"indexes\":[{\"name\":\"employment_types_created_by_id_fk\",\"columns\":[\"created_by_id\"]},{\"name\":\"employment_types_updated_by_id_fk\",\"columns\":[\"updated_by_id\"]}],\"foreignKeys\":[{\"name\":\"employment_types_created_by_id_fk\",\"columns\":[\"created_by_id\"],\"referencedTable\":\"admin_users\",\"referencedColumns\":[\"id\"],\"onDelete\":\"SET NULL\"},{\"name\":\"employment_types_updated_by_id_fk\",\"columns\":[\"updated_by_id\"],\"referencedTable\":\"admin_users\",\"referencedColumns\":[\"id\"],\"onDelete\":\"SET NULL\"}],\"columns\":[{\"name\":\"id\",\"type\":\"increments\",\"args\":[{\"primary\":true,\"primaryKey\":true}],\"defaultTo\":null,\"notNullable\":true,\"unsigned\":false},{\"name\":\"title\",\"type\":\"string\",\"args\":[],\"defaultTo\":null,\"notNullable\":false,\"unsigned\":false},{\"name\":\"slug\",\"type\":\"string\",\"args\":[],\"defaultTo\":null,\"notNullable\":false,\"unsigned\":false},{\"name\":\"summary\",\"type\":\"text\",\"args\":[\"longtext\"],\"defaultTo\":null,\"notNullable\":false,\"unsigned\":false},{\"name\":\"sort_order\",\"type\":\"integer\",\"args\":[],\"defaultTo\":null,\"notNullable\":false,\"unsigned\":false},{\"name\":\"created_at\",\"type\":\"datetime\",\"args\":[{\"useTz\":false,\"precision\":6}],\"defaultTo\":null,\"notNullable\":false,\"unsigned\":false},{\"name\":\"updated_at\",\"type\":\"datetime\",\"args\":[{\"useTz\":false,\"precision\":6}],\"defaultTo\":null,\"notNullable\":false,\"unsigned\":false},{\"name\":\"published_at\",\"type\":\"datetime\",\"args\":[{\"useTz\":false,\"precision\":6}],\"defaultTo\":null,\"notNullable\":false,\"unsigned\":false},{\"name\":\"created_by_id\",\"type\":\"integer\",\"args\":[],\"defaultTo\":null,\"notNullable\":false,\"unsigned\":true},{\"name\":\"updated_by_id\",\"type\":\"integer\",\"args\":[],\"defaultTo\":null,\"notNullable\":false,\"unsigned\":true},{\"name\":\"locale\",\"type\":\"string\",\"args\":[],\"defaultTo\":null,\"notNullable\":false,\"unsigned\":false}]},{\"name\":\"events\",\"indexes\":[{\"name\":\"events_created_by_id_fk\",\"columns\":[\"created_by_id\"]},{\"name\":\"events_updated_by_id_fk\",\"columns\":[\"updated_by_id\"]}],\"foreignKeys\":[{\"name\":\"events_created_by_id_fk\",\"columns\":[\"created_by_id\"],\"referencedTable\":\"admin_users\",\"referencedColumns\":[\"id\"],\"onDelete\":\"SET NULL\"},{\"name\":\"events_updated_by_id_fk\",\"columns\":[\"updated_by_id\"],\"referencedTable\":\"admin_users\",\"referencedColumns\":[\"id\"],\"onDelete\":\"SET NULL\"}],\"columns\":[{\"name\":\"id\",\"type\":\"increments\",\"args\":[{\"primary\":true,\"primaryKey\":true}],\"defaultTo\":null,\"notNullable\":true,\"unsigned\":false},{\"name\":\"title\",\"type\":\"string\",\"args\":[],\"defaultTo\":null,\"notNullable\":false,\"unsigned\":false},{\"name\":\"slug\",\"type\":\"string\",\"args\":[],\"defaultTo\":null,\"notNullable\":false,\"unsigned\":false},{\"name\":\"summary\",\"type\":\"text\",\"args\":[\"longtext\"],\"defaultTo\":null,\"notNullable\":false,\"unsigned\":false},{\"name\":\"content\",\"type\":\"text\",\"args\":[\"longtext\"],\"defaultTo\":null,\"notNullable\":false,\"unsigned\":false},{\"name\":\"publish_date\",\"type\":\"datetime\",\"args\":[{\"useTz\":false,\"precision\":6}],\"defaultTo\":null,\"notNullable\":false,\"unsigned\":false},{\"name\":\"start_date\",\"type\":\"datetime\",\"args\":[{\"useTz\":false,\"precision\":6}],\"defaultTo\":null,\"notNullable\":false,\"unsigned\":false},{\"name\":\"end_date\",\"type\":\"datetime\",\"args\":[{\"useTz\":false,\"precision\":6}],\"defaultTo\":null,\"notNullable\":false,\"unsigned\":false},{\"name\":\"location\",\"type\":\"string\",\"args\":[],\"defaultTo\":null,\"notNullable\":false,\"unsigned\":false},{\"name\":\"is_online\",\"type\":\"boolean\",\"args\":[],\"defaultTo\":null,\"notNullable\":false,\"unsigned\":false},{\"name\":\"registration_url\",\"type\":\"string\",\"args\":[],\"defaultTo\":null,\"notNullable\":false,\"unsigned\":false},{\"name\":\"featured\",\"type\":\"boolean\",\"args\":[],\"defaultTo\":null,\"notNullable\":false,\"unsigned\":false},{\"name\":\"status\",\"type\":\"string\",\"args\":[],\"defaultTo\":null,\"notNullable\":false,\"unsigned\":false},{\"name\":\"created_at\",\"type\":\"datetime\",\"args\":[{\"useTz\":false,\"precision\":6}],\"defaultTo\":null,\"notNullable\":false,\"unsigned\":false},{\"name\":\"updated_at\",\"type\":\"datetime\",\"args\":[{\"useTz\":false,\"precision\":6}],\"defaultTo\":null,\"notNullable\":false,\"unsigned\":false},{\"name\":\"published_at\",\"type\":\"datetime\",\"args\":[{\"useTz\":false,\"precision\":6}],\"defaultTo\":null,\"notNullable\":false,\"unsigned\":false},{\"name\":\"created_by_id\",\"type\":\"integer\",\"args\":[],\"defaultTo\":null,\"notNullable\":false,\"unsigned\":true},{\"name\":\"updated_by_id\",\"type\":\"integer\",\"args\":[],\"defaultTo\":null,\"notNullable\":false,\"unsigned\":true},{\"name\":\"locale\",\"type\":\"string\",\"args\":[],\"defaultTo\":null,\"notNullable\":false,\"unsigned\":false}]},{\"name\":\"event_categories\",\"indexes\":[{\"name\":\"event_categories_created_by_id_fk\",\"columns\":[\"created_by_id\"]},{\"name\":\"event_categories_updated_by_id_fk\",\"columns\":[\"updated_by_id\"]}],\"foreignKeys\":[{\"name\":\"event_categories_created_by_id_fk\",\"columns\":[\"created_by_id\"],\"referencedTable\":\"admin_users\",\"referencedColumns\":[\"id\"],\"onDelete\":\"SET NULL\"},{\"name\":\"event_categories_updated_by_id_fk\",\"columns\":[\"updated_by_id\"],\"referencedTable\":\"admin_users\",\"referencedColumns\":[\"id\"],\"onDelete\":\"SET NULL\"}],\"columns\":[{\"name\":\"id\",\"type\":\"increments\",\"args\":[{\"primary\":true,\"primaryKey\":true}],\"defaultTo\":null,\"notNullable\":true,\"unsigned\":false},{\"name\":\"title\",\"type\":\"string\",\"args\":[],\"defaultTo\":null,\"notNullable\":false,\"unsigned\":false},{\"name\":\"slug\",\"type\":\"string\",\"args\":[],\"defaultTo\":null,\"notNullable\":false,\"unsigned\":false},{\"name\":\"summary\",\"type\":\"text\",\"args\":[\"longtext\"],\"defaultTo\":null,\"notNullable\":false,\"unsigned\":false},{\"name\":\"created_at\",\"type\":\"datetime\",\"args\":[{\"useTz\":false,\"precision\":6}],\"defaultTo\":null,\"notNullable\":false,\"unsigned\":false},{\"name\":\"updated_at\",\"type\":\"datetime\",\"args\":[{\"useTz\":false,\"precision\":6}],\"defaultTo\":null,\"notNullable\":false,\"unsigned\":false},{\"name\":\"published_at\",\"type\":\"datetime\",\"args\":[{\"useTz\":false,\"precision\":6}],\"defaultTo\":null,\"notNullable\":false,\"unsigned\":false},{\"name\":\"created_by_id\",\"type\":\"integer\",\"args\":[],\"defaultTo\":null,\"notNullable\":false,\"unsigned\":true},{\"name\":\"updated_by_id\",\"type\":\"integer\",\"args\":[],\"defaultTo\":null,\"notNullable\":false,\"unsigned\":true},{\"name\":\"locale\",\"type\":\"string\",\"args\":[],\"defaultTo\":null,\"notNullable\":false,\"unsigned\":false}]},{\"name\":\"faq_categories\",\"indexes\":[{\"name\":\"faq_categories_created_by_id_fk\",\"columns\":[\"created_by_id\"]},{\"name\":\"faq_categories_updated_by_id_fk\",\"columns\":[\"updated_by_id\"]}],\"foreignKeys\":[{\"name\":\"faq_categories_created_by_id_fk\",\"columns\":[\"created_by_id\"],\"referencedTable\":\"admin_users\",\"referencedColumns\":[\"id\"],\"onDelete\":\"SET NULL\"},{\"name\":\"faq_categories_updated_by_id_fk\",\"columns\":[\"updated_by_id\"],\"referencedTable\":\"admin_users\",\"referencedColumns\":[\"id\"],\"onDelete\":\"SET NULL\"}],\"columns\":[{\"name\":\"id\",\"type\":\"increments\",\"args\":[{\"primary\":true,\"primaryKey\":true}],\"defaultTo\":null,\"notNullable\":true,\"unsigned\":false},{\"name\":\"title\",\"type\":\"string\",\"args\":[],\"defaultTo\":null,\"notNullable\":false,\"unsigned\":false},{\"name\":\"slug\",\"type\":\"string\",\"args\":[],\"defaultTo\":null,\"notNullable\":false,\"unsigned\":false},{\"name\":\"summary\",\"type\":\"text\",\"args\":[\"longtext\"],\"defaultTo\":null,\"notNullable\":false,\"unsigned\":false},{\"name\":\"sort_order\",\"type\":\"integer\",\"args\":[],\"defaultTo\":null,\"notNullable\":false,\"unsigned\":false},{\"name\":\"created_at\",\"type\":\"datetime\",\"args\":[{\"useTz\":false,\"precision\":6}],\"defaultTo\":null,\"notNullable\":false,\"unsigned\":false},{\"name\":\"updated_at\",\"type\":\"datetime\",\"args\":[{\"useTz\":false,\"precision\":6}],\"defaultTo\":null,\"notNullable\":false,\"unsigned\":false},{\"name\":\"published_at\",\"type\":\"datetime\",\"args\":[{\"useTz\":false,\"precision\":6}],\"defaultTo\":null,\"notNullable\":false,\"unsigned\":false},{\"name\":\"created_by_id\",\"type\":\"integer\",\"args\":[],\"defaultTo\":null,\"notNullable\":false,\"unsigned\":true},{\"name\":\"updated_by_id\",\"type\":\"integer\",\"args\":[],\"defaultTo\":null,\"notNullable\":false,\"unsigned\":true},{\"name\":\"locale\",\"type\":\"string\",\"args\":[],\"defaultTo\":null,\"notNullable\":false,\"unsigned\":false}]},{\"name\":\"faq_items\",\"indexes\":[{\"name\":\"faq_items_created_by_id_fk\",\"columns\":[\"created_by_id\"]},{\"name\":\"faq_items_updated_by_id_fk\",\"columns\":[\"updated_by_id\"]}],\"foreignKeys\":[{\"name\":\"faq_items_created_by_id_fk\",\"columns\":[\"created_by_id\"],\"referencedTable\":\"admin_users\",\"referencedColumns\":[\"id\"],\"onDelete\":\"SET NULL\"},{\"name\":\"faq_items_updated_by_id_fk\",\"columns\":[\"updated_by_id\"],\"referencedTable\":\"admin_users\",\"referencedColumns\":[\"id\"],\"onDelete\":\"SET NULL\"}],\"columns\":[{\"name\":\"id\",\"type\":\"increments\",\"args\":[{\"primary\":true,\"primaryKey\":true}],\"defaultTo\":null,\"notNullable\":true,\"unsigned\":false},{\"name\":\"question\",\"type\":\"string\",\"args\":[],\"defaultTo\":null,\"notNullable\":false,\"unsigned\":false},{\"name\":\"slug\",\"type\":\"string\",\"args\":[],\"defaultTo\":null,\"notNullable\":false,\"unsigned\":false},{\"name\":\"answer\",\"type\":\"text\",\"args\":[\"longtext\"],\"defaultTo\":null,\"notNullable\":false,\"unsigned\":false},{\"name\":\"sort_order\",\"type\":\"integer\",\"args\":[],\"defaultTo\":null,\"notNullable\":false,\"unsigned\":false},{\"name\":\"featured\",\"type\":\"boolean\",\"args\":[],\"defaultTo\":null,\"notNullable\":false,\"unsigned\":false},{\"name\":\"created_at\",\"type\":\"datetime\",\"args\":[{\"useTz\":false,\"precision\":6}],\"defaultTo\":null,\"notNullable\":false,\"unsigned\":false},{\"name\":\"updated_at\",\"type\":\"datetime\",\"args\":[{\"useTz\":false,\"precision\":6}],\"defaultTo\":null,\"notNullable\":false,\"unsigned\":false},{\"name\":\"published_at\",\"type\":\"datetime\",\"args\":[{\"useTz\":false,\"precision\":6}],\"defaultTo\":null,\"notNullable\":false,\"unsigned\":false},{\"name\":\"created_by_id\",\"type\":\"integer\",\"args\":[],\"defaultTo\":null,\"notNullable\":false,\"unsigned\":true},{\"name\":\"updated_by_id\",\"type\":\"integer\",\"args\":[],\"defaultTo\":null,\"notNullable\":false,\"unsigned\":true},{\"name\":\"locale\",\"type\":\"string\",\"args\":[],\"defaultTo\":null,\"notNullable\":false,\"unsigned\":false}]},{\"name\":\"footer_navigations\",\"indexes\":[{\"name\":\"footer_navigations_created_by_id_fk\",\"columns\":[\"created_by_id\"]},{\"name\":\"footer_navigations_updated_by_id_fk\",\"columns\":[\"updated_by_id\"]}],\"foreignKeys\":[{\"name\":\"footer_navigations_created_by_id_fk\",\"columns\":[\"created_by_id\"],\"referencedTable\":\"admin_users\",\"referencedColumns\":[\"id\"],\"onDelete\":\"SET NULL\"},{\"name\":\"footer_navigations_updated_by_id_fk\",\"columns\":[\"updated_by_id\"],\"referencedTable\":\"admin_users\",\"referencedColumns\":[\"id\"],\"onDelete\":\"SET NULL\"}],\"columns\":[{\"name\":\"id\",\"type\":\"increments\",\"args\":[{\"primary\":true,\"primaryKey\":true}],\"defaultTo\":null,\"notNullable\":true,\"unsigned\":false},{\"name\":\"copyright_text\",\"type\":\"string\",\"args\":[],\"defaultTo\":null,\"notNullable\":false,\"unsigned\":false},{\"name\":\"created_at\",\"type\":\"datetime\",\"args\":[{\"useTz\":false,\"precision\":6}],\"defaultTo\":null,\"notNullable\":false,\"unsigned\":false},{\"name\":\"updated_at\",\"type\":\"datetime\",\"args\":[{\"useTz\":false,\"precision\":6}],\"defaultTo\":null,\"notNullable\":false,\"unsigned\":false},{\"name\":\"published_at\",\"type\":\"datetime\",\"args\":[{\"useTz\":false,\"precision\":6}],\"defaultTo\":null,\"notNullable\":false,\"unsigned\":false},{\"name\":\"created_by_id\",\"type\":\"integer\",\"args\":[],\"defaultTo\":null,\"notNullable\":false,\"unsigned\":true},{\"name\":\"updated_by_id\",\"type\":\"integer\",\"args\":[],\"defaultTo\":null,\"notNullable\":false,\"unsigned\":true},{\"name\":\"locale\",\"type\":\"string\",\"args\":[],\"defaultTo\":null,\"notNullable\":false,\"unsigned\":false}]},{\"name\":\"global_settings\",\"indexes\":[{\"name\":\"global_settings_created_by_id_fk\",\"columns\":[\"created_by_id\"]},{\"name\":\"global_settings_updated_by_id_fk\",\"columns\":[\"updated_by_id\"]}],\"foreignKeys\":[{\"name\":\"global_settings_created_by_id_fk\",\"columns\":[\"created_by_id\"],\"referencedTable\":\"admin_users\",\"referencedColumns\":[\"id\"],\"onDelete\":\"SET NULL\"},{\"name\":\"global_settings_updated_by_id_fk\",\"columns\":[\"updated_by_id\"],\"referencedTable\":\"admin_users\",\"referencedColumns\":[\"id\"],\"onDelete\":\"SET NULL\"}],\"columns\":[{\"name\":\"id\",\"type\":\"increments\",\"args\":[{\"primary\":true,\"primaryKey\":true}],\"defaultTo\":null,\"notNullable\":true,\"unsigned\":false},{\"name\":\"site_name\",\"type\":\"string\",\"args\":[],\"defaultTo\":null,\"notNullable\":false,\"unsigned\":false},{\"name\":\"site_tagline\",\"type\":\"string\",\"args\":[],\"defaultTo\":null,\"notNullable\":false,\"unsigned\":false},{\"name\":\"site_description\",\"type\":\"text\",\"args\":[\"longtext\"],\"defaultTo\":null,\"notNullable\":false,\"unsigned\":false},{\"name\":\"organization_name\",\"type\":\"string\",\"args\":[],\"defaultTo\":null,\"notNullable\":false,\"unsigned\":false},{\"name\":\"support_hotline\",\"type\":\"string\",\"args\":[],\"defaultTo\":null,\"notNullable\":false,\"unsigned\":false},{\"name\":\"support_email\",\"type\":\"string\",\"args\":[],\"defaultTo\":null,\"notNullable\":false,\"unsigned\":false},{\"name\":\"address\",\"type\":\"text\",\"args\":[\"longtext\"],\"defaultTo\":null,\"notNullable\":false,\"unsigned\":false},{\"name\":\"created_at\",\"type\":\"datetime\",\"args\":[{\"useTz\":false,\"precision\":6}],\"defaultTo\":null,\"notNullable\":false,\"unsigned\":false},{\"name\":\"updated_at\",\"type\":\"datetime\",\"args\":[{\"useTz\":false,\"precision\":6}],\"defaultTo\":null,\"notNullable\":false,\"unsigned\":false},{\"name\":\"published_at\",\"type\":\"datetime\",\"args\":[{\"useTz\":false,\"precision\":6}],\"defaultTo\":null,\"notNullable\":false,\"unsigned\":false},{\"name\":\"created_by_id\",\"type\":\"integer\",\"args\":[],\"defaultTo\":null,\"notNullable\":false,\"unsigned\":true},{\"name\":\"updated_by_id\",\"type\":\"integer\",\"args\":[],\"defaultTo\":null,\"notNullable\":false,\"unsigned\":true},{\"name\":\"locale\",\"type\":\"string\",\"args\":[],\"defaultTo\":null,\"notNullable\":false,\"unsigned\":false}]},{\"name\":\"header_navigations\",\"indexes\":[{\"name\":\"header_navigations_created_by_id_fk\",\"columns\":[\"created_by_id\"]},{\"name\":\"header_navigations_updated_by_id_fk\",\"columns\":[\"updated_by_id\"]}],\"foreignKeys\":[{\"name\":\"header_navigations_created_by_id_fk\",\"columns\":[\"created_by_id\"],\"referencedTable\":\"admin_users\",\"referencedColumns\":[\"id\"],\"onDelete\":\"SET NULL\"},{\"name\":\"header_navigations_updated_by_id_fk\",\"columns\":[\"updated_by_id\"],\"referencedTable\":\"admin_users\",\"referencedColumns\":[\"id\"],\"onDelete\":\"SET NULL\"}],\"columns\":[{\"name\":\"id\",\"type\":\"increments\",\"args\":[{\"primary\":true,\"primaryKey\":true}],\"defaultTo\":null,\"notNullable\":true,\"unsigned\":false},{\"name\":\"created_at\",\"type\":\"datetime\",\"args\":[{\"useTz\":false,\"precision\":6}],\"defaultTo\":null,\"notNullable\":false,\"unsigned\":false},{\"name\":\"updated_at\",\"type\":\"datetime\",\"args\":[{\"useTz\":false,\"precision\":6}],\"defaultTo\":null,\"notNullable\":false,\"unsigned\":false},{\"name\":\"published_at\",\"type\":\"datetime\",\"args\":[{\"useTz\":false,\"precision\":6}],\"defaultTo\":null,\"notNullable\":false,\"unsigned\":false},{\"name\":\"created_by_id\",\"type\":\"integer\",\"args\":[],\"defaultTo\":null,\"notNullable\":false,\"unsigned\":true},{\"name\":\"updated_by_id\",\"type\":\"integer\",\"args\":[],\"defaultTo\":null,\"notNullable\":false,\"unsigned\":true},{\"name\":\"locale\",\"type\":\"string\",\"args\":[],\"defaultTo\":null,\"notNullable\":false,\"unsigned\":false}]},{\"name\":\"homepages\",\"indexes\":[{\"name\":\"homepages_created_by_id_fk\",\"columns\":[\"created_by_id\"]},{\"name\":\"homepages_updated_by_id_fk\",\"columns\":[\"updated_by_id\"]}],\"foreignKeys\":[{\"name\":\"homepages_created_by_id_fk\",\"columns\":[\"created_by_id\"],\"referencedTable\":\"admin_users\",\"referencedColumns\":[\"id\"],\"onDelete\":\"SET NULL\"},{\"name\":\"homepages_updated_by_id_fk\",\"columns\":[\"updated_by_id\"],\"referencedTable\":\"admin_users\",\"referencedColumns\":[\"id\"],\"onDelete\":\"SET NULL\"}],\"columns\":[{\"name\":\"id\",\"type\":\"increments\",\"args\":[{\"primary\":true,\"primaryKey\":true}],\"defaultTo\":null,\"notNullable\":true,\"unsigned\":false},{\"name\":\"title\",\"type\":\"string\",\"args\":[],\"defaultTo\":null,\"notNullable\":false,\"unsigned\":false},{\"name\":\"summary\",\"type\":\"text\",\"args\":[\"longtext\"],\"defaultTo\":null,\"notNullable\":false,\"unsigned\":false},{\"name\":\"created_at\",\"type\":\"datetime\",\"args\":[{\"useTz\":false,\"precision\":6}],\"defaultTo\":null,\"notNullable\":false,\"unsigned\":false},{\"name\":\"updated_at\",\"type\":\"datetime\",\"args\":[{\"useTz\":false,\"precision\":6}],\"defaultTo\":null,\"notNullable\":false,\"unsigned\":false},{\"name\":\"published_at\",\"type\":\"datetime\",\"args\":[{\"useTz\":false,\"precision\":6}],\"defaultTo\":null,\"notNullable\":false,\"unsigned\":false},{\"name\":\"created_by_id\",\"type\":\"integer\",\"args\":[],\"defaultTo\":null,\"notNullable\":false,\"unsigned\":true},{\"name\":\"updated_by_id\",\"type\":\"integer\",\"args\":[],\"defaultTo\":null,\"notNullable\":false,\"unsigned\":true},{\"name\":\"locale\",\"type\":\"string\",\"args\":[],\"defaultTo\":null,\"notNullable\":false,\"unsigned\":false}]},{\"name\":\"news_articles\",\"indexes\":[{\"name\":\"news_articles_created_by_id_fk\",\"columns\":[\"created_by_id\"]},{\"name\":\"news_articles_updated_by_id_fk\",\"columns\":[\"updated_by_id\"]}],\"foreignKeys\":[{\"name\":\"news_articles_created_by_id_fk\",\"columns\":[\"created_by_id\"],\"referencedTable\":\"admin_users\",\"referencedColumns\":[\"id\"],\"onDelete\":\"SET NULL\"},{\"name\":\"news_articles_updated_by_id_fk\",\"columns\":[\"updated_by_id\"],\"referencedTable\":\"admin_users\",\"referencedColumns\":[\"id\"],\"onDelete\":\"SET NULL\"}],\"columns\":[{\"name\":\"id\",\"type\":\"increments\",\"args\":[{\"primary\":true,\"primaryKey\":true}],\"defaultTo\":null,\"notNullable\":true,\"unsigned\":false},{\"name\":\"title\",\"type\":\"string\",\"args\":[],\"defaultTo\":null,\"notNullable\":false,\"unsigned\":false},{\"name\":\"slug\",\"type\":\"string\",\"args\":[],\"defaultTo\":null,\"notNullable\":false,\"unsigned\":false},{\"name\":\"summary\",\"type\":\"text\",\"args\":[\"longtext\"],\"defaultTo\":null,\"notNullable\":false,\"unsigned\":false},{\"name\":\"content\",\"type\":\"text\",\"args\":[\"longtext\"],\"defaultTo\":null,\"notNullable\":false,\"unsigned\":false},{\"name\":\"publish_date\",\"type\":\"datetime\",\"args\":[{\"useTz\":false,\"precision\":6}],\"defaultTo\":null,\"notNullable\":false,\"unsigned\":false},{\"name\":\"featured\",\"type\":\"boolean\",\"args\":[],\"defaultTo\":null,\"notNullable\":false,\"unsigned\":false},{\"name\":\"status\",\"type\":\"string\",\"args\":[],\"defaultTo\":null,\"notNullable\":false,\"unsigned\":false},{\"name\":\"created_at\",\"type\":\"datetime\",\"args\":[{\"useTz\":false,\"precision\":6}],\"defaultTo\":null,\"notNullable\":false,\"unsigned\":false},{\"name\":\"updated_at\",\"type\":\"datetime\",\"args\":[{\"useTz\":false,\"precision\":6}],\"defaultTo\":null,\"notNullable\":false,\"unsigned\":false},{\"name\":\"published_at\",\"type\":\"datetime\",\"args\":[{\"useTz\":false,\"precision\":6}],\"defaultTo\":null,\"notNullable\":false,\"unsigned\":false},{\"name\":\"created_by_id\",\"type\":\"integer\",\"args\":[],\"defaultTo\":null,\"notNullable\":false,\"unsigned\":true},{\"name\":\"updated_by_id\",\"type\":\"integer\",\"args\":[],\"defaultTo\":null,\"notNullable\":false,\"unsigned\":true},{\"name\":\"locale\",\"type\":\"string\",\"args\":[],\"defaultTo\":null,\"notNullable\":false,\"unsigned\":false}]},{\"name\":\"news_categories\",\"indexes\":[{\"name\":\"news_categories_created_by_id_fk\",\"columns\":[\"created_by_id\"]},{\"name\":\"news_categories_updated_by_id_fk\",\"columns\":[\"updated_by_id\"]}],\"foreignKeys\":[{\"name\":\"news_categories_created_by_id_fk\",\"columns\":[\"created_by_id\"],\"referencedTable\":\"admin_users\",\"referencedColumns\":[\"id\"],\"onDelete\":\"SET NULL\"},{\"name\":\"news_categories_updated_by_id_fk\",\"columns\":[\"updated_by_id\"],\"referencedTable\":\"admin_users\",\"referencedColumns\":[\"id\"],\"onDelete\":\"SET NULL\"}],\"columns\":[{\"name\":\"id\",\"type\":\"increments\",\"args\":[{\"primary\":true,\"primaryKey\":true}],\"defaultTo\":null,\"notNullable\":true,\"unsigned\":false},{\"name\":\"title\",\"type\":\"string\",\"args\":[],\"defaultTo\":null,\"notNullable\":false,\"unsigned\":false},{\"name\":\"slug\",\"type\":\"string\",\"args\":[],\"defaultTo\":null,\"notNullable\":false,\"unsigned\":false},{\"name\":\"summary\",\"type\":\"text\",\"args\":[\"longtext\"],\"defaultTo\":null,\"notNullable\":false,\"unsigned\":false},{\"name\":\"sort_order\",\"type\":\"integer\",\"args\":[],\"defaultTo\":null,\"notNullable\":false,\"unsigned\":false},{\"name\":\"created_at\",\"type\":\"datetime\",\"args\":[{\"useTz\":false,\"precision\":6}],\"defaultTo\":null,\"notNullable\":false,\"unsigned\":false},{\"name\":\"updated_at\",\"type\":\"datetime\",\"args\":[{\"useTz\":false,\"precision\":6}],\"defaultTo\":null,\"notNullable\":false,\"unsigned\":false},{\"name\":\"published_at\",\"type\":\"datetime\",\"args\":[{\"useTz\":false,\"precision\":6}],\"defaultTo\":null,\"notNullable\":false,\"unsigned\":false},{\"name\":\"created_by_id\",\"type\":\"integer\",\"args\":[],\"defaultTo\":null,\"notNullable\":false,\"unsigned\":true},{\"name\":\"updated_by_id\",\"type\":\"integer\",\"args\":[],\"defaultTo\":null,\"notNullable\":false,\"unsigned\":true},{\"name\":\"locale\",\"type\":\"string\",\"args\":[],\"defaultTo\":null,\"notNullable\":false,\"unsigned\":false}]},{\"name\":\"office_locations\",\"indexes\":[{\"name\":\"office_locations_created_by_id_fk\",\"columns\":[\"created_by_id\"]},{\"name\":\"office_locations_updated_by_id_fk\",\"columns\":[\"updated_by_id\"]}],\"foreignKeys\":[{\"name\":\"office_locations_created_by_id_fk\",\"columns\":[\"created_by_id\"],\"referencedTable\":\"admin_users\",\"referencedColumns\":[\"id\"],\"onDelete\":\"SET NULL\"},{\"name\":\"office_locations_updated_by_id_fk\",\"columns\":[\"updated_by_id\"],\"referencedTable\":\"admin_users\",\"referencedColumns\":[\"id\"],\"onDelete\":\"SET NULL\"}],\"columns\":[{\"name\":\"id\",\"type\":\"increments\",\"args\":[{\"primary\":true,\"primaryKey\":true}],\"defaultTo\":null,\"notNullable\":true,\"unsigned\":false},{\"name\":\"name\",\"type\":\"string\",\"args\":[],\"defaultTo\":null,\"notNullable\":false,\"unsigned\":false},{\"name\":\"slug\",\"type\":\"string\",\"args\":[],\"defaultTo\":null,\"notNullable\":false,\"unsigned\":false},{\"name\":\"address\",\"type\":\"text\",\"args\":[\"longtext\"],\"defaultTo\":null,\"notNullable\":false,\"unsigned\":false},{\"name\":\"city\",\"type\":\"string\",\"args\":[],\"defaultTo\":null,\"notNullable\":false,\"unsigned\":false},{\"name\":\"phone\",\"type\":\"string\",\"args\":[],\"defaultTo\":null,\"notNullable\":false,\"unsigned\":false},{\"name\":\"email\",\"type\":\"string\",\"args\":[],\"defaultTo\":null,\"notNullable\":false,\"unsigned\":false},{\"name\":\"working_hours\",\"type\":\"string\",\"args\":[],\"defaultTo\":null,\"notNullable\":false,\"unsigned\":false},{\"name\":\"map_url\",\"type\":\"string\",\"args\":[],\"defaultTo\":null,\"notNullable\":false,\"unsigned\":false},{\"name\":\"sort_order\",\"type\":\"integer\",\"args\":[],\"defaultTo\":null,\"notNullable\":false,\"unsigned\":false},{\"name\":\"featured\",\"type\":\"boolean\",\"args\":[],\"defaultTo\":null,\"notNullable\":false,\"unsigned\":false},{\"name\":\"created_at\",\"type\":\"datetime\",\"args\":[{\"useTz\":false,\"precision\":6}],\"defaultTo\":null,\"notNullable\":false,\"unsigned\":false},{\"name\":\"updated_at\",\"type\":\"datetime\",\"args\":[{\"useTz\":false,\"precision\":6}],\"defaultTo\":null,\"notNullable\":false,\"unsigned\":false},{\"name\":\"published_at\",\"type\":\"datetime\",\"args\":[{\"useTz\":false,\"precision\":6}],\"defaultTo\":null,\"notNullable\":false,\"unsigned\":false},{\"name\":\"created_by_id\",\"type\":\"integer\",\"args\":[],\"defaultTo\":null,\"notNullable\":false,\"unsigned\":true},{\"name\":\"updated_by_id\",\"type\":\"integer\",\"args\":[],\"defaultTo\":null,\"notNullable\":false,\"unsigned\":true},{\"name\":\"locale\",\"type\":\"string\",\"args\":[],\"defaultTo\":null,\"notNullable\":false,\"unsigned\":false}]},{\"name\":\"office_types\",\"indexes\":[{\"name\":\"office_types_created_by_id_fk\",\"columns\":[\"created_by_id\"]},{\"name\":\"office_types_updated_by_id_fk\",\"columns\":[\"updated_by_id\"]}],\"foreignKeys\":[{\"name\":\"office_types_created_by_id_fk\",\"columns\":[\"created_by_id\"],\"referencedTable\":\"admin_users\",\"referencedColumns\":[\"id\"],\"onDelete\":\"SET NULL\"},{\"name\":\"office_types_updated_by_id_fk\",\"columns\":[\"updated_by_id\"],\"referencedTable\":\"admin_users\",\"referencedColumns\":[\"id\"],\"onDelete\":\"SET NULL\"}],\"columns\":[{\"name\":\"id\",\"type\":\"increments\",\"args\":[{\"primary\":true,\"primaryKey\":true}],\"defaultTo\":null,\"notNullable\":true,\"unsigned\":false},{\"name\":\"title\",\"type\":\"string\",\"args\":[],\"defaultTo\":null,\"notNullable\":false,\"unsigned\":false},{\"name\":\"slug\",\"type\":\"string\",\"args\":[],\"defaultTo\":null,\"notNullable\":false,\"unsigned\":false},{\"name\":\"summary\",\"type\":\"text\",\"args\":[\"longtext\"],\"defaultTo\":null,\"notNullable\":false,\"unsigned\":false},{\"name\":\"sort_order\",\"type\":\"integer\",\"args\":[],\"defaultTo\":null,\"notNullable\":false,\"unsigned\":false},{\"name\":\"created_at\",\"type\":\"datetime\",\"args\":[{\"useTz\":false,\"precision\":6}],\"defaultTo\":null,\"notNullable\":false,\"unsigned\":false},{\"name\":\"updated_at\",\"type\":\"datetime\",\"args\":[{\"useTz\":false,\"precision\":6}],\"defaultTo\":null,\"notNullable\":false,\"unsigned\":false},{\"name\":\"published_at\",\"type\":\"datetime\",\"args\":[{\"useTz\":false,\"precision\":6}],\"defaultTo\":null,\"notNullable\":false,\"unsigned\":false},{\"name\":\"created_by_id\",\"type\":\"integer\",\"args\":[],\"defaultTo\":null,\"notNullable\":false,\"unsigned\":true},{\"name\":\"updated_by_id\",\"type\":\"integer\",\"args\":[],\"defaultTo\":null,\"notNullable\":false,\"unsigned\":true},{\"name\":\"locale\",\"type\":\"string\",\"args\":[],\"defaultTo\":null,\"notNullable\":false,\"unsigned\":false}]},{\"name\":\"pages\",\"indexes\":[{\"name\":\"pages_created_by_id_fk\",\"columns\":[\"created_by_id\"]},{\"name\":\"pages_updated_by_id_fk\",\"columns\":[\"updated_by_id\"]}],\"foreignKeys\":[{\"name\":\"pages_created_by_id_fk\",\"columns\":[\"created_by_id\"],\"referencedTable\":\"admin_users\",\"referencedColumns\":[\"id\"],\"onDelete\":\"SET NULL\"},{\"name\":\"pages_updated_by_id_fk\",\"columns\":[\"updated_by_id\"],\"referencedTable\":\"admin_users\",\"referencedColumns\":[\"id\"],\"onDelete\":\"SET NULL\"}],\"columns\":[{\"name\":\"id\",\"type\":\"increments\",\"args\":[{\"primary\":true,\"primaryKey\":true}],\"defaultTo\":null,\"notNullable\":true,\"unsigned\":false},{\"name\":\"title\",\"type\":\"string\",\"args\":[],\"defaultTo\":null,\"notNullable\":false,\"unsigned\":false},{\"name\":\"slug\",\"type\":\"string\",\"args\":[],\"defaultTo\":null,\"notNullable\":false,\"unsigned\":false},{\"name\":\"summary\",\"type\":\"text\",\"args\":[\"longtext\"],\"defaultTo\":null,\"notNullable\":false,\"unsigned\":false},{\"name\":\"featured\",\"type\":\"boolean\",\"args\":[],\"defaultTo\":null,\"notNullable\":false,\"unsigned\":false},{\"name\":\"sort_order\",\"type\":\"integer\",\"args\":[],\"defaultTo\":null,\"notNullable\":false,\"unsigned\":false},{\"name\":\"created_at\",\"type\":\"datetime\",\"args\":[{\"useTz\":false,\"precision\":6}],\"defaultTo\":null,\"notNullable\":false,\"unsigned\":false},{\"name\":\"updated_at\",\"type\":\"datetime\",\"args\":[{\"useTz\":false,\"precision\":6}],\"defaultTo\":null,\"notNullable\":false,\"unsigned\":false},{\"name\":\"published_at\",\"type\":\"datetime\",\"args\":[{\"useTz\":false,\"precision\":6}],\"defaultTo\":null,\"notNullable\":false,\"unsigned\":false},{\"name\":\"created_by_id\",\"type\":\"integer\",\"args\":[],\"defaultTo\":null,\"notNullable\":false,\"unsigned\":true},{\"name\":\"updated_by_id\",\"type\":\"integer\",\"args\":[],\"defaultTo\":null,\"notNullable\":false,\"unsigned\":true},{\"name\":\"locale\",\"type\":\"string\",\"args\":[],\"defaultTo\":null,\"notNullable\":false,\"unsigned\":false}]},{\"name\":\"page_types\",\"indexes\":[{\"name\":\"page_types_created_by_id_fk\",\"columns\":[\"created_by_id\"]},{\"name\":\"page_types_updated_by_id_fk\",\"columns\":[\"updated_by_id\"]}],\"foreignKeys\":[{\"name\":\"page_types_created_by_id_fk\",\"columns\":[\"created_by_id\"],\"referencedTable\":\"admin_users\",\"referencedColumns\":[\"id\"],\"onDelete\":\"SET NULL\"},{\"name\":\"page_types_updated_by_id_fk\",\"columns\":[\"updated_by_id\"],\"referencedTable\":\"admin_users\",\"referencedColumns\":[\"id\"],\"onDelete\":\"SET NULL\"}],\"columns\":[{\"name\":\"id\",\"type\":\"increments\",\"args\":[{\"primary\":true,\"primaryKey\":true}],\"defaultTo\":null,\"notNullable\":true,\"unsigned\":false},{\"name\":\"title\",\"type\":\"string\",\"args\":[],\"defaultTo\":null,\"notNullable\":false,\"unsigned\":false},{\"name\":\"slug\",\"type\":\"string\",\"args\":[],\"defaultTo\":null,\"notNullable\":false,\"unsigned\":false},{\"name\":\"summary\",\"type\":\"text\",\"args\":[\"longtext\"],\"defaultTo\":null,\"notNullable\":false,\"unsigned\":false},{\"name\":\"sort_order\",\"type\":\"integer\",\"args\":[],\"defaultTo\":null,\"notNullable\":false,\"unsigned\":false},{\"name\":\"created_at\",\"type\":\"datetime\",\"args\":[{\"useTz\":false,\"precision\":6}],\"defaultTo\":null,\"notNullable\":false,\"unsigned\":false},{\"name\":\"updated_at\",\"type\":\"datetime\",\"args\":[{\"useTz\":false,\"precision\":6}],\"defaultTo\":null,\"notNullable\":false,\"unsigned\":false},{\"name\":\"published_at\",\"type\":\"datetime\",\"args\":[{\"useTz\":false,\"precision\":6}],\"defaultTo\":null,\"notNullable\":false,\"unsigned\":false},{\"name\":\"created_by_id\",\"type\":\"integer\",\"args\":[],\"defaultTo\":null,\"notNullable\":false,\"unsigned\":true},{\"name\":\"updated_by_id\",\"type\":\"integer\",\"args\":[],\"defaultTo\":null,\"notNullable\":false,\"unsigned\":true},{\"name\":\"locale\",\"type\":\"string\",\"args\":[],\"defaultTo\":null,\"notNullable\":false,\"unsigned\":false}]},{\"name\":\"related_content_types\",\"indexes\":[{\"name\":\"related_content_types_created_by_id_fk\",\"columns\":[\"created_by_id\"]},{\"name\":\"related_content_types_updated_by_id_fk\",\"columns\":[\"updated_by_id\"]}],\"foreignKeys\":[{\"name\":\"related_content_types_created_by_id_fk\",\"columns\":[\"created_by_id\"],\"referencedTable\":\"admin_users\",\"referencedColumns\":[\"id\"],\"onDelete\":\"SET NULL\"},{\"name\":\"related_content_types_updated_by_id_fk\",\"columns\":[\"updated_by_id\"],\"referencedTable\":\"admin_users\",\"referencedColumns\":[\"id\"],\"onDelete\":\"SET NULL\"}],\"columns\":[{\"name\":\"id\",\"type\":\"increments\",\"args\":[{\"primary\":true,\"primaryKey\":true}],\"defaultTo\":null,\"notNullable\":true,\"unsigned\":false},{\"name\":\"title\",\"type\":\"string\",\"args\":[],\"defaultTo\":null,\"notNullable\":false,\"unsigned\":false},{\"name\":\"slug\",\"type\":\"string\",\"args\":[],\"defaultTo\":null,\"notNullable\":false,\"unsigned\":false},{\"name\":\"summary\",\"type\":\"text\",\"args\":[\"longtext\"],\"defaultTo\":null,\"notNullable\":false,\"unsigned\":false},{\"name\":\"sort_order\",\"type\":\"integer\",\"args\":[],\"defaultTo\":null,\"notNullable\":false,\"unsigned\":false},{\"name\":\"created_at\",\"type\":\"datetime\",\"args\":[{\"useTz\":false,\"precision\":6}],\"defaultTo\":null,\"notNullable\":false,\"unsigned\":false},{\"name\":\"updated_at\",\"type\":\"datetime\",\"args\":[{\"useTz\":false,\"precision\":6}],\"defaultTo\":null,\"notNullable\":false,\"unsigned\":false},{\"name\":\"published_at\",\"type\":\"datetime\",\"args\":[{\"useTz\":false,\"precision\":6}],\"defaultTo\":null,\"notNullable\":false,\"unsigned\":false},{\"name\":\"created_by_id\",\"type\":\"integer\",\"args\":[],\"defaultTo\":null,\"notNullable\":false,\"unsigned\":true},{\"name\":\"updated_by_id\",\"type\":\"integer\",\"args\":[],\"defaultTo\":null,\"notNullable\":false,\"unsigned\":true},{\"name\":\"locale\",\"type\":\"string\",\"args\":[],\"defaultTo\":null,\"notNullable\":false,\"unsigned\":false}]},{\"name\":\"research_categories\",\"indexes\":[{\"name\":\"research_categories_created_by_id_fk\",\"columns\":[\"created_by_id\"]},{\"name\":\"research_categories_updated_by_id_fk\",\"columns\":[\"updated_by_id\"]}],\"foreignKeys\":[{\"name\":\"research_categories_created_by_id_fk\",\"columns\":[\"created_by_id\"],\"referencedTable\":\"admin_users\",\"referencedColumns\":[\"id\"],\"onDelete\":\"SET NULL\"},{\"name\":\"research_categories_updated_by_id_fk\",\"columns\":[\"updated_by_id\"],\"referencedTable\":\"admin_users\",\"referencedColumns\":[\"id\"],\"onDelete\":\"SET NULL\"}],\"columns\":[{\"name\":\"id\",\"type\":\"increments\",\"args\":[{\"primary\":true,\"primaryKey\":true}],\"defaultTo\":null,\"notNullable\":true,\"unsigned\":false},{\"name\":\"title\",\"type\":\"string\",\"args\":[],\"defaultTo\":null,\"notNullable\":false,\"unsigned\":false},{\"name\":\"slug\",\"type\":\"string\",\"args\":[],\"defaultTo\":null,\"notNullable\":false,\"unsigned\":false},{\"name\":\"summary\",\"type\":\"text\",\"args\":[\"longtext\"],\"defaultTo\":null,\"notNullable\":false,\"unsigned\":false},{\"name\":\"created_at\",\"type\":\"datetime\",\"args\":[{\"useTz\":false,\"precision\":6}],\"defaultTo\":null,\"notNullable\":false,\"unsigned\":false},{\"name\":\"updated_at\",\"type\":\"datetime\",\"args\":[{\"useTz\":false,\"precision\":6}],\"defaultTo\":null,\"notNullable\":false,\"unsigned\":false},{\"name\":\"published_at\",\"type\":\"datetime\",\"args\":[{\"useTz\":false,\"precision\":6}],\"defaultTo\":null,\"notNullable\":false,\"unsigned\":false},{\"name\":\"created_by_id\",\"type\":\"integer\",\"args\":[],\"defaultTo\":null,\"notNullable\":false,\"unsigned\":true},{\"name\":\"updated_by_id\",\"type\":\"integer\",\"args\":[],\"defaultTo\":null,\"notNullable\":false,\"unsigned\":true},{\"name\":\"locale\",\"type\":\"string\",\"args\":[],\"defaultTo\":null,\"notNullable\":false,\"unsigned\":false}]},{\"name\":\"research_reports\",\"indexes\":[{\"name\":\"research_reports_created_by_id_fk\",\"columns\":[\"created_by_id\"]},{\"name\":\"research_reports_updated_by_id_fk\",\"columns\":[\"updated_by_id\"]}],\"foreignKeys\":[{\"name\":\"research_reports_created_by_id_fk\",\"columns\":[\"created_by_id\"],\"referencedTable\":\"admin_users\",\"referencedColumns\":[\"id\"],\"onDelete\":\"SET NULL\"},{\"name\":\"research_reports_updated_by_id_fk\",\"columns\":[\"updated_by_id\"],\"referencedTable\":\"admin_users\",\"referencedColumns\":[\"id\"],\"onDelete\":\"SET NULL\"}],\"columns\":[{\"name\":\"id\",\"type\":\"increments\",\"args\":[{\"primary\":true,\"primaryKey\":true}],\"defaultTo\":null,\"notNullable\":true,\"unsigned\":false},{\"name\":\"title\",\"type\":\"string\",\"args\":[],\"defaultTo\":null,\"notNullable\":false,\"unsigned\":false},{\"name\":\"slug\",\"type\":\"string\",\"args\":[],\"defaultTo\":null,\"notNullable\":false,\"unsigned\":false},{\"name\":\"summary\",\"type\":\"text\",\"args\":[\"longtext\"],\"defaultTo\":null,\"notNullable\":false,\"unsigned\":false},{\"name\":\"content\",\"type\":\"text\",\"args\":[\"longtext\"],\"defaultTo\":null,\"notNullable\":false,\"unsigned\":false},{\"name\":\"publish_date\",\"type\":\"datetime\",\"args\":[{\"useTz\":false,\"precision\":6}],\"defaultTo\":null,\"notNullable\":false,\"unsigned\":false},{\"name\":\"featured\",\"type\":\"boolean\",\"args\":[],\"defaultTo\":null,\"notNullable\":false,\"unsigned\":false},{\"name\":\"created_at\",\"type\":\"datetime\",\"args\":[{\"useTz\":false,\"precision\":6}],\"defaultTo\":null,\"notNullable\":false,\"unsigned\":false},{\"name\":\"updated_at\",\"type\":\"datetime\",\"args\":[{\"useTz\":false,\"precision\":6}],\"defaultTo\":null,\"notNullable\":false,\"unsigned\":false},{\"name\":\"published_at\",\"type\":\"datetime\",\"args\":[{\"useTz\":false,\"precision\":6}],\"defaultTo\":null,\"notNullable\":false,\"unsigned\":false},{\"name\":\"created_by_id\",\"type\":\"integer\",\"args\":[],\"defaultTo\":null,\"notNullable\":false,\"unsigned\":true},{\"name\":\"updated_by_id\",\"type\":\"integer\",\"args\":[],\"defaultTo\":null,\"notNullable\":false,\"unsigned\":true},{\"name\":\"locale\",\"type\":\"string\",\"args\":[],\"defaultTo\":null,\"notNullable\":false,\"unsigned\":false}]},{\"name\":\"research_report_types\",\"indexes\":[{\"name\":\"research_report_types_created_by_id_fk\",\"columns\":[\"created_by_id\"]},{\"name\":\"research_report_types_updated_by_id_fk\",\"columns\":[\"updated_by_id\"]}],\"foreignKeys\":[{\"name\":\"research_report_types_created_by_id_fk\",\"columns\":[\"created_by_id\"],\"referencedTable\":\"admin_users\",\"referencedColumns\":[\"id\"],\"onDelete\":\"SET NULL\"},{\"name\":\"research_report_types_updated_by_id_fk\",\"columns\":[\"updated_by_id\"],\"referencedTable\":\"admin_users\",\"referencedColumns\":[\"id\"],\"onDelete\":\"SET NULL\"}],\"columns\":[{\"name\":\"id\",\"type\":\"increments\",\"args\":[{\"primary\":true,\"primaryKey\":true}],\"defaultTo\":null,\"notNullable\":true,\"unsigned\":false},{\"name\":\"title\",\"type\":\"string\",\"args\":[],\"defaultTo\":null,\"notNullable\":false,\"unsigned\":false},{\"name\":\"slug\",\"type\":\"string\",\"args\":[],\"defaultTo\":null,\"notNullable\":false,\"unsigned\":false},{\"name\":\"summary\",\"type\":\"text\",\"args\":[\"longtext\"],\"defaultTo\":null,\"notNullable\":false,\"unsigned\":false},{\"name\":\"sort_order\",\"type\":\"integer\",\"args\":[],\"defaultTo\":null,\"notNullable\":false,\"unsigned\":false},{\"name\":\"created_at\",\"type\":\"datetime\",\"args\":[{\"useTz\":false,\"precision\":6}],\"defaultTo\":null,\"notNullable\":false,\"unsigned\":false},{\"name\":\"updated_at\",\"type\":\"datetime\",\"args\":[{\"useTz\":false,\"precision\":6}],\"defaultTo\":null,\"notNullable\":false,\"unsigned\":false},{\"name\":\"published_at\",\"type\":\"datetime\",\"args\":[{\"useTz\":false,\"precision\":6}],\"defaultTo\":null,\"notNullable\":false,\"unsigned\":false},{\"name\":\"created_by_id\",\"type\":\"integer\",\"args\":[],\"defaultTo\":null,\"notNullable\":false,\"unsigned\":true},{\"name\":\"updated_by_id\",\"type\":\"integer\",\"args\":[],\"defaultTo\":null,\"notNullable\":false,\"unsigned\":true},{\"name\":\"locale\",\"type\":\"string\",\"args\":[],\"defaultTo\":null,\"notNullable\":false,\"unsigned\":false}]},{\"name\":\"seo_defaults\",\"indexes\":[{\"name\":\"seo_defaults_created_by_id_fk\",\"columns\":[\"created_by_id\"]},{\"name\":\"seo_defaults_updated_by_id_fk\",\"columns\":[\"updated_by_id\"]}],\"foreignKeys\":[{\"name\":\"seo_defaults_created_by_id_fk\",\"columns\":[\"created_by_id\"],\"referencedTable\":\"admin_users\",\"referencedColumns\":[\"id\"],\"onDelete\":\"SET NULL\"},{\"name\":\"seo_defaults_updated_by_id_fk\",\"columns\":[\"updated_by_id\"],\"referencedTable\":\"admin_users\",\"referencedColumns\":[\"id\"],\"onDelete\":\"SET NULL\"}],\"columns\":[{\"name\":\"id\",\"type\":\"increments\",\"args\":[{\"primary\":true,\"primaryKey\":true}],\"defaultTo\":null,\"notNullable\":true,\"unsigned\":false},{\"name\":\"site_url\",\"type\":\"string\",\"args\":[],\"defaultTo\":null,\"notNullable\":false,\"unsigned\":false},{\"name\":\"organization_schema\",\"type\":\"jsonb\",\"args\":[],\"defaultTo\":null,\"notNullable\":false,\"unsigned\":false},{\"name\":\"created_at\",\"type\":\"datetime\",\"args\":[{\"useTz\":false,\"precision\":6}],\"defaultTo\":null,\"notNullable\":false,\"unsigned\":false},{\"name\":\"updated_at\",\"type\":\"datetime\",\"args\":[{\"useTz\":false,\"precision\":6}],\"defaultTo\":null,\"notNullable\":false,\"unsigned\":false},{\"name\":\"published_at\",\"type\":\"datetime\",\"args\":[{\"useTz\":false,\"precision\":6}],\"defaultTo\":null,\"notNullable\":false,\"unsigned\":false},{\"name\":\"created_by_id\",\"type\":\"integer\",\"args\":[],\"defaultTo\":null,\"notNullable\":false,\"unsigned\":true},{\"name\":\"updated_by_id\",\"type\":\"integer\",\"args\":[],\"defaultTo\":null,\"notNullable\":false,\"unsigned\":true},{\"name\":\"locale\",\"type\":\"string\",\"args\":[],\"defaultTo\":null,\"notNullable\":false,\"unsigned\":false}]},{\"name\":\"services\",\"indexes\":[{\"name\":\"services_created_by_id_fk\",\"columns\":[\"created_by_id\"]},{\"name\":\"services_updated_by_id_fk\",\"columns\":[\"updated_by_id\"]}],\"foreignKeys\":[{\"name\":\"services_created_by_id_fk\",\"columns\":[\"created_by_id\"],\"referencedTable\":\"admin_users\",\"referencedColumns\":[\"id\"],\"onDelete\":\"SET NULL\"},{\"name\":\"services_updated_by_id_fk\",\"columns\":[\"updated_by_id\"],\"referencedTable\":\"admin_users\",\"referencedColumns\":[\"id\"],\"onDelete\":\"SET NULL\"}],\"columns\":[{\"name\":\"id\",\"type\":\"increments\",\"args\":[{\"primary\":true,\"primaryKey\":true}],\"defaultTo\":null,\"notNullable\":true,\"unsigned\":false},{\"name\":\"title\",\"type\":\"string\",\"args\":[],\"defaultTo\":null,\"notNullable\":false,\"unsigned\":false},{\"name\":\"slug\",\"type\":\"string\",\"args\":[],\"defaultTo\":null,\"notNullable\":false,\"unsigned\":false},{\"name\":\"summary\",\"type\":\"text\",\"args\":[\"longtext\"],\"defaultTo\":null,\"notNullable\":false,\"unsigned\":false},{\"name\":\"description\",\"type\":\"text\",\"args\":[\"longtext\"],\"defaultTo\":null,\"notNullable\":false,\"unsigned\":false},{\"name\":\"featured\",\"type\":\"boolean\",\"args\":[],\"defaultTo\":null,\"notNullable\":false,\"unsigned\":false},{\"name\":\"sort_order\",\"type\":\"integer\",\"args\":[],\"defaultTo\":null,\"notNullable\":false,\"unsigned\":false},{\"name\":\"publish_date\",\"type\":\"datetime\",\"args\":[{\"useTz\":false,\"precision\":6}],\"defaultTo\":null,\"notNullable\":false,\"unsigned\":false},{\"name\":\"status\",\"type\":\"string\",\"args\":[],\"defaultTo\":null,\"notNullable\":false,\"unsigned\":false},{\"name\":\"advisor_section_title\",\"type\":\"string\",\"args\":[],\"defaultTo\":null,\"notNullable\":false,\"unsigned\":false},{\"name\":\"advisor_section_description\",\"type\":\"text\",\"args\":[\"longtext\"],\"defaultTo\":null,\"notNullable\":false,\"unsigned\":false},{\"name\":\"created_at\",\"type\":\"datetime\",\"args\":[{\"useTz\":false,\"precision\":6}],\"defaultTo\":null,\"notNullable\":false,\"unsigned\":false},{\"name\":\"updated_at\",\"type\":\"datetime\",\"args\":[{\"useTz\":false,\"precision\":6}],\"defaultTo\":null,\"notNullable\":false,\"unsigned\":false},{\"name\":\"published_at\",\"type\":\"datetime\",\"args\":[{\"useTz\":false,\"precision\":6}],\"defaultTo\":null,\"notNullable\":false,\"unsigned\":false},{\"name\":\"created_by_id\",\"type\":\"integer\",\"args\":[],\"defaultTo\":null,\"notNullable\":false,\"unsigned\":true},{\"name\":\"updated_by_id\",\"type\":\"integer\",\"args\":[],\"defaultTo\":null,\"notNullable\":false,\"unsigned\":true},{\"name\":\"locale\",\"type\":\"string\",\"args\":[],\"defaultTo\":null,\"notNullable\":false,\"unsigned\":false}]},{\"name\":\"service_categories\",\"indexes\":[{\"name\":\"service_categories_created_by_id_fk\",\"columns\":[\"created_by_id\"]},{\"name\":\"service_categories_updated_by_id_fk\",\"columns\":[\"updated_by_id\"]}],\"foreignKeys\":[{\"name\":\"service_categories_created_by_id_fk\",\"columns\":[\"created_by_id\"],\"referencedTable\":\"admin_users\",\"referencedColumns\":[\"id\"],\"onDelete\":\"SET NULL\"},{\"name\":\"service_categories_updated_by_id_fk\",\"columns\":[\"updated_by_id\"],\"referencedTable\":\"admin_users\",\"referencedColumns\":[\"id\"],\"onDelete\":\"SET NULL\"}],\"columns\":[{\"name\":\"id\",\"type\":\"increments\",\"args\":[{\"primary\":true,\"primaryKey\":true}],\"defaultTo\":null,\"notNullable\":true,\"unsigned\":false},{\"name\":\"title\",\"type\":\"string\",\"args\":[],\"defaultTo\":null,\"notNullable\":false,\"unsigned\":false},{\"name\":\"slug\",\"type\":\"string\",\"args\":[],\"defaultTo\":null,\"notNullable\":false,\"unsigned\":false},{\"name\":\"summary\",\"type\":\"text\",\"args\":[\"longtext\"],\"defaultTo\":null,\"notNullable\":false,\"unsigned\":false},{\"name\":\"sort_order\",\"type\":\"integer\",\"args\":[],\"defaultTo\":null,\"notNullable\":false,\"unsigned\":false},{\"name\":\"created_at\",\"type\":\"datetime\",\"args\":[{\"useTz\":false,\"precision\":6}],\"defaultTo\":null,\"notNullable\":false,\"unsigned\":false},{\"name\":\"updated_at\",\"type\":\"datetime\",\"args\":[{\"useTz\":false,\"precision\":6}],\"defaultTo\":null,\"notNullable\":false,\"unsigned\":false},{\"name\":\"published_at\",\"type\":\"datetime\",\"args\":[{\"useTz\":false,\"precision\":6}],\"defaultTo\":null,\"notNullable\":false,\"unsigned\":false},{\"name\":\"created_by_id\",\"type\":\"integer\",\"args\":[],\"defaultTo\":null,\"notNullable\":false,\"unsigned\":true},{\"name\":\"updated_by_id\",\"type\":\"integer\",\"args\":[],\"defaultTo\":null,\"notNullable\":false,\"unsigned\":true},{\"name\":\"locale\",\"type\":\"string\",\"args\":[],\"defaultTo\":null,\"notNullable\":false,\"unsigned\":false}]},{\"name\":\"tags\",\"indexes\":[{\"name\":\"tags_created_by_id_fk\",\"columns\":[\"created_by_id\"]},{\"name\":\"tags_updated_by_id_fk\",\"columns\":[\"updated_by_id\"]}],\"foreignKeys\":[{\"name\":\"tags_created_by_id_fk\",\"columns\":[\"created_by_id\"],\"referencedTable\":\"admin_users\",\"referencedColumns\":[\"id\"],\"onDelete\":\"SET NULL\"},{\"name\":\"tags_updated_by_id_fk\",\"columns\":[\"updated_by_id\"],\"referencedTable\":\"admin_users\",\"referencedColumns\":[\"id\"],\"onDelete\":\"SET NULL\"}],\"columns\":[{\"name\":\"id\",\"type\":\"increments\",\"args\":[{\"primary\":true,\"primaryKey\":true}],\"defaultTo\":null,\"notNullable\":true,\"unsigned\":false},{\"name\":\"name\",\"type\":\"string\",\"args\":[],\"defaultTo\":null,\"notNullable\":false,\"unsigned\":false},{\"name\":\"slug\",\"type\":\"string\",\"args\":[],\"defaultTo\":null,\"notNullable\":false,\"unsigned\":false},{\"name\":\"description\",\"type\":\"text\",\"args\":[\"longtext\"],\"defaultTo\":null,\"notNullable\":false,\"unsigned\":false},{\"name\":\"created_at\",\"type\":\"datetime\",\"args\":[{\"useTz\":false,\"precision\":6}],\"defaultTo\":null,\"notNullable\":false,\"unsigned\":false},{\"name\":\"updated_at\",\"type\":\"datetime\",\"args\":[{\"useTz\":false,\"precision\":6}],\"defaultTo\":null,\"notNullable\":false,\"unsigned\":false},{\"name\":\"published_at\",\"type\":\"datetime\",\"args\":[{\"useTz\":false,\"precision\":6}],\"defaultTo\":null,\"notNullable\":false,\"unsigned\":false},{\"name\":\"created_by_id\",\"type\":\"integer\",\"args\":[],\"defaultTo\":null,\"notNullable\":false,\"unsigned\":true},{\"name\":\"updated_by_id\",\"type\":\"integer\",\"args\":[],\"defaultTo\":null,\"notNullable\":false,\"unsigned\":true},{\"name\":\"locale\",\"type\":\"string\",\"args\":[],\"defaultTo\":null,\"notNullable\":false,\"unsigned\":false}]},{\"name\":\"components_shared_trust_items\",\"indexes\":[],\"foreignKeys\":[],\"columns\":[{\"name\":\"id\",\"type\":\"increments\",\"args\":[{\"primary\":true,\"primaryKey\":true}],\"defaultTo\":null,\"notNullable\":true,\"unsigned\":false},{\"name\":\"title\",\"type\":\"string\",\"args\":[],\"defaultTo\":null,\"notNullable\":false,\"unsigned\":false},{\"name\":\"description\",\"type\":\"text\",\"args\":[\"longtext\"],\"defaultTo\":null,\"notNullable\":false,\"unsigned\":false}]},{\"name\":\"components_shared_timeline_items\",\"indexes\":[],\"foreignKeys\":[],\"columns\":[{\"name\":\"id\",\"type\":\"increments\",\"args\":[{\"primary\":true,\"primaryKey\":true}],\"defaultTo\":null,\"notNullable\":true,\"unsigned\":false},{\"name\":\"year\",\"type\":\"string\",\"args\":[],\"defaultTo\":null,\"notNullable\":false,\"unsigned\":false},{\"name\":\"title\",\"type\":\"string\",\"args\":[],\"defaultTo\":null,\"notNullable\":false,\"unsigned\":false},{\"name\":\"description\",\"type\":\"text\",\"args\":[\"longtext\"],\"defaultTo\":null,\"notNullable\":false,\"unsigned\":false}]},{\"name\":\"components_shared_table_rows\",\"indexes\":[],\"foreignKeys\":[],\"columns\":[{\"name\":\"id\",\"type\":\"increments\",\"args\":[{\"primary\":true,\"primaryKey\":true}],\"defaultTo\":null,\"notNullable\":true,\"unsigned\":false},{\"name\":\"col_1\",\"type\":\"string\",\"args\":[],\"defaultTo\":null,\"notNullable\":false,\"unsigned\":false},{\"name\":\"col_2\",\"type\":\"string\",\"args\":[],\"defaultTo\":null,\"notNullable\":false,\"unsigned\":false},{\"name\":\"col_3\",\"type\":\"string\",\"args\":[],\"defaultTo\":null,\"notNullable\":false,\"unsigned\":false},{\"name\":\"col_4\",\"type\":\"string\",\"args\":[],\"defaultTo\":null,\"notNullable\":false,\"unsigned\":false}]},{\"name\":\"components_shared_stat_items\",\"indexes\":[],\"foreignKeys\":[],\"columns\":[{\"name\":\"id\",\"type\":\"increments\",\"args\":[{\"primary\":true,\"primaryKey\":true}],\"defaultTo\":null,\"notNullable\":true,\"unsigned\":false},{\"name\":\"label\",\"type\":\"string\",\"args\":[],\"defaultTo\":null,\"notNullable\":false,\"unsigned\":false},{\"name\":\"value\",\"type\":\"string\",\"args\":[],\"defaultTo\":null,\"notNullable\":false,\"unsigned\":false},{\"name\":\"note\",\"type\":\"string\",\"args\":[],\"defaultTo\":null,\"notNullable\":false,\"unsigned\":false}]},{\"name\":\"components_shared_seo_metas\",\"indexes\":[],\"foreignKeys\":[],\"columns\":[{\"name\":\"id\",\"type\":\"increments\",\"args\":[{\"primary\":true,\"primaryKey\":true}],\"defaultTo\":null,\"notNullable\":true,\"unsigned\":false},{\"name\":\"meta_title\",\"type\":\"string\",\"args\":[],\"defaultTo\":null,\"notNullable\":false,\"unsigned\":false},{\"name\":\"meta_description\",\"type\":\"text\",\"args\":[\"longtext\"],\"defaultTo\":null,\"notNullable\":false,\"unsigned\":false},{\"name\":\"canonical_url\",\"type\":\"string\",\"args\":[],\"defaultTo\":null,\"notNullable\":false,\"unsigned\":false},{\"name\":\"meta_robots\",\"type\":\"string\",\"args\":[],\"defaultTo\":null,\"notNullable\":false,\"unsigned\":false},{\"name\":\"og_title\",\"type\":\"string\",\"args\":[],\"defaultTo\":null,\"notNullable\":false,\"unsigned\":false},{\"name\":\"og_description\",\"type\":\"text\",\"args\":[\"longtext\"],\"defaultTo\":null,\"notNullable\":false,\"unsigned\":false},{\"name\":\"twitter_card\",\"type\":\"string\",\"args\":[],\"defaultTo\":null,\"notNullable\":false,\"unsigned\":false},{\"name\":\"keywords\",\"type\":\"text\",\"args\":[\"longtext\"],\"defaultTo\":null,\"notNullable\":false,\"unsigned\":false}]},{\"name\":\"components_shared_nested_link_items\",\"indexes\":[],\"foreignKeys\":[],\"columns\":[{\"name\":\"id\",\"type\":\"increments\",\"args\":[{\"primary\":true,\"primaryKey\":true}],\"defaultTo\":null,\"notNullable\":true,\"unsigned\":false},{\"name\":\"label\",\"type\":\"string\",\"args\":[],\"defaultTo\":null,\"notNullable\":false,\"unsigned\":false},{\"name\":\"href\",\"type\":\"string\",\"args\":[],\"defaultTo\":null,\"notNullable\":false,\"unsigned\":false},{\"name\":\"target\",\"type\":\"string\",\"args\":[],\"defaultTo\":null,\"notNullable\":false,\"unsigned\":false},{\"name\":\"description\",\"type\":\"text\",\"args\":[\"longtext\"],\"defaultTo\":null,\"notNullable\":false,\"unsigned\":false}]},{\"name\":\"components_shared_media_asset_references\",\"indexes\":[],\"foreignKeys\":[],\"columns\":[{\"name\":\"id\",\"type\":\"increments\",\"args\":[{\"primary\":true,\"primaryKey\":true}],\"defaultTo\":null,\"notNullable\":true,\"unsigned\":false},{\"name\":\"title\",\"type\":\"string\",\"args\":[],\"defaultTo\":null,\"notNullable\":false,\"unsigned\":false},{\"name\":\"alt\",\"type\":\"string\",\"args\":[],\"defaultTo\":null,\"notNullable\":false,\"unsigned\":false}]},{\"name\":\"components_shared_link_items\",\"indexes\":[],\"foreignKeys\":[],\"columns\":[{\"name\":\"id\",\"type\":\"increments\",\"args\":[{\"primary\":true,\"primaryKey\":true}],\"defaultTo\":null,\"notNullable\":true,\"unsigned\":false},{\"name\":\"label\",\"type\":\"string\",\"args\":[],\"defaultTo\":null,\"notNullable\":false,\"unsigned\":false},{\"name\":\"href\",\"type\":\"string\",\"args\":[],\"defaultTo\":null,\"notNullable\":false,\"unsigned\":false},{\"name\":\"target\",\"type\":\"string\",\"args\":[],\"defaultTo\":null,\"notNullable\":false,\"unsigned\":false},{\"name\":\"description\",\"type\":\"text\",\"args\":[\"longtext\"],\"defaultTo\":null,\"notNullable\":false,\"unsigned\":false}]},{\"name\":\"components_shared_home_partner_items\",\"indexes\":[],\"foreignKeys\":[],\"columns\":[{\"name\":\"id\",\"type\":\"increments\",\"args\":[{\"primary\":true,\"primaryKey\":true}],\"defaultTo\":null,\"notNullable\":true,\"unsigned\":false},{\"name\":\"name\",\"type\":\"string\",\"args\":[],\"defaultTo\":null,\"notNullable\":false,\"unsigned\":false},{\"name\":\"short_desc\",\"type\":\"text\",\"args\":[\"longtext\"],\"defaultTo\":null,\"notNullable\":false,\"unsigned\":false},{\"name\":\"href\",\"type\":\"string\",\"args\":[],\"defaultTo\":null,\"notNullable\":false,\"unsigned\":false},{\"name\":\"alt\",\"type\":\"string\",\"args\":[],\"defaultTo\":null,\"notNullable\":false,\"unsigned\":false},{\"name\":\"priority\",\"type\":\"integer\",\"args\":[],\"defaultTo\":null,\"notNullable\":false,\"unsigned\":false},{\"name\":\"active\",\"type\":\"boolean\",\"args\":[],\"defaultTo\":null,\"notNullable\":false,\"unsigned\":false}]},{\"name\":\"components_shared_home_highlight_items\",\"indexes\":[],\"foreignKeys\":[],\"columns\":[{\"name\":\"id\",\"type\":\"increments\",\"args\":[{\"primary\":true,\"primaryKey\":true}],\"defaultTo\":null,\"notNullable\":true,\"unsigned\":false},{\"name\":\"accent_color\",\"type\":\"string\",\"args\":[],\"defaultTo\":null,\"notNullable\":false,\"unsigned\":false},{\"name\":\"accent_background_color\",\"type\":\"string\",\"args\":[],\"defaultTo\":null,\"notNullable\":false,\"unsigned\":false},{\"name\":\"accent_border_color\",\"type\":\"string\",\"args\":[],\"defaultTo\":null,\"notNullable\":false,\"unsigned\":false},{\"name\":\"title\",\"type\":\"string\",\"args\":[],\"defaultTo\":null,\"notNullable\":false,\"unsigned\":false},{\"name\":\"description\",\"type\":\"text\",\"args\":[\"longtext\"],\"defaultTo\":null,\"notNullable\":false,\"unsigned\":false}]},{\"name\":\"components_shared_home_ai_cards\",\"indexes\":[],\"foreignKeys\":[],\"columns\":[{\"name\":\"id\",\"type\":\"increments\",\"args\":[{\"primary\":true,\"primaryKey\":true}],\"defaultTo\":null,\"notNullable\":true,\"unsigned\":false},{\"name\":\"title\",\"type\":\"string\",\"args\":[],\"defaultTo\":null,\"notNullable\":false,\"unsigned\":false},{\"name\":\"description\",\"type\":\"text\",\"args\":[\"longtext\"],\"defaultTo\":null,\"notNullable\":false,\"unsigned\":false},{\"name\":\"value\",\"type\":\"string\",\"args\":[],\"defaultTo\":null,\"notNullable\":false,\"unsigned\":false}]},{\"name\":\"components_shared_feature_items\",\"indexes\":[],\"foreignKeys\":[],\"columns\":[{\"name\":\"id\",\"type\":\"increments\",\"args\":[{\"primary\":true,\"primaryKey\":true}],\"defaultTo\":null,\"notNullable\":true,\"unsigned\":false},{\"name\":\"title\",\"type\":\"string\",\"args\":[],\"defaultTo\":null,\"notNullable\":false,\"unsigned\":false},{\"name\":\"description\",\"type\":\"text\",\"args\":[\"longtext\"],\"defaultTo\":null,\"notNullable\":false,\"unsigned\":false}]},{\"name\":\"components_shared_button_configs\",\"indexes\":[],\"foreignKeys\":[],\"columns\":[{\"name\":\"id\",\"type\":\"increments\",\"args\":[{\"primary\":true,\"primaryKey\":true}],\"defaultTo\":null,\"notNullable\":true,\"unsigned\":false},{\"name\":\"label\",\"type\":\"string\",\"args\":[],\"defaultTo\":null,\"notNullable\":false,\"unsigned\":false},{\"name\":\"href\",\"type\":\"string\",\"args\":[],\"defaultTo\":null,\"notNullable\":false,\"unsigned\":false},{\"name\":\"variant\",\"type\":\"string\",\"args\":[],\"defaultTo\":null,\"notNullable\":false,\"unsigned\":false},{\"name\":\"target\",\"type\":\"string\",\"args\":[],\"defaultTo\":null,\"notNullable\":false,\"unsigned\":false}]},{\"name\":\"components_shared_breadcrumb_configs\",\"indexes\":[],\"foreignKeys\":[],\"columns\":[{\"name\":\"id\",\"type\":\"increments\",\"args\":[{\"primary\":true,\"primaryKey\":true}],\"defaultTo\":null,\"notNullable\":true,\"unsigned\":false},{\"name\":\"show\",\"type\":\"boolean\",\"args\":[],\"defaultTo\":null,\"notNullable\":false,\"unsigned\":false},{\"name\":\"custom_label\",\"type\":\"string\",\"args\":[],\"defaultTo\":null,\"notNullable\":false,\"unsigned\":false}]},{\"name\":\"components_advisor_cards\",\"indexes\":[],\"foreignKeys\":[],\"columns\":[{\"name\":\"id\",\"type\":\"increments\",\"args\":[{\"primary\":true,\"primaryKey\":true}],\"defaultTo\":null,\"notNullable\":true,\"unsigned\":false},{\"name\":\"name\",\"type\":\"string\",\"args\":[],\"defaultTo\":null,\"notNullable\":false,\"unsigned\":false},{\"name\":\"quote\",\"type\":\"text\",\"args\":[\"longtext\"],\"defaultTo\":null,\"notNullable\":false,\"unsigned\":false},{\"name\":\"cert\",\"type\":\"string\",\"args\":[],\"defaultTo\":null,\"notNullable\":false,\"unsigned\":false},{\"name\":\"experience\",\"type\":\"string\",\"args\":[],\"defaultTo\":null,\"notNullable\":false,\"unsigned\":false},{\"name\":\"phone\",\"type\":\"string\",\"args\":[],\"defaultTo\":null,\"notNullable\":false,\"unsigned\":false},{\"name\":\"badge\",\"type\":\"string\",\"args\":[],\"defaultTo\":null,\"notNullable\":false,\"unsigned\":false},{\"name\":\"cta_label\",\"type\":\"string\",\"args\":[],\"defaultTo\":null,\"notNullable\":false,\"unsigned\":false},{\"name\":\"cta_href\",\"type\":\"string\",\"args\":[],\"defaultTo\":null,\"notNullable\":false,\"unsigned\":false}]},{\"name\":\"components_sections_trust_signal_sections\",\"indexes\":[],\"foreignKeys\":[],\"columns\":[{\"name\":\"id\",\"type\":\"increments\",\"args\":[{\"primary\":true,\"primaryKey\":true}],\"defaultTo\":null,\"notNullable\":true,\"unsigned\":false},{\"name\":\"position_index\",\"type\":\"integer\",\"args\":[],\"defaultTo\":null,\"notNullable\":false,\"unsigned\":false},{\"name\":\"title\",\"type\":\"string\",\"args\":[],\"defaultTo\":null,\"notNullable\":false,\"unsigned\":false},{\"name\":\"description\",\"type\":\"text\",\"args\":[\"longtext\"],\"defaultTo\":null,\"notNullable\":false,\"unsigned\":false}]},{\"name\":\"components_sections_trading_system_showcase_sections\",\"indexes\":[],\"foreignKeys\":[],\"columns\":[{\"name\":\"id\",\"type\":\"increments\",\"args\":[{\"primary\":true,\"primaryKey\":true}],\"defaultTo\":null,\"notNullable\":true,\"unsigned\":false},{\"name\":\"position_index\",\"type\":\"integer\",\"args\":[],\"defaultTo\":null,\"notNullable\":false,\"unsigned\":false},{\"name\":\"title\",\"type\":\"string\",\"args\":[],\"defaultTo\":null,\"notNullable\":false,\"unsigned\":false},{\"name\":\"description\",\"type\":\"text\",\"args\":[\"longtext\"],\"defaultTo\":null,\"notNullable\":false,\"unsigned\":false},{\"name\":\"platform_name\",\"type\":\"string\",\"args\":[],\"defaultTo\":null,\"notNullable\":false,\"unsigned\":false},{\"name\":\"features\",\"type\":\"jsonb\",\"args\":[],\"defaultTo\":null,\"notNullable\":false,\"unsigned\":false}]},{\"name\":\"components_sections_timeline_sections\",\"indexes\":[],\"foreignKeys\":[],\"columns\":[{\"name\":\"id\",\"type\":\"increments\",\"args\":[{\"primary\":true,\"primaryKey\":true}],\"defaultTo\":null,\"notNullable\":true,\"unsigned\":false},{\"name\":\"title\",\"type\":\"string\",\"args\":[],\"defaultTo\":null,\"notNullable\":false,\"unsigned\":false}]},{\"name\":\"components_sections_table_blocks\",\"indexes\":[],\"foreignKeys\":[],\"columns\":[{\"name\":\"id\",\"type\":\"increments\",\"args\":[{\"primary\":true,\"primaryKey\":true}],\"defaultTo\":null,\"notNullable\":true,\"unsigned\":false},{\"name\":\"title\",\"type\":\"string\",\"args\":[],\"defaultTo\":null,\"notNullable\":false,\"unsigned\":false},{\"name\":\"column_1_label\",\"type\":\"string\",\"args\":[],\"defaultTo\":null,\"notNullable\":false,\"unsigned\":false},{\"name\":\"column_2_label\",\"type\":\"string\",\"args\":[],\"defaultTo\":null,\"notNullable\":false,\"unsigned\":false},{\"name\":\"column_3_label\",\"type\":\"string\",\"args\":[],\"defaultTo\":null,\"notNullable\":false,\"unsigned\":false},{\"name\":\"column_4_label\",\"type\":\"string\",\"args\":[],\"defaultTo\":null,\"notNullable\":false,\"unsigned\":false}]},{\"name\":\"components_sections_stats_sections\",\"indexes\":[],\"foreignKeys\":[],\"columns\":[{\"name\":\"id\",\"type\":\"increments\",\"args\":[{\"primary\":true,\"primaryKey\":true}],\"defaultTo\":null,\"notNullable\":true,\"unsigned\":false},{\"name\":\"position_index\",\"type\":\"integer\",\"args\":[],\"defaultTo\":null,\"notNullable\":false,\"unsigned\":false},{\"name\":\"title\",\"type\":\"string\",\"args\":[],\"defaultTo\":null,\"notNullable\":false,\"unsigned\":false}]},{\"name\":\"components_sections_rich_text_blocks\",\"indexes\":[],\"foreignKeys\":[],\"columns\":[{\"name\":\"id\",\"type\":\"increments\",\"args\":[{\"primary\":true,\"primaryKey\":true}],\"defaultTo\":null,\"notNullable\":true,\"unsigned\":false},{\"name\":\"title\",\"type\":\"string\",\"args\":[],\"defaultTo\":null,\"notNullable\":false,\"unsigned\":false},{\"name\":\"content\",\"type\":\"text\",\"args\":[\"longtext\"],\"defaultTo\":null,\"notNullable\":false,\"unsigned\":false}]},{\"name\":\"components_sections_research_list_sections\",\"indexes\":[],\"foreignKeys\":[],\"columns\":[{\"name\":\"id\",\"type\":\"increments\",\"args\":[{\"primary\":true,\"primaryKey\":true}],\"defaultTo\":null,\"notNullable\":true,\"unsigned\":false},{\"name\":\"position_index\",\"type\":\"integer\",\"args\":[],\"defaultTo\":null,\"notNullable\":false,\"unsigned\":false},{\"name\":\"title\",\"type\":\"string\",\"args\":[],\"defaultTo\":null,\"notNullable\":false,\"unsigned\":false},{\"name\":\"description\",\"type\":\"text\",\"args\":[\"longtext\"],\"defaultTo\":null,\"notNullable\":false,\"unsigned\":false},{\"name\":\"limit\",\"type\":\"integer\",\"args\":[],\"defaultTo\":null,\"notNullable\":false,\"unsigned\":false},{\"name\":\"featured_only\",\"type\":\"boolean\",\"args\":[],\"defaultTo\":null,\"notNullable\":false,\"unsigned\":false}]},{\"name\":\"components_sections_related_contents\",\"indexes\":[],\"foreignKeys\":[],\"columns\":[{\"name\":\"id\",\"type\":\"increments\",\"args\":[{\"primary\":true,\"primaryKey\":true}],\"defaultTo\":null,\"notNullable\":true,\"unsigned\":false},{\"name\":\"title\",\"type\":\"string\",\"args\":[],\"defaultTo\":null,\"notNullable\":false,\"unsigned\":false},{\"name\":\"limit\",\"type\":\"integer\",\"args\":[],\"defaultTo\":null,\"notNullable\":false,\"unsigned\":false}]},{\"name\":\"components_sections_quote_sections\",\"indexes\":[],\"foreignKeys\":[],\"columns\":[{\"name\":\"id\",\"type\":\"increments\",\"args\":[{\"primary\":true,\"primaryKey\":true}],\"defaultTo\":null,\"notNullable\":true,\"unsigned\":false},{\"name\":\"quote\",\"type\":\"text\",\"args\":[\"longtext\"],\"defaultTo\":null,\"notNullable\":false,\"unsigned\":false},{\"name\":\"author\",\"type\":\"string\",\"args\":[],\"defaultTo\":null,\"notNullable\":false,\"unsigned\":false},{\"name\":\"role\",\"type\":\"string\",\"args\":[],\"defaultTo\":null,\"notNullable\":false,\"unsigned\":false}]},{\"name\":\"components_sections_office_list_sections\",\"indexes\":[],\"foreignKeys\":[],\"columns\":[{\"name\":\"id\",\"type\":\"increments\",\"args\":[{\"primary\":true,\"primaryKey\":true}],\"defaultTo\":null,\"notNullable\":true,\"unsigned\":false},{\"name\":\"position_index\",\"type\":\"integer\",\"args\":[],\"defaultTo\":null,\"notNullable\":false,\"unsigned\":false},{\"name\":\"title\",\"type\":\"string\",\"args\":[],\"defaultTo\":null,\"notNullable\":false,\"unsigned\":false},{\"name\":\"description\",\"type\":\"text\",\"args\":[\"longtext\"],\"defaultTo\":null,\"notNullable\":false,\"unsigned\":false},{\"name\":\"show_map_placeholder\",\"type\":\"boolean\",\"args\":[],\"defaultTo\":null,\"notNullable\":false,\"unsigned\":false}]},{\"name\":\"components_sections_news_list_sections\",\"indexes\":[],\"foreignKeys\":[],\"columns\":[{\"name\":\"id\",\"type\":\"increments\",\"args\":[{\"primary\":true,\"primaryKey\":true}],\"defaultTo\":null,\"notNullable\":true,\"unsigned\":false},{\"name\":\"position_index\",\"type\":\"integer\",\"args\":[],\"defaultTo\":null,\"notNullable\":false,\"unsigned\":false},{\"name\":\"title\",\"type\":\"string\",\"args\":[],\"defaultTo\":null,\"notNullable\":false,\"unsigned\":false},{\"name\":\"description\",\"type\":\"text\",\"args\":[\"longtext\"],\"defaultTo\":null,\"notNullable\":false,\"unsigned\":false},{\"name\":\"limit\",\"type\":\"integer\",\"args\":[],\"defaultTo\":null,\"notNullable\":false,\"unsigned\":false},{\"name\":\"featured_only\",\"type\":\"boolean\",\"args\":[],\"defaultTo\":null,\"notNullable\":false,\"unsigned\":false}]},{\"name\":\"components_home_price_board_sections\",\"indexes\":[],\"foreignKeys\":[],\"columns\":[{\"name\":\"id\",\"type\":\"increments\",\"args\":[{\"primary\":true,\"primaryKey\":true}],\"defaultTo\":null,\"notNullable\":true,\"unsigned\":false},{\"name\":\"position_index\",\"type\":\"integer\",\"args\":[],\"defaultTo\":null,\"notNullable\":false,\"unsigned\":false}]},{\"name\":\"components_home_one_shinhan_sections\",\"indexes\":[],\"foreignKeys\":[],\"columns\":[{\"name\":\"id\",\"type\":\"increments\",\"args\":[{\"primary\":true,\"primaryKey\":true}],\"defaultTo\":null,\"notNullable\":true,\"unsigned\":false},{\"name\":\"position_index\",\"type\":\"integer\",\"args\":[],\"defaultTo\":null,\"notNullable\":false,\"unsigned\":false},{\"name\":\"kicker\",\"type\":\"string\",\"args\":[],\"defaultTo\":null,\"notNullable\":false,\"unsigned\":false},{\"name\":\"profile_label\",\"type\":\"string\",\"args\":[],\"defaultTo\":null,\"notNullable\":false,\"unsigned\":false},{\"name\":\"title\",\"type\":\"string\",\"args\":[],\"defaultTo\":null,\"notNullable\":false,\"unsigned\":false},{\"name\":\"subtitle\",\"type\":\"text\",\"args\":[\"longtext\"],\"defaultTo\":null,\"notNullable\":false,\"unsigned\":false},{\"name\":\"logo_alt\",\"type\":\"string\",\"args\":[],\"defaultTo\":null,\"notNullable\":false,\"unsigned\":false},{\"name\":\"visit_label\",\"type\":\"string\",\"args\":[],\"defaultTo\":null,\"notNullable\":false,\"unsigned\":false},{\"name\":\"carousel_label\",\"type\":\"string\",\"args\":[],\"defaultTo\":null,\"notNullable\":false,\"unsigned\":false},{\"name\":\"ecosystem_label\",\"type\":\"string\",\"args\":[],\"defaultTo\":null,\"notNullable\":false,\"unsigned\":false},{\"name\":\"office_count_label\",\"type\":\"string\",\"args\":[],\"defaultTo\":null,\"notNullable\":false,\"unsigned\":false},{\"name\":\"office_location_primary\",\"type\":\"string\",\"args\":[],\"defaultTo\":null,\"notNullable\":false,\"unsigned\":false},{\"name\":\"office_location_secondary\",\"type\":\"string\",\"args\":[],\"defaultTo\":null,\"notNullable\":false,\"unsigned\":false},{\"name\":\"footer_title\",\"type\":\"string\",\"args\":[],\"defaultTo\":null,\"notNullable\":false,\"unsigned\":false},{\"name\":\"footer_description\",\"type\":\"text\",\"args\":[\"longtext\"],\"defaultTo\":null,\"notNullable\":false,\"unsigned\":false}]},{\"name\":\"components_home_market_strip_sections\",\"indexes\":[],\"foreignKeys\":[],\"columns\":[{\"name\":\"id\",\"type\":\"increments\",\"args\":[{\"primary\":true,\"primaryKey\":true}],\"defaultTo\":null,\"notNullable\":true,\"unsigned\":false},{\"name\":\"position_index\",\"type\":\"integer\",\"args\":[],\"defaultTo\":null,\"notNullable\":false,\"unsigned\":false}]},{\"name\":\"components_home_ecosystem_sections\",\"indexes\":[],\"foreignKeys\":[],\"columns\":[{\"name\":\"id\",\"type\":\"increments\",\"args\":[{\"primary\":true,\"primaryKey\":true}],\"defaultTo\":null,\"notNullable\":true,\"unsigned\":false},{\"name\":\"position_index\",\"type\":\"integer\",\"args\":[],\"defaultTo\":null,\"notNullable\":false,\"unsigned\":false},{\"name\":\"eyebrow\",\"type\":\"string\",\"args\":[],\"defaultTo\":null,\"notNullable\":false,\"unsigned\":false},{\"name\":\"title\",\"type\":\"string\",\"args\":[],\"defaultTo\":null,\"notNullable\":false,\"unsigned\":false},{\"name\":\"description\",\"type\":\"text\",\"args\":[\"longtext\"],\"defaultTo\":null,\"notNullable\":false,\"unsigned\":false},{\"name\":\"market_label\",\"type\":\"string\",\"args\":[],\"defaultTo\":null,\"notNullable\":false,\"unsigned\":false}]},{\"name\":\"components_home_ai_stack_sections\",\"indexes\":[],\"foreignKeys\":[],\"columns\":[{\"name\":\"id\",\"type\":\"increments\",\"args\":[{\"primary\":true,\"primaryKey\":true}],\"defaultTo\":null,\"notNullable\":true,\"unsigned\":false},{\"name\":\"position_index\",\"type\":\"integer\",\"args\":[],\"defaultTo\":null,\"notNullable\":false,\"unsigned\":false},{\"name\":\"eyebrow\",\"type\":\"string\",\"args\":[],\"defaultTo\":null,\"notNullable\":false,\"unsigned\":false},{\"name\":\"title\",\"type\":\"string\",\"args\":[],\"defaultTo\":null,\"notNullable\":false,\"unsigned\":false}]},{\"name\":\"components_sections_hero_blocks\",\"indexes\":[],\"foreignKeys\":[],\"columns\":[{\"name\":\"id\",\"type\":\"increments\",\"args\":[{\"primary\":true,\"primaryKey\":true}],\"defaultTo\":null,\"notNullable\":true,\"unsigned\":false},{\"name\":\"kicker\",\"type\":\"string\",\"args\":[],\"defaultTo\":null,\"notNullable\":false,\"unsigned\":false},{\"name\":\"title\",\"type\":\"string\",\"args\":[],\"defaultTo\":null,\"notNullable\":false,\"unsigned\":false},{\"name\":\"subtitle\",\"type\":\"text\",\"args\":[\"longtext\"],\"defaultTo\":null,\"notNullable\":false,\"unsigned\":false}]},{\"name\":\"components_sections_feature_card_sections\",\"indexes\":[],\"foreignKeys\":[],\"columns\":[{\"name\":\"id\",\"type\":\"increments\",\"args\":[{\"primary\":true,\"primaryKey\":true}],\"defaultTo\":null,\"notNullable\":true,\"unsigned\":false},{\"name\":\"position_index\",\"type\":\"integer\",\"args\":[],\"defaultTo\":null,\"notNullable\":false,\"unsigned\":false},{\"name\":\"title\",\"type\":\"string\",\"args\":[],\"defaultTo\":null,\"notNullable\":false,\"unsigned\":false},{\"name\":\"description\",\"type\":\"text\",\"args\":[\"longtext\"],\"defaultTo\":null,\"notNullable\":false,\"unsigned\":false}]},{\"name\":\"components_sections_faq_sections\",\"indexes\":[],\"foreignKeys\":[],\"columns\":[{\"name\":\"id\",\"type\":\"increments\",\"args\":[{\"primary\":true,\"primaryKey\":true}],\"defaultTo\":null,\"notNullable\":true,\"unsigned\":false},{\"name\":\"position_index\",\"type\":\"integer\",\"args\":[],\"defaultTo\":null,\"notNullable\":false,\"unsigned\":false},{\"name\":\"title\",\"type\":\"string\",\"args\":[],\"defaultTo\":null,\"notNullable\":false,\"unsigned\":false},{\"name\":\"description\",\"type\":\"text\",\"args\":[\"longtext\"],\"defaultTo\":null,\"notNullable\":false,\"unsigned\":false},{\"name\":\"faq_category_slug\",\"type\":\"string\",\"args\":[],\"defaultTo\":null,\"notNullable\":false,\"unsigned\":false},{\"name\":\"limit\",\"type\":\"integer\",\"args\":[],\"defaultTo\":null,\"notNullable\":false,\"unsigned\":false}]},{\"name\":\"components_sections_embed_blocks\",\"indexes\":[],\"foreignKeys\":[],\"columns\":[{\"name\":\"id\",\"type\":\"increments\",\"args\":[{\"primary\":true,\"primaryKey\":true}],\"defaultTo\":null,\"notNullable\":true,\"unsigned\":false},{\"name\":\"title\",\"type\":\"string\",\"args\":[],\"defaultTo\":null,\"notNullable\":false,\"unsigned\":false},{\"name\":\"embed_url\",\"type\":\"string\",\"args\":[],\"defaultTo\":null,\"notNullable\":false,\"unsigned\":false},{\"name\":\"embed_code\",\"type\":\"text\",\"args\":[\"longtext\"],\"defaultTo\":null,\"notNullable\":false,\"unsigned\":false}]},{\"name\":\"components_sections_download_list_sections\",\"indexes\":[],\"foreignKeys\":[],\"columns\":[{\"name\":\"id\",\"type\":\"increments\",\"args\":[{\"primary\":true,\"primaryKey\":true}],\"defaultTo\":null,\"notNullable\":true,\"unsigned\":false},{\"name\":\"title\",\"type\":\"string\",\"args\":[],\"defaultTo\":null,\"notNullable\":false,\"unsigned\":false},{\"name\":\"description\",\"type\":\"text\",\"args\":[\"longtext\"],\"defaultTo\":null,\"notNullable\":false,\"unsigned\":false},{\"name\":\"document_category\",\"type\":\"string\",\"args\":[],\"defaultTo\":null,\"notNullable\":false,\"unsigned\":false},{\"name\":\"limit\",\"type\":\"integer\",\"args\":[],\"defaultTo\":null,\"notNullable\":false,\"unsigned\":false}]},{\"name\":\"components_sections_cta_sections\",\"indexes\":[],\"foreignKeys\":[],\"columns\":[{\"name\":\"id\",\"type\":\"increments\",\"args\":[{\"primary\":true,\"primaryKey\":true}],\"defaultTo\":null,\"notNullable\":true,\"unsigned\":false},{\"name\":\"position_index\",\"type\":\"integer\",\"args\":[],\"defaultTo\":null,\"notNullable\":false,\"unsigned\":false},{\"name\":\"title\",\"type\":\"string\",\"args\":[],\"defaultTo\":null,\"notNullable\":false,\"unsigned\":false},{\"name\":\"description\",\"type\":\"text\",\"args\":[\"longtext\"],\"defaultTo\":null,\"notNullable\":false,\"unsigned\":false}]},{\"name\":\"components_sections_contact_sections\",\"indexes\":[],\"foreignKeys\":[],\"columns\":[{\"name\":\"id\",\"type\":\"increments\",\"args\":[{\"primary\":true,\"primaryKey\":true}],\"defaultTo\":null,\"notNullable\":true,\"unsigned\":false},{\"name\":\"title\",\"type\":\"string\",\"args\":[],\"defaultTo\":null,\"notNullable\":false,\"unsigned\":false},{\"name\":\"description\",\"type\":\"text\",\"args\":[\"longtext\"],\"defaultTo\":null,\"notNullable\":false,\"unsigned\":false},{\"name\":\"phone\",\"type\":\"string\",\"args\":[],\"defaultTo\":null,\"notNullable\":false,\"unsigned\":false},{\"name\":\"email\",\"type\":\"string\",\"args\":[],\"defaultTo\":null,\"notNullable\":false,\"unsigned\":false},{\"name\":\"address\",\"type\":\"text\",\"args\":[\"longtext\"],\"defaultTo\":null,\"notNullable\":false,\"unsigned\":false}]},{\"name\":\"admin_permissions_role_links\",\"indexes\":[{\"name\":\"admin_permissions_role_links_fk\",\"columns\":[\"permission_id\"]},{\"name\":\"admin_permissions_role_links_inv_fk\",\"columns\":[\"role_id\"]},{\"name\":\"admin_permissions_role_links_unique\",\"columns\":[\"permission_id\",\"role_id\"],\"type\":\"unique\"},{\"name\":\"admin_permissions_role_links_order_inv_fk\",\"columns\":[\"permission_order\"]}],\"foreignKeys\":[{\"name\":\"admin_permissions_role_links_fk\",\"columns\":[\"permission_id\"],\"referencedColumns\":[\"id\"],\"referencedTable\":\"admin_permissions\",\"onDelete\":\"CASCADE\"},{\"name\":\"admin_permissions_role_links_inv_fk\",\"columns\":[\"role_id\"],\"referencedColumns\":[\"id\"],\"referencedTable\":\"admin_roles\",\"onDelete\":\"CASCADE\"}],\"columns\":[{\"name\":\"id\",\"type\":\"increments\",\"args\":[{\"primary\":true,\"primaryKey\":true}],\"defaultTo\":null,\"notNullable\":true,\"unsigned\":false},{\"name\":\"permission_id\",\"type\":\"integer\",\"args\":[],\"defaultTo\":null,\"notNullable\":false,\"unsigned\":true},{\"name\":\"role_id\",\"type\":\"integer\",\"args\":[],\"defaultTo\":null,\"notNullable\":false,\"unsigned\":true},{\"name\":\"permission_order\",\"type\":\"double\",\"args\":[],\"defaultTo\":null,\"notNullable\":false,\"unsigned\":true}]},{\"name\":\"admin_users_roles_links\",\"indexes\":[{\"name\":\"admin_users_roles_links_fk\",\"columns\":[\"user_id\"]},{\"name\":\"admin_users_roles_links_inv_fk\",\"columns\":[\"role_id\"]},{\"name\":\"admin_users_roles_links_unique\",\"columns\":[\"user_id\",\"role_id\"],\"type\":\"unique\"},{\"name\":\"admin_users_roles_links_order_fk\",\"columns\":[\"role_order\"]},{\"name\":\"admin_users_roles_links_order_inv_fk\",\"columns\":[\"user_order\"]}],\"foreignKeys\":[{\"name\":\"admin_users_roles_links_fk\",\"columns\":[\"user_id\"],\"referencedColumns\":[\"id\"],\"referencedTable\":\"admin_users\",\"onDelete\":\"CASCADE\"},{\"name\":\"admin_users_roles_links_inv_fk\",\"columns\":[\"role_id\"],\"referencedColumns\":[\"id\"],\"referencedTable\":\"admin_roles\",\"onDelete\":\"CASCADE\"}],\"columns\":[{\"name\":\"id\",\"type\":\"increments\",\"args\":[{\"primary\":true,\"primaryKey\":true}],\"defaultTo\":null,\"notNullable\":true,\"unsigned\":false},{\"name\":\"user_id\",\"type\":\"integer\",\"args\":[],\"defaultTo\":null,\"notNullable\":false,\"unsigned\":true},{\"name\":\"role_id\",\"type\":\"integer\",\"args\":[],\"defaultTo\":null,\"notNullable\":false,\"unsigned\":true},{\"name\":\"role_order\",\"type\":\"double\",\"args\":[],\"defaultTo\":null,\"notNullable\":false,\"unsigned\":true},{\"name\":\"user_order\",\"type\":\"double\",\"args\":[],\"defaultTo\":null,\"notNullable\":false,\"unsigned\":true}]},{\"name\":\"strapi_api_token_permissions_token_links\",\"indexes\":[{\"name\":\"strapi_api_token_permissions_token_links_fk\",\"columns\":[\"api_token_permission_id\"]},{\"name\":\"strapi_api_token_permissions_token_links_inv_fk\",\"columns\":[\"api_token_id\"]},{\"name\":\"strapi_api_token_permissions_token_links_unique\",\"columns\":[\"api_token_permission_id\",\"api_token_id\"],\"type\":\"unique\"},{\"name\":\"strapi_api_token_permissions_token_links_order_inv_fk\",\"columns\":[\"api_token_permission_order\"]}],\"foreignKeys\":[{\"name\":\"strapi_api_token_permissions_token_links_fk\",\"columns\":[\"api_token_permission_id\"],\"referencedColumns\":[\"id\"],\"referencedTable\":\"strapi_api_token_permissions\",\"onDelete\":\"CASCADE\"},{\"name\":\"strapi_api_token_permissions_token_links_inv_fk\",\"columns\":[\"api_token_id\"],\"referencedColumns\":[\"id\"],\"referencedTable\":\"strapi_api_tokens\",\"onDelete\":\"CASCADE\"}],\"columns\":[{\"name\":\"id\",\"type\":\"increments\",\"args\":[{\"primary\":true,\"primaryKey\":true}],\"defaultTo\":null,\"notNullable\":true,\"unsigned\":false},{\"name\":\"api_token_permission_id\",\"type\":\"integer\",\"args\":[],\"defaultTo\":null,\"notNullable\":false,\"unsigned\":true},{\"name\":\"api_token_id\",\"type\":\"integer\",\"args\":[],\"defaultTo\":null,\"notNullable\":false,\"unsigned\":true},{\"name\":\"api_token_permission_order\",\"type\":\"double\",\"args\":[],\"defaultTo\":null,\"notNullable\":false,\"unsigned\":true}]},{\"name\":\"strapi_transfer_token_permissions_token_links\",\"indexes\":[{\"name\":\"strapi_transfer_token_permissions_token_links_fk\",\"columns\":[\"transfer_token_permission_id\"]},{\"name\":\"strapi_transfer_token_permissions_token_links_inv_fk\",\"columns\":[\"transfer_token_id\"]},{\"name\":\"strapi_transfer_token_permissions_token_links_unique\",\"columns\":[\"transfer_token_permission_id\",\"transfer_token_id\"],\"type\":\"unique\"},{\"name\":\"strapi_transfer_token_permissions_token_links_order_inv_fk\",\"columns\":[\"transfer_token_permission_order\"]}],\"foreignKeys\":[{\"name\":\"strapi_transfer_token_permissions_token_links_fk\",\"columns\":[\"transfer_token_permission_id\"],\"referencedColumns\":[\"id\"],\"referencedTable\":\"strapi_transfer_token_permissions\",\"onDelete\":\"CASCADE\"},{\"name\":\"strapi_transfer_token_permissions_token_links_inv_fk\",\"columns\":[\"transfer_token_id\"],\"referencedColumns\":[\"id\"],\"referencedTable\":\"strapi_transfer_tokens\",\"onDelete\":\"CASCADE\"}],\"columns\":[{\"name\":\"id\",\"type\":\"increments\",\"args\":[{\"primary\":true,\"primaryKey\":true}],\"defaultTo\":null,\"notNullable\":true,\"unsigned\":false},{\"name\":\"transfer_token_permission_id\",\"type\":\"integer\",\"args\":[],\"defaultTo\":null,\"notNullable\":false,\"unsigned\":true},{\"name\":\"transfer_token_id\",\"type\":\"integer\",\"args\":[],\"defaultTo\":null,\"notNullable\":false,\"unsigned\":true},{\"name\":\"transfer_token_permission_order\",\"type\":\"double\",\"args\":[],\"defaultTo\":null,\"notNullable\":false,\"unsigned\":true}]},{\"name\":\"files_related_morphs\",\"indexes\":[{\"name\":\"files_related_morphs_fk\",\"columns\":[\"file_id\"]},{\"name\":\"files_related_morphs_order_index\",\"columns\":[\"order\"]},{\"name\":\"files_related_morphs_id_column_index\",\"columns\":[\"related_id\"]}],\"foreignKeys\":[{\"name\":\"files_related_morphs_fk\",\"columns\":[\"file_id\"],\"referencedColumns\":[\"id\"],\"referencedTable\":\"files\",\"onDelete\":\"CASCADE\"}],\"columns\":[{\"name\":\"id\",\"type\":\"increments\",\"args\":[{\"primary\":true,\"primaryKey\":true}],\"defaultTo\":null,\"notNullable\":true,\"unsigned\":false},{\"name\":\"file_id\",\"type\":\"integer\",\"args\":[],\"defaultTo\":null,\"notNullable\":false,\"unsigned\":true},{\"name\":\"related_id\",\"type\":\"integer\",\"args\":[],\"defaultTo\":null,\"notNullable\":false,\"unsigned\":true},{\"name\":\"related_type\",\"type\":\"string\",\"args\":[],\"defaultTo\":null,\"notNullable\":false,\"unsigned\":false},{\"name\":\"field\",\"type\":\"string\",\"args\":[],\"defaultTo\":null,\"notNullable\":false,\"unsigned\":false},{\"name\":\"order\",\"type\":\"double\",\"args\":[],\"defaultTo\":null,\"notNullable\":false,\"unsigned\":true}]},{\"name\":\"files_folder_links\",\"indexes\":[{\"name\":\"files_folder_links_fk\",\"columns\":[\"file_id\"]},{\"name\":\"files_folder_links_inv_fk\",\"columns\":[\"folder_id\"]},{\"name\":\"files_folder_links_unique\",\"columns\":[\"file_id\",\"folder_id\"],\"type\":\"unique\"},{\"name\":\"files_folder_links_order_inv_fk\",\"columns\":[\"file_order\"]}],\"foreignKeys\":[{\"name\":\"files_folder_links_fk\",\"columns\":[\"file_id\"],\"referencedColumns\":[\"id\"],\"referencedTable\":\"files\",\"onDelete\":\"CASCADE\"},{\"name\":\"files_folder_links_inv_fk\",\"columns\":[\"folder_id\"],\"referencedColumns\":[\"id\"],\"referencedTable\":\"upload_folders\",\"onDelete\":\"CASCADE\"}],\"columns\":[{\"name\":\"id\",\"type\":\"increments\",\"args\":[{\"primary\":true,\"primaryKey\":true}],\"defaultTo\":null,\"notNullable\":true,\"unsigned\":false},{\"name\":\"file_id\",\"type\":\"integer\",\"args\":[],\"defaultTo\":null,\"notNullable\":false,\"unsigned\":true},{\"name\":\"folder_id\",\"type\":\"integer\",\"args\":[],\"defaultTo\":null,\"notNullable\":false,\"unsigned\":true},{\"name\":\"file_order\",\"type\":\"double\",\"args\":[],\"defaultTo\":null,\"notNullable\":false,\"unsigned\":true}]},{\"name\":\"upload_folders_parent_links\",\"indexes\":[{\"name\":\"upload_folders_parent_links_fk\",\"columns\":[\"folder_id\"]},{\"name\":\"upload_folders_parent_links_inv_fk\",\"columns\":[\"inv_folder_id\"]},{\"name\":\"upload_folders_parent_links_unique\",\"columns\":[\"folder_id\",\"inv_folder_id\"],\"type\":\"unique\"},{\"name\":\"upload_folders_parent_links_order_inv_fk\",\"columns\":[\"folder_order\"]}],\"foreignKeys\":[{\"name\":\"upload_folders_parent_links_fk\",\"columns\":[\"folder_id\"],\"referencedColumns\":[\"id\"],\"referencedTable\":\"upload_folders\",\"onDelete\":\"CASCADE\"},{\"name\":\"upload_folders_parent_links_inv_fk\",\"columns\":[\"inv_folder_id\"],\"referencedColumns\":[\"id\"],\"referencedTable\":\"upload_folders\",\"onDelete\":\"CASCADE\"}],\"columns\":[{\"name\":\"id\",\"type\":\"increments\",\"args\":[{\"primary\":true,\"primaryKey\":true}],\"defaultTo\":null,\"notNullable\":true,\"unsigned\":false},{\"name\":\"folder_id\",\"type\":\"integer\",\"args\":[],\"defaultTo\":null,\"notNullable\":false,\"unsigned\":true},{\"name\":\"inv_folder_id\",\"type\":\"integer\",\"args\":[],\"defaultTo\":null,\"notNullable\":false,\"unsigned\":true},{\"name\":\"folder_order\",\"type\":\"double\",\"args\":[],\"defaultTo\":null,\"notNullable\":false,\"unsigned\":true}]},{\"name\":\"strapi_release_actions_release_links\",\"indexes\":[{\"name\":\"strapi_release_actions_release_links_fk\",\"columns\":[\"release_action_id\"]},{\"name\":\"strapi_release_actions_release_links_inv_fk\",\"columns\":[\"release_id\"]},{\"name\":\"strapi_release_actions_release_links_unique\",\"columns\":[\"release_action_id\",\"release_id\"],\"type\":\"unique\"},{\"name\":\"strapi_release_actions_release_links_order_inv_fk\",\"columns\":[\"release_action_order\"]}],\"foreignKeys\":[{\"name\":\"strapi_release_actions_release_links_fk\",\"columns\":[\"release_action_id\"],\"referencedColumns\":[\"id\"],\"referencedTable\":\"strapi_release_actions\",\"onDelete\":\"CASCADE\"},{\"name\":\"strapi_release_actions_release_links_inv_fk\",\"columns\":[\"release_id\"],\"referencedColumns\":[\"id\"],\"referencedTable\":\"strapi_releases\",\"onDelete\":\"CASCADE\"}],\"columns\":[{\"name\":\"id\",\"type\":\"increments\",\"args\":[{\"primary\":true,\"primaryKey\":true}],\"defaultTo\":null,\"notNullable\":true,\"unsigned\":false},{\"name\":\"release_action_id\",\"type\":\"integer\",\"args\":[],\"defaultTo\":null,\"notNullable\":false,\"unsigned\":true},{\"name\":\"release_id\",\"type\":\"integer\",\"args\":[],\"defaultTo\":null,\"notNullable\":false,\"unsigned\":true},{\"name\":\"release_action_order\",\"type\":\"double\",\"args\":[],\"defaultTo\":null,\"notNullable\":false,\"unsigned\":true}]},{\"name\":\"up_permissions_role_links\",\"indexes\":[{\"name\":\"up_permissions_role_links_fk\",\"columns\":[\"permission_id\"]},{\"name\":\"up_permissions_role_links_inv_fk\",\"columns\":[\"role_id\"]},{\"name\":\"up_permissions_role_links_unique\",\"columns\":[\"permission_id\",\"role_id\"],\"type\":\"unique\"},{\"name\":\"up_permissions_role_links_order_inv_fk\",\"columns\":[\"permission_order\"]}],\"foreignKeys\":[{\"name\":\"up_permissions_role_links_fk\",\"columns\":[\"permission_id\"],\"referencedColumns\":[\"id\"],\"referencedTable\":\"up_permissions\",\"onDelete\":\"CASCADE\"},{\"name\":\"up_permissions_role_links_inv_fk\",\"columns\":[\"role_id\"],\"referencedColumns\":[\"id\"],\"referencedTable\":\"up_roles\",\"onDelete\":\"CASCADE\"}],\"columns\":[{\"name\":\"id\",\"type\":\"increments\",\"args\":[{\"primary\":true,\"primaryKey\":true}],\"defaultTo\":null,\"notNullable\":true,\"unsigned\":false},{\"name\":\"permission_id\",\"type\":\"integer\",\"args\":[],\"defaultTo\":null,\"notNullable\":false,\"unsigned\":true},{\"name\":\"role_id\",\"type\":\"integer\",\"args\":[],\"defaultTo\":null,\"notNullable\":false,\"unsigned\":true},{\"name\":\"permission_order\",\"type\":\"double\",\"args\":[],\"defaultTo\":null,\"notNullable\":false,\"unsigned\":true}]},{\"name\":\"up_users_role_links\",\"indexes\":[{\"name\":\"up_users_role_links_fk\",\"columns\":[\"user_id\"]},{\"name\":\"up_users_role_links_inv_fk\",\"columns\":[\"role_id\"]},{\"name\":\"up_users_role_links_unique\",\"columns\":[\"user_id\",\"role_id\"],\"type\":\"unique\"},{\"name\":\"up_users_role_links_order_inv_fk\",\"columns\":[\"user_order\"]}],\"foreignKeys\":[{\"name\":\"up_users_role_links_fk\",\"columns\":[\"user_id\"],\"referencedColumns\":[\"id\"],\"referencedTable\":\"up_users\",\"onDelete\":\"CASCADE\"},{\"name\":\"up_users_role_links_inv_fk\",\"columns\":[\"role_id\"],\"referencedColumns\":[\"id\"],\"referencedTable\":\"up_roles\",\"onDelete\":\"CASCADE\"}],\"columns\":[{\"name\":\"id\",\"type\":\"increments\",\"args\":[{\"primary\":true,\"primaryKey\":true}],\"defaultTo\":null,\"notNullable\":true,\"unsigned\":false},{\"name\":\"user_id\",\"type\":\"integer\",\"args\":[],\"defaultTo\":null,\"notNullable\":false,\"unsigned\":true},{\"name\":\"role_id\",\"type\":\"integer\",\"args\":[],\"defaultTo\":null,\"notNullable\":false,\"unsigned\":true},{\"name\":\"user_order\",\"type\":\"double\",\"args\":[],\"defaultTo\":null,\"notNullable\":false,\"unsigned\":true}]},{\"name\":\"announcements_components\",\"indexes\":[{\"name\":\"announcements_field_index\",\"columns\":[\"field\"]},{\"name\":\"announcements_component_type_index\",\"columns\":[\"component_type\"]},{\"name\":\"announcements_entity_fk\",\"columns\":[\"entity_id\"]},{\"name\":\"announcements_unique\",\"columns\":[\"entity_id\",\"component_id\",\"field\",\"component_type\"],\"type\":\"unique\"}],\"foreignKeys\":[{\"name\":\"announcements_entity_fk\",\"columns\":[\"entity_id\"],\"referencedColumns\":[\"id\"],\"referencedTable\":\"announcements\",\"onDelete\":\"CASCADE\"}],\"columns\":[{\"name\":\"id\",\"type\":\"increments\",\"args\":[{\"primary\":true,\"primaryKey\":true}],\"defaultTo\":null,\"notNullable\":true,\"unsigned\":false},{\"name\":\"entity_id\",\"type\":\"integer\",\"args\":[],\"defaultTo\":null,\"notNullable\":false,\"unsigned\":true},{\"name\":\"component_id\",\"type\":\"integer\",\"args\":[],\"defaultTo\":null,\"notNullable\":false,\"unsigned\":true},{\"name\":\"component_type\",\"type\":\"string\",\"args\":[],\"defaultTo\":null,\"notNullable\":false,\"unsigned\":false},{\"name\":\"field\",\"type\":\"string\",\"args\":[],\"defaultTo\":null,\"notNullable\":false,\"unsigned\":false},{\"name\":\"order\",\"type\":\"double\",\"args\":[],\"defaultTo\":null,\"notNullable\":false,\"unsigned\":true}]},{\"name\":\"announcements_localizations_links\",\"indexes\":[{\"name\":\"announcements_localizations_links_fk\",\"columns\":[\"announcement_id\"]},{\"name\":\"announcements_localizations_links_inv_fk\",\"columns\":[\"inv_announcement_id\"]},{\"name\":\"announcements_localizations_links_unique\",\"columns\":[\"announcement_id\",\"inv_announcement_id\"],\"type\":\"unique\"},{\"name\":\"announcements_localizations_links_order_fk\",\"columns\":[\"announcement_order\"]}],\"foreignKeys\":[{\"name\":\"announcements_localizations_links_fk\",\"columns\":[\"announcement_id\"],\"referencedColumns\":[\"id\"],\"referencedTable\":\"announcements\",\"onDelete\":\"CASCADE\"},{\"name\":\"announcements_localizations_links_inv_fk\",\"columns\":[\"inv_announcement_id\"],\"referencedColumns\":[\"id\"],\"referencedTable\":\"announcements\",\"onDelete\":\"CASCADE\"}],\"columns\":[{\"name\":\"id\",\"type\":\"increments\",\"args\":[{\"primary\":true,\"primaryKey\":true}],\"defaultTo\":null,\"notNullable\":true,\"unsigned\":false},{\"name\":\"announcement_id\",\"type\":\"integer\",\"args\":[],\"defaultTo\":null,\"notNullable\":false,\"unsigned\":true},{\"name\":\"inv_announcement_id\",\"type\":\"integer\",\"args\":[],\"defaultTo\":null,\"notNullable\":false,\"unsigned\":true},{\"name\":\"announcement_order\",\"type\":\"double\",\"args\":[],\"defaultTo\":null,\"notNullable\":false,\"unsigned\":true}]},{\"name\":\"authors_localizations_links\",\"indexes\":[{\"name\":\"authors_localizations_links_fk\",\"columns\":[\"author_id\"]},{\"name\":\"authors_localizations_links_inv_fk\",\"columns\":[\"inv_author_id\"]},{\"name\":\"authors_localizations_links_unique\",\"columns\":[\"author_id\",\"inv_author_id\"],\"type\":\"unique\"},{\"name\":\"authors_localizations_links_order_fk\",\"columns\":[\"author_order\"]}],\"foreignKeys\":[{\"name\":\"authors_localizations_links_fk\",\"columns\":[\"author_id\"],\"referencedColumns\":[\"id\"],\"referencedTable\":\"authors\",\"onDelete\":\"CASCADE\"},{\"name\":\"authors_localizations_links_inv_fk\",\"columns\":[\"inv_author_id\"],\"referencedColumns\":[\"id\"],\"referencedTable\":\"authors\",\"onDelete\":\"CASCADE\"}],\"columns\":[{\"name\":\"id\",\"type\":\"increments\",\"args\":[{\"primary\":true,\"primaryKey\":true}],\"defaultTo\":null,\"notNullable\":true,\"unsigned\":false},{\"name\":\"author_id\",\"type\":\"integer\",\"args\":[],\"defaultTo\":null,\"notNullable\":false,\"unsigned\":true},{\"name\":\"inv_author_id\",\"type\":\"integer\",\"args\":[],\"defaultTo\":null,\"notNullable\":false,\"unsigned\":true},{\"name\":\"author_order\",\"type\":\"double\",\"args\":[],\"defaultTo\":null,\"notNullable\":false,\"unsigned\":true}]},{\"name\":\"banners_components\",\"indexes\":[{\"name\":\"banners_field_index\",\"columns\":[\"field\"]},{\"name\":\"banners_component_type_index\",\"columns\":[\"component_type\"]},{\"name\":\"banners_entity_fk\",\"columns\":[\"entity_id\"]},{\"name\":\"banners_unique\",\"columns\":[\"entity_id\",\"component_id\",\"field\",\"component_type\"],\"type\":\"unique\"}],\"foreignKeys\":[{\"name\":\"banners_entity_fk\",\"columns\":[\"entity_id\"],\"referencedColumns\":[\"id\"],\"referencedTable\":\"banners\",\"onDelete\":\"CASCADE\"}],\"columns\":[{\"name\":\"id\",\"type\":\"increments\",\"args\":[{\"primary\":true,\"primaryKey\":true}],\"defaultTo\":null,\"notNullable\":true,\"unsigned\":false},{\"name\":\"entity_id\",\"type\":\"integer\",\"args\":[],\"defaultTo\":null,\"notNullable\":false,\"unsigned\":true},{\"name\":\"component_id\",\"type\":\"integer\",\"args\":[],\"defaultTo\":null,\"notNullable\":false,\"unsigned\":true},{\"name\":\"component_type\",\"type\":\"string\",\"args\":[],\"defaultTo\":null,\"notNullable\":false,\"unsigned\":false},{\"name\":\"field\",\"type\":\"string\",\"args\":[],\"defaultTo\":null,\"notNullable\":false,\"unsigned\":false},{\"name\":\"order\",\"type\":\"double\",\"args\":[],\"defaultTo\":null,\"notNullable\":false,\"unsigned\":true}]},{\"name\":\"banners_placement_links\",\"indexes\":[{\"name\":\"banners_placement_links_fk\",\"columns\":[\"banner_id\"]},{\"name\":\"banners_placement_links_inv_fk\",\"columns\":[\"banner_placement_id\"]},{\"name\":\"banners_placement_links_unique\",\"columns\":[\"banner_id\",\"banner_placement_id\"],\"type\":\"unique\"},{\"name\":\"banners_placement_links_order_inv_fk\",\"columns\":[\"banner_order\"]}],\"foreignKeys\":[{\"name\":\"banners_placement_links_fk\",\"columns\":[\"banner_id\"],\"referencedColumns\":[\"id\"],\"referencedTable\":\"banners\",\"onDelete\":\"CASCADE\"},{\"name\":\"banners_placement_links_inv_fk\",\"columns\":[\"banner_placement_id\"],\"referencedColumns\":[\"id\"],\"referencedTable\":\"banner_placements\",\"onDelete\":\"CASCADE\"}],\"columns\":[{\"name\":\"id\",\"type\":\"increments\",\"args\":[{\"primary\":true,\"primaryKey\":true}],\"defaultTo\":null,\"notNullable\":true,\"unsigned\":false},{\"name\":\"banner_id\",\"type\":\"integer\",\"args\":[],\"defaultTo\":null,\"notNullable\":false,\"unsigned\":true},{\"name\":\"banner_placement_id\",\"type\":\"integer\",\"args\":[],\"defaultTo\":null,\"notNullable\":false,\"unsigned\":true},{\"name\":\"banner_order\",\"type\":\"double\",\"args\":[],\"defaultTo\":null,\"notNullable\":false,\"unsigned\":true}]},{\"name\":\"banners_localizations_links\",\"indexes\":[{\"name\":\"banners_localizations_links_fk\",\"columns\":[\"banner_id\"]},{\"name\":\"banners_localizations_links_inv_fk\",\"columns\":[\"inv_banner_id\"]},{\"name\":\"banners_localizations_links_unique\",\"columns\":[\"banner_id\",\"inv_banner_id\"],\"type\":\"unique\"},{\"name\":\"banners_localizations_links_order_fk\",\"columns\":[\"banner_order\"]}],\"foreignKeys\":[{\"name\":\"banners_localizations_links_fk\",\"columns\":[\"banner_id\"],\"referencedColumns\":[\"id\"],\"referencedTable\":\"banners\",\"onDelete\":\"CASCADE\"},{\"name\":\"banners_localizations_links_inv_fk\",\"columns\":[\"inv_banner_id\"],\"referencedColumns\":[\"id\"],\"referencedTable\":\"banners\",\"onDelete\":\"CASCADE\"}],\"columns\":[{\"name\":\"id\",\"type\":\"increments\",\"args\":[{\"primary\":true,\"primaryKey\":true}],\"defaultTo\":null,\"notNullable\":true,\"unsigned\":false},{\"name\":\"banner_id\",\"type\":\"integer\",\"args\":[],\"defaultTo\":null,\"notNullable\":false,\"unsigned\":true},{\"name\":\"inv_banner_id\",\"type\":\"integer\",\"args\":[],\"defaultTo\":null,\"notNullable\":false,\"unsigned\":true},{\"name\":\"banner_order\",\"type\":\"double\",\"args\":[],\"defaultTo\":null,\"notNullable\":false,\"unsigned\":true}]},{\"name\":\"banner_placements_localizations_links\",\"indexes\":[{\"name\":\"banner_placements_localizations_links_fk\",\"columns\":[\"banner_placement_id\"]},{\"name\":\"banner_placements_localizations_links_inv_fk\",\"columns\":[\"inv_banner_placement_id\"]},{\"name\":\"banner_placements_localizations_links_unique\",\"columns\":[\"banner_placement_id\",\"inv_banner_placement_id\"],\"type\":\"unique\"},{\"name\":\"banner_placements_localizations_links_order_fk\",\"columns\":[\"banner_placement_order\"]}],\"foreignKeys\":[{\"name\":\"banner_placements_localizations_links_fk\",\"columns\":[\"banner_placement_id\"],\"referencedColumns\":[\"id\"],\"referencedTable\":\"banner_placements\",\"onDelete\":\"CASCADE\"},{\"name\":\"banner_placements_localizations_links_inv_fk\",\"columns\":[\"inv_banner_placement_id\"],\"referencedColumns\":[\"id\"],\"referencedTable\":\"banner_placements\",\"onDelete\":\"CASCADE\"}],\"columns\":[{\"name\":\"id\",\"type\":\"increments\",\"args\":[{\"primary\":true,\"primaryKey\":true}],\"defaultTo\":null,\"notNullable\":true,\"unsigned\":false},{\"name\":\"banner_placement_id\",\"type\":\"integer\",\"args\":[],\"defaultTo\":null,\"notNullable\":false,\"unsigned\":true},{\"name\":\"inv_banner_placement_id\",\"type\":\"integer\",\"args\":[],\"defaultTo\":null,\"notNullable\":false,\"unsigned\":true},{\"name\":\"banner_placement_order\",\"type\":\"double\",\"args\":[],\"defaultTo\":null,\"notNullable\":false,\"unsigned\":true}]},{\"name\":\"career_jobs_components\",\"indexes\":[{\"name\":\"career_jobs_field_index\",\"columns\":[\"field\"]},{\"name\":\"career_jobs_component_type_index\",\"columns\":[\"component_type\"]},{\"name\":\"career_jobs_entity_fk\",\"columns\":[\"entity_id\"]},{\"name\":\"career_jobs_unique\",\"columns\":[\"entity_id\",\"component_id\",\"field\",\"component_type\"],\"type\":\"unique\"}],\"foreignKeys\":[{\"name\":\"career_jobs_entity_fk\",\"columns\":[\"entity_id\"],\"referencedColumns\":[\"id\"],\"referencedTable\":\"career_jobs\",\"onDelete\":\"CASCADE\"}],\"columns\":[{\"name\":\"id\",\"type\":\"increments\",\"args\":[{\"primary\":true,\"primaryKey\":true}],\"defaultTo\":null,\"notNullable\":true,\"unsigned\":false},{\"name\":\"entity_id\",\"type\":\"integer\",\"args\":[],\"defaultTo\":null,\"notNullable\":false,\"unsigned\":true},{\"name\":\"component_id\",\"type\":\"integer\",\"args\":[],\"defaultTo\":null,\"notNullable\":false,\"unsigned\":true},{\"name\":\"component_type\",\"type\":\"string\",\"args\":[],\"defaultTo\":null,\"notNullable\":false,\"unsigned\":false},{\"name\":\"field\",\"type\":\"string\",\"args\":[],\"defaultTo\":null,\"notNullable\":false,\"unsigned\":false},{\"name\":\"order\",\"type\":\"double\",\"args\":[],\"defaultTo\":null,\"notNullable\":false,\"unsigned\":true}]},{\"name\":\"career_jobs_employment_type_links\",\"indexes\":[{\"name\":\"career_jobs_employment_type_links_fk\",\"columns\":[\"career_job_id\"]},{\"name\":\"career_jobs_employment_type_links_inv_fk\",\"columns\":[\"employment_type_id\"]},{\"name\":\"career_jobs_employment_type_links_unique\",\"columns\":[\"career_job_id\",\"employment_type_id\"],\"type\":\"unique\"},{\"name\":\"career_jobs_employment_type_links_order_inv_fk\",\"columns\":[\"career_job_order\"]}],\"foreignKeys\":[{\"name\":\"career_jobs_employment_type_links_fk\",\"columns\":[\"career_job_id\"],\"referencedColumns\":[\"id\"],\"referencedTable\":\"career_jobs\",\"onDelete\":\"CASCADE\"},{\"name\":\"career_jobs_employment_type_links_inv_fk\",\"columns\":[\"employment_type_id\"],\"referencedColumns\":[\"id\"],\"referencedTable\":\"employment_types\",\"onDelete\":\"CASCADE\"}],\"columns\":[{\"name\":\"id\",\"type\":\"increments\",\"args\":[{\"primary\":true,\"primaryKey\":true}],\"defaultTo\":null,\"notNullable\":true,\"unsigned\":false},{\"name\":\"career_job_id\",\"type\":\"integer\",\"args\":[],\"defaultTo\":null,\"notNullable\":false,\"unsigned\":true},{\"name\":\"employment_type_id\",\"type\":\"integer\",\"args\":[],\"defaultTo\":null,\"notNullable\":false,\"unsigned\":true},{\"name\":\"career_job_order\",\"type\":\"double\",\"args\":[],\"defaultTo\":null,\"notNullable\":false,\"unsigned\":true}]},{\"name\":\"career_jobs_localizations_links\",\"indexes\":[{\"name\":\"career_jobs_localizations_links_fk\",\"columns\":[\"career_job_id\"]},{\"name\":\"career_jobs_localizations_links_inv_fk\",\"columns\":[\"inv_career_job_id\"]},{\"name\":\"career_jobs_localizations_links_unique\",\"columns\":[\"career_job_id\",\"inv_career_job_id\"],\"type\":\"unique\"},{\"name\":\"career_jobs_localizations_links_order_fk\",\"columns\":[\"career_job_order\"]}],\"foreignKeys\":[{\"name\":\"career_jobs_localizations_links_fk\",\"columns\":[\"career_job_id\"],\"referencedColumns\":[\"id\"],\"referencedTable\":\"career_jobs\",\"onDelete\":\"CASCADE\"},{\"name\":\"career_jobs_localizations_links_inv_fk\",\"columns\":[\"inv_career_job_id\"],\"referencedColumns\":[\"id\"],\"referencedTable\":\"career_jobs\",\"onDelete\":\"CASCADE\"}],\"columns\":[{\"name\":\"id\",\"type\":\"increments\",\"args\":[{\"primary\":true,\"primaryKey\":true}],\"defaultTo\":null,\"notNullable\":true,\"unsigned\":false},{\"name\":\"career_job_id\",\"type\":\"integer\",\"args\":[],\"defaultTo\":null,\"notNullable\":false,\"unsigned\":true},{\"name\":\"inv_career_job_id\",\"type\":\"integer\",\"args\":[],\"defaultTo\":null,\"notNullable\":false,\"unsigned\":true},{\"name\":\"career_job_order\",\"type\":\"double\",\"args\":[],\"defaultTo\":null,\"notNullable\":false,\"unsigned\":true}]},{\"name\":\"contact_page_settings_components\",\"indexes\":[{\"name\":\"contact_page_settings_field_index\",\"columns\":[\"field\"]},{\"name\":\"contact_page_settings_component_type_index\",\"columns\":[\"component_type\"]},{\"name\":\"contact_page_settings_entity_fk\",\"columns\":[\"entity_id\"]},{\"name\":\"contact_page_settings_unique\",\"columns\":[\"entity_id\",\"component_id\",\"field\",\"component_type\"],\"type\":\"unique\"}],\"foreignKeys\":[{\"name\":\"contact_page_settings_entity_fk\",\"columns\":[\"entity_id\"],\"referencedColumns\":[\"id\"],\"referencedTable\":\"contact_page_settings\",\"onDelete\":\"CASCADE\"}],\"columns\":[{\"name\":\"id\",\"type\":\"increments\",\"args\":[{\"primary\":true,\"primaryKey\":true}],\"defaultTo\":null,\"notNullable\":true,\"unsigned\":false},{\"name\":\"entity_id\",\"type\":\"integer\",\"args\":[],\"defaultTo\":null,\"notNullable\":false,\"unsigned\":true},{\"name\":\"component_id\",\"type\":\"integer\",\"args\":[],\"defaultTo\":null,\"notNullable\":false,\"unsigned\":true},{\"name\":\"component_type\",\"type\":\"string\",\"args\":[],\"defaultTo\":null,\"notNullable\":false,\"unsigned\":false},{\"name\":\"field\",\"type\":\"string\",\"args\":[],\"defaultTo\":null,\"notNullable\":false,\"unsigned\":false},{\"name\":\"order\",\"type\":\"double\",\"args\":[],\"defaultTo\":null,\"notNullable\":false,\"unsigned\":true}]},{\"name\":\"contact_page_settings_localizations_links\",\"indexes\":[{\"name\":\"contact_page_settings_localizations_links_fk\",\"columns\":[\"contact_page_setting_id\"]},{\"name\":\"contact_page_settings_localizations_links_inv_fk\",\"columns\":[\"inv_contact_page_setting_id\"]},{\"name\":\"contact_page_settings_localizations_links_unique\",\"columns\":[\"contact_page_setting_id\",\"inv_contact_page_setting_id\"],\"type\":\"unique\"},{\"name\":\"contact_page_settings_localizations_links_order_fk\",\"columns\":[\"contact_page_setting_order\"]}],\"foreignKeys\":[{\"name\":\"contact_page_settings_localizations_links_fk\",\"columns\":[\"contact_page_setting_id\"],\"referencedColumns\":[\"id\"],\"referencedTable\":\"contact_page_settings\",\"onDelete\":\"CASCADE\"},{\"name\":\"contact_page_settings_localizations_links_inv_fk\",\"columns\":[\"inv_contact_page_setting_id\"],\"referencedColumns\":[\"id\"],\"referencedTable\":\"contact_page_settings\",\"onDelete\":\"CASCADE\"}],\"columns\":[{\"name\":\"id\",\"type\":\"increments\",\"args\":[{\"primary\":true,\"primaryKey\":true}],\"defaultTo\":null,\"notNullable\":true,\"unsigned\":false},{\"name\":\"contact_page_setting_id\",\"type\":\"integer\",\"args\":[],\"defaultTo\":null,\"notNullable\":false,\"unsigned\":true},{\"name\":\"inv_contact_page_setting_id\",\"type\":\"integer\",\"args\":[],\"defaultTo\":null,\"notNullable\":false,\"unsigned\":true},{\"name\":\"contact_page_setting_order\",\"type\":\"double\",\"args\":[],\"defaultTo\":null,\"notNullable\":false,\"unsigned\":true}]},{\"name\":\"document_categories_localizations_links\",\"indexes\":[{\"name\":\"document_categories_localizations_links_fk\",\"columns\":[\"document_category_id\"]},{\"name\":\"document_categories_localizations_links_inv_fk\",\"columns\":[\"inv_document_category_id\"]},{\"name\":\"document_categories_localizations_links_unique\",\"columns\":[\"document_category_id\",\"inv_document_category_id\"],\"type\":\"unique\"},{\"name\":\"document_categories_localizations_links_order_fk\",\"columns\":[\"document_category_order\"]}],\"foreignKeys\":[{\"name\":\"document_categories_localizations_links_fk\",\"columns\":[\"document_category_id\"],\"referencedColumns\":[\"id\"],\"referencedTable\":\"document_categories\",\"onDelete\":\"CASCADE\"},{\"name\":\"document_categories_localizations_links_inv_fk\",\"columns\":[\"inv_document_category_id\"],\"referencedColumns\":[\"id\"],\"referencedTable\":\"document_categories\",\"onDelete\":\"CASCADE\"}],\"columns\":[{\"name\":\"id\",\"type\":\"increments\",\"args\":[{\"primary\":true,\"primaryKey\":true}],\"defaultTo\":null,\"notNullable\":true,\"unsigned\":false},{\"name\":\"document_category_id\",\"type\":\"integer\",\"args\":[],\"defaultTo\":null,\"notNullable\":false,\"unsigned\":true},{\"name\":\"inv_document_category_id\",\"type\":\"integer\",\"args\":[],\"defaultTo\":null,\"notNullable\":false,\"unsigned\":true},{\"name\":\"document_category_order\",\"type\":\"double\",\"args\":[],\"defaultTo\":null,\"notNullable\":false,\"unsigned\":true}]},{\"name\":\"downloadable_documents_document_category_links\",\"indexes\":[{\"name\":\"downloadable_documents_document_category_links_fk\",\"columns\":[\"downloadable_document_id\"]},{\"name\":\"downloadable_documents_document_category_links_inv_fk\",\"columns\":[\"document_category_id\"]},{\"name\":\"downloadable_documents_document_category_links_unique\",\"columns\":[\"downloadable_document_id\",\"document_category_id\"],\"type\":\"unique\"},{\"name\":\"downloadable_documents_document_category_links_order_inv_fk\",\"columns\":[\"downloadable_document_order\"]}],\"foreignKeys\":[{\"name\":\"downloadable_documents_document_category_links_fk\",\"columns\":[\"downloadable_document_id\"],\"referencedColumns\":[\"id\"],\"referencedTable\":\"downloadable_documents\",\"onDelete\":\"CASCADE\"},{\"name\":\"downloadable_documents_document_category_links_inv_fk\",\"columns\":[\"document_category_id\"],\"referencedColumns\":[\"id\"],\"referencedTable\":\"document_categories\",\"onDelete\":\"CASCADE\"}],\"columns\":[{\"name\":\"id\",\"type\":\"increments\",\"args\":[{\"primary\":true,\"primaryKey\":true}],\"defaultTo\":null,\"notNullable\":true,\"unsigned\":false},{\"name\":\"downloadable_document_id\",\"type\":\"integer\",\"args\":[],\"defaultTo\":null,\"notNullable\":false,\"unsigned\":true},{\"name\":\"document_category_id\",\"type\":\"integer\",\"args\":[],\"defaultTo\":null,\"notNullable\":false,\"unsigned\":true},{\"name\":\"downloadable_document_order\",\"type\":\"double\",\"args\":[],\"defaultTo\":null,\"notNullable\":false,\"unsigned\":true}]},{\"name\":\"downloadable_documents_localizations_links\",\"indexes\":[{\"name\":\"downloadable_documents_localizations_links_fk\",\"columns\":[\"downloadable_document_id\"]},{\"name\":\"downloadable_documents_localizations_links_inv_fk\",\"columns\":[\"inv_downloadable_document_id\"]},{\"name\":\"downloadable_documents_localizations_links_unique\",\"columns\":[\"downloadable_document_id\",\"inv_downloadable_document_id\"],\"type\":\"unique\"},{\"name\":\"downloadable_documents_localizations_links_order_fk\",\"columns\":[\"downloadable_document_order\"]}],\"foreignKeys\":[{\"name\":\"downloadable_documents_localizations_links_fk\",\"columns\":[\"downloadable_document_id\"],\"referencedColumns\":[\"id\"],\"referencedTable\":\"downloadable_documents\",\"onDelete\":\"CASCADE\"},{\"name\":\"downloadable_documents_localizations_links_inv_fk\",\"columns\":[\"inv_downloadable_document_id\"],\"referencedColumns\":[\"id\"],\"referencedTable\":\"downloadable_documents\",\"onDelete\":\"CASCADE\"}],\"columns\":[{\"name\":\"id\",\"type\":\"increments\",\"args\":[{\"primary\":true,\"primaryKey\":true}],\"defaultTo\":null,\"notNullable\":true,\"unsigned\":false},{\"name\":\"downloadable_document_id\",\"type\":\"integer\",\"args\":[],\"defaultTo\":null,\"notNullable\":false,\"unsigned\":true},{\"name\":\"inv_downloadable_document_id\",\"type\":\"integer\",\"args\":[],\"defaultTo\":null,\"notNullable\":false,\"unsigned\":true},{\"name\":\"downloadable_document_order\",\"type\":\"double\",\"args\":[],\"defaultTo\":null,\"notNullable\":false,\"unsigned\":true}]},{\"name\":\"employment_types_localizations_links\",\"indexes\":[{\"name\":\"employment_types_localizations_links_fk\",\"columns\":[\"employment_type_id\"]},{\"name\":\"employment_types_localizations_links_inv_fk\",\"columns\":[\"inv_employment_type_id\"]},{\"name\":\"employment_types_localizations_links_unique\",\"columns\":[\"employment_type_id\",\"inv_employment_type_id\"],\"type\":\"unique\"},{\"name\":\"employment_types_localizations_links_order_fk\",\"columns\":[\"employment_type_order\"]}],\"foreignKeys\":[{\"name\":\"employment_types_localizations_links_fk\",\"columns\":[\"employment_type_id\"],\"referencedColumns\":[\"id\"],\"referencedTable\":\"employment_types\",\"onDelete\":\"CASCADE\"},{\"name\":\"employment_types_localizations_links_inv_fk\",\"columns\":[\"inv_employment_type_id\"],\"referencedColumns\":[\"id\"],\"referencedTable\":\"employment_types\",\"onDelete\":\"CASCADE\"}],\"columns\":[{\"name\":\"id\",\"type\":\"increments\",\"args\":[{\"primary\":true,\"primaryKey\":true}],\"defaultTo\":null,\"notNullable\":true,\"unsigned\":false},{\"name\":\"employment_type_id\",\"type\":\"integer\",\"args\":[],\"defaultTo\":null,\"notNullable\":false,\"unsigned\":true},{\"name\":\"inv_employment_type_id\",\"type\":\"integer\",\"args\":[],\"defaultTo\":null,\"notNullable\":false,\"unsigned\":true},{\"name\":\"employment_type_order\",\"type\":\"double\",\"args\":[],\"defaultTo\":null,\"notNullable\":false,\"unsigned\":true}]},{\"name\":\"events_components\",\"indexes\":[{\"name\":\"events_field_index\",\"columns\":[\"field\"]},{\"name\":\"events_component_type_index\",\"columns\":[\"component_type\"]},{\"name\":\"events_entity_fk\",\"columns\":[\"entity_id\"]},{\"name\":\"events_unique\",\"columns\":[\"entity_id\",\"component_id\",\"field\",\"component_type\"],\"type\":\"unique\"}],\"foreignKeys\":[{\"name\":\"events_entity_fk\",\"columns\":[\"entity_id\"],\"referencedColumns\":[\"id\"],\"referencedTable\":\"events\",\"onDelete\":\"CASCADE\"}],\"columns\":[{\"name\":\"id\",\"type\":\"increments\",\"args\":[{\"primary\":true,\"primaryKey\":true}],\"defaultTo\":null,\"notNullable\":true,\"unsigned\":false},{\"name\":\"entity_id\",\"type\":\"integer\",\"args\":[],\"defaultTo\":null,\"notNullable\":false,\"unsigned\":true},{\"name\":\"component_id\",\"type\":\"integer\",\"args\":[],\"defaultTo\":null,\"notNullable\":false,\"unsigned\":true},{\"name\":\"component_type\",\"type\":\"string\",\"args\":[],\"defaultTo\":null,\"notNullable\":false,\"unsigned\":false},{\"name\":\"field\",\"type\":\"string\",\"args\":[],\"defaultTo\":null,\"notNullable\":false,\"unsigned\":false},{\"name\":\"order\",\"type\":\"double\",\"args\":[],\"defaultTo\":null,\"notNullable\":false,\"unsigned\":true}]},{\"name\":\"events_category_links\",\"indexes\":[{\"name\":\"events_category_links_fk\",\"columns\":[\"event_id\"]},{\"name\":\"events_category_links_inv_fk\",\"columns\":[\"event_category_id\"]},{\"name\":\"events_category_links_unique\",\"columns\":[\"event_id\",\"event_category_id\"],\"type\":\"unique\"},{\"name\":\"events_category_links_order_inv_fk\",\"columns\":[\"event_order\"]}],\"foreignKeys\":[{\"name\":\"events_category_links_fk\",\"columns\":[\"event_id\"],\"referencedColumns\":[\"id\"],\"referencedTable\":\"events\",\"onDelete\":\"CASCADE\"},{\"name\":\"events_category_links_inv_fk\",\"columns\":[\"event_category_id\"],\"referencedColumns\":[\"id\"],\"referencedTable\":\"event_categories\",\"onDelete\":\"CASCADE\"}],\"columns\":[{\"name\":\"id\",\"type\":\"increments\",\"args\":[{\"primary\":true,\"primaryKey\":true}],\"defaultTo\":null,\"notNullable\":true,\"unsigned\":false},{\"name\":\"event_id\",\"type\":\"integer\",\"args\":[],\"defaultTo\":null,\"notNullable\":false,\"unsigned\":true},{\"name\":\"event_category_id\",\"type\":\"integer\",\"args\":[],\"defaultTo\":null,\"notNullable\":false,\"unsigned\":true},{\"name\":\"event_order\",\"type\":\"double\",\"args\":[],\"defaultTo\":null,\"notNullable\":false,\"unsigned\":true}]},{\"name\":\"events_tags_links\",\"indexes\":[{\"name\":\"events_tags_links_fk\",\"columns\":[\"event_id\"]},{\"name\":\"events_tags_links_inv_fk\",\"columns\":[\"tag_id\"]},{\"name\":\"events_tags_links_unique\",\"columns\":[\"event_id\",\"tag_id\"],\"type\":\"unique\"},{\"name\":\"events_tags_links_order_fk\",\"columns\":[\"tag_order\"]}],\"foreignKeys\":[{\"name\":\"events_tags_links_fk\",\"columns\":[\"event_id\"],\"referencedColumns\":[\"id\"],\"referencedTable\":\"events\",\"onDelete\":\"CASCADE\"},{\"name\":\"events_tags_links_inv_fk\",\"columns\":[\"tag_id\"],\"referencedColumns\":[\"id\"],\"referencedTable\":\"tags\",\"onDelete\":\"CASCADE\"}],\"columns\":[{\"name\":\"id\",\"type\":\"increments\",\"args\":[{\"primary\":true,\"primaryKey\":true}],\"defaultTo\":null,\"notNullable\":true,\"unsigned\":false},{\"name\":\"event_id\",\"type\":\"integer\",\"args\":[],\"defaultTo\":null,\"notNullable\":false,\"unsigned\":true},{\"name\":\"tag_id\",\"type\":\"integer\",\"args\":[],\"defaultTo\":null,\"notNullable\":false,\"unsigned\":true},{\"name\":\"tag_order\",\"type\":\"double\",\"args\":[],\"defaultTo\":null,\"notNullable\":false,\"unsigned\":true}]},{\"name\":\"events_localizations_links\",\"indexes\":[{\"name\":\"events_localizations_links_fk\",\"columns\":[\"event_id\"]},{\"name\":\"events_localizations_links_inv_fk\",\"columns\":[\"inv_event_id\"]},{\"name\":\"events_localizations_links_unique\",\"columns\":[\"event_id\",\"inv_event_id\"],\"type\":\"unique\"},{\"name\":\"events_localizations_links_order_fk\",\"columns\":[\"event_order\"]}],\"foreignKeys\":[{\"name\":\"events_localizations_links_fk\",\"columns\":[\"event_id\"],\"referencedColumns\":[\"id\"],\"referencedTable\":\"events\",\"onDelete\":\"CASCADE\"},{\"name\":\"events_localizations_links_inv_fk\",\"columns\":[\"inv_event_id\"],\"referencedColumns\":[\"id\"],\"referencedTable\":\"events\",\"onDelete\":\"CASCADE\"}],\"columns\":[{\"name\":\"id\",\"type\":\"increments\",\"args\":[{\"primary\":true,\"primaryKey\":true}],\"defaultTo\":null,\"notNullable\":true,\"unsigned\":false},{\"name\":\"event_id\",\"type\":\"integer\",\"args\":[],\"defaultTo\":null,\"notNullable\":false,\"unsigned\":true},{\"name\":\"inv_event_id\",\"type\":\"integer\",\"args\":[],\"defaultTo\":null,\"notNullable\":false,\"unsigned\":true},{\"name\":\"event_order\",\"type\":\"double\",\"args\":[],\"defaultTo\":null,\"notNullable\":false,\"unsigned\":true}]},{\"name\":\"event_categories_localizations_links\",\"indexes\":[{\"name\":\"event_categories_localizations_links_fk\",\"columns\":[\"event_category_id\"]},{\"name\":\"event_categories_localizations_links_inv_fk\",\"columns\":[\"inv_event_category_id\"]},{\"name\":\"event_categories_localizations_links_unique\",\"columns\":[\"event_category_id\",\"inv_event_category_id\"],\"type\":\"unique\"},{\"name\":\"event_categories_localizations_links_order_fk\",\"columns\":[\"event_category_order\"]}],\"foreignKeys\":[{\"name\":\"event_categories_localizations_links_fk\",\"columns\":[\"event_category_id\"],\"referencedColumns\":[\"id\"],\"referencedTable\":\"event_categories\",\"onDelete\":\"CASCADE\"},{\"name\":\"event_categories_localizations_links_inv_fk\",\"columns\":[\"inv_event_category_id\"],\"referencedColumns\":[\"id\"],\"referencedTable\":\"event_categories\",\"onDelete\":\"CASCADE\"}],\"columns\":[{\"name\":\"id\",\"type\":\"increments\",\"args\":[{\"primary\":true,\"primaryKey\":true}],\"defaultTo\":null,\"notNullable\":true,\"unsigned\":false},{\"name\":\"event_category_id\",\"type\":\"integer\",\"args\":[],\"defaultTo\":null,\"notNullable\":false,\"unsigned\":true},{\"name\":\"inv_event_category_id\",\"type\":\"integer\",\"args\":[],\"defaultTo\":null,\"notNullable\":false,\"unsigned\":true},{\"name\":\"event_category_order\",\"type\":\"double\",\"args\":[],\"defaultTo\":null,\"notNullable\":false,\"unsigned\":true}]},{\"name\":\"faq_categories_localizations_links\",\"indexes\":[{\"name\":\"faq_categories_localizations_links_fk\",\"columns\":[\"faq_category_id\"]},{\"name\":\"faq_categories_localizations_links_inv_fk\",\"columns\":[\"inv_faq_category_id\"]},{\"name\":\"faq_categories_localizations_links_unique\",\"columns\":[\"faq_category_id\",\"inv_faq_category_id\"],\"type\":\"unique\"},{\"name\":\"faq_categories_localizations_links_order_fk\",\"columns\":[\"faq_category_order\"]}],\"foreignKeys\":[{\"name\":\"faq_categories_localizations_links_fk\",\"columns\":[\"faq_category_id\"],\"referencedColumns\":[\"id\"],\"referencedTable\":\"faq_categories\",\"onDelete\":\"CASCADE\"},{\"name\":\"faq_categories_localizations_links_inv_fk\",\"columns\":[\"inv_faq_category_id\"],\"referencedColumns\":[\"id\"],\"referencedTable\":\"faq_categories\",\"onDelete\":\"CASCADE\"}],\"columns\":[{\"name\":\"id\",\"type\":\"increments\",\"args\":[{\"primary\":true,\"primaryKey\":true}],\"defaultTo\":null,\"notNullable\":true,\"unsigned\":false},{\"name\":\"faq_category_id\",\"type\":\"integer\",\"args\":[],\"defaultTo\":null,\"notNullable\":false,\"unsigned\":true},{\"name\":\"inv_faq_category_id\",\"type\":\"integer\",\"args\":[],\"defaultTo\":null,\"notNullable\":false,\"unsigned\":true},{\"name\":\"faq_category_order\",\"type\":\"double\",\"args\":[],\"defaultTo\":null,\"notNullable\":false,\"unsigned\":true}]},{\"name\":\"faq_items_components\",\"indexes\":[{\"name\":\"faq_items_field_index\",\"columns\":[\"field\"]},{\"name\":\"faq_items_component_type_index\",\"columns\":[\"component_type\"]},{\"name\":\"faq_items_entity_fk\",\"columns\":[\"entity_id\"]},{\"name\":\"faq_items_unique\",\"columns\":[\"entity_id\",\"component_id\",\"field\",\"component_type\"],\"type\":\"unique\"}],\"foreignKeys\":[{\"name\":\"faq_items_entity_fk\",\"columns\":[\"entity_id\"],\"referencedColumns\":[\"id\"],\"referencedTable\":\"faq_items\",\"onDelete\":\"CASCADE\"}],\"columns\":[{\"name\":\"id\",\"type\":\"increments\",\"args\":[{\"primary\":true,\"primaryKey\":true}],\"defaultTo\":null,\"notNullable\":true,\"unsigned\":false},{\"name\":\"entity_id\",\"type\":\"integer\",\"args\":[],\"defaultTo\":null,\"notNullable\":false,\"unsigned\":true},{\"name\":\"component_id\",\"type\":\"integer\",\"args\":[],\"defaultTo\":null,\"notNullable\":false,\"unsigned\":true},{\"name\":\"component_type\",\"type\":\"string\",\"args\":[],\"defaultTo\":null,\"notNullable\":false,\"unsigned\":false},{\"name\":\"field\",\"type\":\"string\",\"args\":[],\"defaultTo\":null,\"notNullable\":false,\"unsigned\":false},{\"name\":\"order\",\"type\":\"double\",\"args\":[],\"defaultTo\":null,\"notNullable\":false,\"unsigned\":true}]},{\"name\":\"faq_items_category_links\",\"indexes\":[{\"name\":\"faq_items_category_links_fk\",\"columns\":[\"faq_item_id\"]},{\"name\":\"faq_items_category_links_inv_fk\",\"columns\":[\"faq_category_id\"]},{\"name\":\"faq_items_category_links_unique\",\"columns\":[\"faq_item_id\",\"faq_category_id\"],\"type\":\"unique\"},{\"name\":\"faq_items_category_links_order_inv_fk\",\"columns\":[\"faq_item_order\"]}],\"foreignKeys\":[{\"name\":\"faq_items_category_links_fk\",\"columns\":[\"faq_item_id\"],\"referencedColumns\":[\"id\"],\"referencedTable\":\"faq_items\",\"onDelete\":\"CASCADE\"},{\"name\":\"faq_items_category_links_inv_fk\",\"columns\":[\"faq_category_id\"],\"referencedColumns\":[\"id\"],\"referencedTable\":\"faq_categories\",\"onDelete\":\"CASCADE\"}],\"columns\":[{\"name\":\"id\",\"type\":\"increments\",\"args\":[{\"primary\":true,\"primaryKey\":true}],\"defaultTo\":null,\"notNullable\":true,\"unsigned\":false},{\"name\":\"faq_item_id\",\"type\":\"integer\",\"args\":[],\"defaultTo\":null,\"notNullable\":false,\"unsigned\":true},{\"name\":\"faq_category_id\",\"type\":\"integer\",\"args\":[],\"defaultTo\":null,\"notNullable\":false,\"unsigned\":true},{\"name\":\"faq_item_order\",\"type\":\"double\",\"args\":[],\"defaultTo\":null,\"notNullable\":false,\"unsigned\":true}]},{\"name\":\"faq_items_localizations_links\",\"indexes\":[{\"name\":\"faq_items_localizations_links_fk\",\"columns\":[\"faq_item_id\"]},{\"name\":\"faq_items_localizations_links_inv_fk\",\"columns\":[\"inv_faq_item_id\"]},{\"name\":\"faq_items_localizations_links_unique\",\"columns\":[\"faq_item_id\",\"inv_faq_item_id\"],\"type\":\"unique\"},{\"name\":\"faq_items_localizations_links_order_fk\",\"columns\":[\"faq_item_order\"]}],\"foreignKeys\":[{\"name\":\"faq_items_localizations_links_fk\",\"columns\":[\"faq_item_id\"],\"referencedColumns\":[\"id\"],\"referencedTable\":\"faq_items\",\"onDelete\":\"CASCADE\"},{\"name\":\"faq_items_localizations_links_inv_fk\",\"columns\":[\"inv_faq_item_id\"],\"referencedColumns\":[\"id\"],\"referencedTable\":\"faq_items\",\"onDelete\":\"CASCADE\"}],\"columns\":[{\"name\":\"id\",\"type\":\"increments\",\"args\":[{\"primary\":true,\"primaryKey\":true}],\"defaultTo\":null,\"notNullable\":true,\"unsigned\":false},{\"name\":\"faq_item_id\",\"type\":\"integer\",\"args\":[],\"defaultTo\":null,\"notNullable\":false,\"unsigned\":true},{\"name\":\"inv_faq_item_id\",\"type\":\"integer\",\"args\":[],\"defaultTo\":null,\"notNullable\":false,\"unsigned\":true},{\"name\":\"faq_item_order\",\"type\":\"double\",\"args\":[],\"defaultTo\":null,\"notNullable\":false,\"unsigned\":true}]},{\"name\":\"footer_navigations_components\",\"indexes\":[{\"name\":\"footer_navigations_field_index\",\"columns\":[\"field\"]},{\"name\":\"footer_navigations_component_type_index\",\"columns\":[\"component_type\"]},{\"name\":\"footer_navigations_entity_fk\",\"columns\":[\"entity_id\"]},{\"name\":\"footer_navigations_unique\",\"columns\":[\"entity_id\",\"component_id\",\"field\",\"component_type\"],\"type\":\"unique\"}],\"foreignKeys\":[{\"name\":\"footer_navigations_entity_fk\",\"columns\":[\"entity_id\"],\"referencedColumns\":[\"id\"],\"referencedTable\":\"footer_navigations\",\"onDelete\":\"CASCADE\"}],\"columns\":[{\"name\":\"id\",\"type\":\"increments\",\"args\":[{\"primary\":true,\"primaryKey\":true}],\"defaultTo\":null,\"notNullable\":true,\"unsigned\":false},{\"name\":\"entity_id\",\"type\":\"integer\",\"args\":[],\"defaultTo\":null,\"notNullable\":false,\"unsigned\":true},{\"name\":\"component_id\",\"type\":\"integer\",\"args\":[],\"defaultTo\":null,\"notNullable\":false,\"unsigned\":true},{\"name\":\"component_type\",\"type\":\"string\",\"args\":[],\"defaultTo\":null,\"notNullable\":false,\"unsigned\":false},{\"name\":\"field\",\"type\":\"string\",\"args\":[],\"defaultTo\":null,\"notNullable\":false,\"unsigned\":false},{\"name\":\"order\",\"type\":\"double\",\"args\":[],\"defaultTo\":null,\"notNullable\":false,\"unsigned\":true}]},{\"name\":\"footer_navigations_localizations_links\",\"indexes\":[{\"name\":\"footer_navigations_localizations_links_fk\",\"columns\":[\"footer_navigation_id\"]},{\"name\":\"footer_navigations_localizations_links_inv_fk\",\"columns\":[\"inv_footer_navigation_id\"]},{\"name\":\"footer_navigations_localizations_links_unique\",\"columns\":[\"footer_navigation_id\",\"inv_footer_navigation_id\"],\"type\":\"unique\"},{\"name\":\"footer_navigations_localizations_links_order_fk\",\"columns\":[\"footer_navigation_order\"]}],\"foreignKeys\":[{\"name\":\"footer_navigations_localizations_links_fk\",\"columns\":[\"footer_navigation_id\"],\"referencedColumns\":[\"id\"],\"referencedTable\":\"footer_navigations\",\"onDelete\":\"CASCADE\"},{\"name\":\"footer_navigations_localizations_links_inv_fk\",\"columns\":[\"inv_footer_navigation_id\"],\"referencedColumns\":[\"id\"],\"referencedTable\":\"footer_navigations\",\"onDelete\":\"CASCADE\"}],\"columns\":[{\"name\":\"id\",\"type\":\"increments\",\"args\":[{\"primary\":true,\"primaryKey\":true}],\"defaultTo\":null,\"notNullable\":true,\"unsigned\":false},{\"name\":\"footer_navigation_id\",\"type\":\"integer\",\"args\":[],\"defaultTo\":null,\"notNullable\":false,\"unsigned\":true},{\"name\":\"inv_footer_navigation_id\",\"type\":\"integer\",\"args\":[],\"defaultTo\":null,\"notNullable\":false,\"unsigned\":true},{\"name\":\"footer_navigation_order\",\"type\":\"double\",\"args\":[],\"defaultTo\":null,\"notNullable\":false,\"unsigned\":true}]},{\"name\":\"global_settings_components\",\"indexes\":[{\"name\":\"global_settings_field_index\",\"columns\":[\"field\"]},{\"name\":\"global_settings_component_type_index\",\"columns\":[\"component_type\"]},{\"name\":\"global_settings_entity_fk\",\"columns\":[\"entity_id\"]},{\"name\":\"global_settings_unique\",\"columns\":[\"entity_id\",\"component_id\",\"field\",\"component_type\"],\"type\":\"unique\"}],\"foreignKeys\":[{\"name\":\"global_settings_entity_fk\",\"columns\":[\"entity_id\"],\"referencedColumns\":[\"id\"],\"referencedTable\":\"global_settings\",\"onDelete\":\"CASCADE\"}],\"columns\":[{\"name\":\"id\",\"type\":\"increments\",\"args\":[{\"primary\":true,\"primaryKey\":true}],\"defaultTo\":null,\"notNullable\":true,\"unsigned\":false},{\"name\":\"entity_id\",\"type\":\"integer\",\"args\":[],\"defaultTo\":null,\"notNullable\":false,\"unsigned\":true},{\"name\":\"component_id\",\"type\":\"integer\",\"args\":[],\"defaultTo\":null,\"notNullable\":false,\"unsigned\":true},{\"name\":\"component_type\",\"type\":\"string\",\"args\":[],\"defaultTo\":null,\"notNullable\":false,\"unsigned\":false},{\"name\":\"field\",\"type\":\"string\",\"args\":[],\"defaultTo\":null,\"notNullable\":false,\"unsigned\":false},{\"name\":\"order\",\"type\":\"double\",\"args\":[],\"defaultTo\":null,\"notNullable\":false,\"unsigned\":true}]},{\"name\":\"global_settings_localizations_links\",\"indexes\":[{\"name\":\"global_settings_localizations_links_fk\",\"columns\":[\"global_setting_id\"]},{\"name\":\"global_settings_localizations_links_inv_fk\",\"columns\":[\"inv_global_setting_id\"]},{\"name\":\"global_settings_localizations_links_unique\",\"columns\":[\"global_setting_id\",\"inv_global_setting_id\"],\"type\":\"unique\"},{\"name\":\"global_settings_localizations_links_order_fk\",\"columns\":[\"global_setting_order\"]}],\"foreignKeys\":[{\"name\":\"global_settings_localizations_links_fk\",\"columns\":[\"global_setting_id\"],\"referencedColumns\":[\"id\"],\"referencedTable\":\"global_settings\",\"onDelete\":\"CASCADE\"},{\"name\":\"global_settings_localizations_links_inv_fk\",\"columns\":[\"inv_global_setting_id\"],\"referencedColumns\":[\"id\"],\"referencedTable\":\"global_settings\",\"onDelete\":\"CASCADE\"}],\"columns\":[{\"name\":\"id\",\"type\":\"increments\",\"args\":[{\"primary\":true,\"primaryKey\":true}],\"defaultTo\":null,\"notNullable\":true,\"unsigned\":false},{\"name\":\"global_setting_id\",\"type\":\"integer\",\"args\":[],\"defaultTo\":null,\"notNullable\":false,\"unsigned\":true},{\"name\":\"inv_global_setting_id\",\"type\":\"integer\",\"args\":[],\"defaultTo\":null,\"notNullable\":false,\"unsigned\":true},{\"name\":\"global_setting_order\",\"type\":\"double\",\"args\":[],\"defaultTo\":null,\"notNullable\":false,\"unsigned\":true}]},{\"name\":\"header_navigations_components\",\"indexes\":[{\"name\":\"header_navigations_field_index\",\"columns\":[\"field\"]},{\"name\":\"header_navigations_component_type_index\",\"columns\":[\"component_type\"]},{\"name\":\"header_navigations_entity_fk\",\"columns\":[\"entity_id\"]},{\"name\":\"header_navigations_unique\",\"columns\":[\"entity_id\",\"component_id\",\"field\",\"component_type\"],\"type\":\"unique\"}],\"foreignKeys\":[{\"name\":\"header_navigations_entity_fk\",\"columns\":[\"entity_id\"],\"referencedColumns\":[\"id\"],\"referencedTable\":\"header_navigations\",\"onDelete\":\"CASCADE\"}],\"columns\":[{\"name\":\"id\",\"type\":\"increments\",\"args\":[{\"primary\":true,\"primaryKey\":true}],\"defaultTo\":null,\"notNullable\":true,\"unsigned\":false},{\"name\":\"entity_id\",\"type\":\"integer\",\"args\":[],\"defaultTo\":null,\"notNullable\":false,\"unsigned\":true},{\"name\":\"component_id\",\"type\":\"integer\",\"args\":[],\"defaultTo\":null,\"notNullable\":false,\"unsigned\":true},{\"name\":\"component_type\",\"type\":\"string\",\"args\":[],\"defaultTo\":null,\"notNullable\":false,\"unsigned\":false},{\"name\":\"field\",\"type\":\"string\",\"args\":[],\"defaultTo\":null,\"notNullable\":false,\"unsigned\":false},{\"name\":\"order\",\"type\":\"double\",\"args\":[],\"defaultTo\":null,\"notNullable\":false,\"unsigned\":true}]},{\"name\":\"header_navigations_localizations_links\",\"indexes\":[{\"name\":\"header_navigations_localizations_links_fk\",\"columns\":[\"header_navigation_id\"]},{\"name\":\"header_navigations_localizations_links_inv_fk\",\"columns\":[\"inv_header_navigation_id\"]},{\"name\":\"header_navigations_localizations_links_unique\",\"columns\":[\"header_navigation_id\",\"inv_header_navigation_id\"],\"type\":\"unique\"},{\"name\":\"header_navigations_localizations_links_order_fk\",\"columns\":[\"header_navigation_order\"]}],\"foreignKeys\":[{\"name\":\"header_navigations_localizations_links_fk\",\"columns\":[\"header_navigation_id\"],\"referencedColumns\":[\"id\"],\"referencedTable\":\"header_navigations\",\"onDelete\":\"CASCADE\"},{\"name\":\"header_navigations_localizations_links_inv_fk\",\"columns\":[\"inv_header_navigation_id\"],\"referencedColumns\":[\"id\"],\"referencedTable\":\"header_navigations\",\"onDelete\":\"CASCADE\"}],\"columns\":[{\"name\":\"id\",\"type\":\"increments\",\"args\":[{\"primary\":true,\"primaryKey\":true}],\"defaultTo\":null,\"notNullable\":true,\"unsigned\":false},{\"name\":\"header_navigation_id\",\"type\":\"integer\",\"args\":[],\"defaultTo\":null,\"notNullable\":false,\"unsigned\":true},{\"name\":\"inv_header_navigation_id\",\"type\":\"integer\",\"args\":[],\"defaultTo\":null,\"notNullable\":false,\"unsigned\":true},{\"name\":\"header_navigation_order\",\"type\":\"double\",\"args\":[],\"defaultTo\":null,\"notNullable\":false,\"unsigned\":true}]},{\"name\":\"homepages_components\",\"indexes\":[{\"name\":\"homepages_field_index\",\"columns\":[\"field\"]},{\"name\":\"homepages_component_type_index\",\"columns\":[\"component_type\"]},{\"name\":\"homepages_entity_fk\",\"columns\":[\"entity_id\"]},{\"name\":\"homepages_unique\",\"columns\":[\"entity_id\",\"component_id\",\"field\",\"component_type\"],\"type\":\"unique\"}],\"foreignKeys\":[{\"name\":\"homepages_entity_fk\",\"columns\":[\"entity_id\"],\"referencedColumns\":[\"id\"],\"referencedTable\":\"homepages\",\"onDelete\":\"CASCADE\"}],\"columns\":[{\"name\":\"id\",\"type\":\"increments\",\"args\":[{\"primary\":true,\"primaryKey\":true}],\"defaultTo\":null,\"notNullable\":true,\"unsigned\":false},{\"name\":\"entity_id\",\"type\":\"integer\",\"args\":[],\"defaultTo\":null,\"notNullable\":false,\"unsigned\":true},{\"name\":\"component_id\",\"type\":\"integer\",\"args\":[],\"defaultTo\":null,\"notNullable\":false,\"unsigned\":true},{\"name\":\"component_type\",\"type\":\"string\",\"args\":[],\"defaultTo\":null,\"notNullable\":false,\"unsigned\":false},{\"name\":\"field\",\"type\":\"string\",\"args\":[],\"defaultTo\":null,\"notNullable\":false,\"unsigned\":false},{\"name\":\"order\",\"type\":\"double\",\"args\":[],\"defaultTo\":null,\"notNullable\":false,\"unsigned\":true}]},{\"name\":\"homepages_localizations_links\",\"indexes\":[{\"name\":\"homepages_localizations_links_fk\",\"columns\":[\"homepage_id\"]},{\"name\":\"homepages_localizations_links_inv_fk\",\"columns\":[\"inv_homepage_id\"]},{\"name\":\"homepages_localizations_links_unique\",\"columns\":[\"homepage_id\",\"inv_homepage_id\"],\"type\":\"unique\"},{\"name\":\"homepages_localizations_links_order_fk\",\"columns\":[\"homepage_order\"]}],\"foreignKeys\":[{\"name\":\"homepages_localizations_links_fk\",\"columns\":[\"homepage_id\"],\"referencedColumns\":[\"id\"],\"referencedTable\":\"homepages\",\"onDelete\":\"CASCADE\"},{\"name\":\"homepages_localizations_links_inv_fk\",\"columns\":[\"inv_homepage_id\"],\"referencedColumns\":[\"id\"],\"referencedTable\":\"homepages\",\"onDelete\":\"CASCADE\"}],\"columns\":[{\"name\":\"id\",\"type\":\"increments\",\"args\":[{\"primary\":true,\"primaryKey\":true}],\"defaultTo\":null,\"notNullable\":true,\"unsigned\":false},{\"name\":\"homepage_id\",\"type\":\"integer\",\"args\":[],\"defaultTo\":null,\"notNullable\":false,\"unsigned\":true},{\"name\":\"inv_homepage_id\",\"type\":\"integer\",\"args\":[],\"defaultTo\":null,\"notNullable\":false,\"unsigned\":true},{\"name\":\"homepage_order\",\"type\":\"double\",\"args\":[],\"defaultTo\":null,\"notNullable\":false,\"unsigned\":true}]},{\"name\":\"news_articles_components\",\"indexes\":[{\"name\":\"news_articles_field_index\",\"columns\":[\"field\"]},{\"name\":\"news_articles_component_type_index\",\"columns\":[\"component_type\"]},{\"name\":\"news_articles_entity_fk\",\"columns\":[\"entity_id\"]},{\"name\":\"news_articles_unique\",\"columns\":[\"entity_id\",\"component_id\",\"field\",\"component_type\"],\"type\":\"unique\"}],\"foreignKeys\":[{\"name\":\"news_articles_entity_fk\",\"columns\":[\"entity_id\"],\"referencedColumns\":[\"id\"],\"referencedTable\":\"news_articles\",\"onDelete\":\"CASCADE\"}],\"columns\":[{\"name\":\"id\",\"type\":\"increments\",\"args\":[{\"primary\":true,\"primaryKey\":true}],\"defaultTo\":null,\"notNullable\":true,\"unsigned\":false},{\"name\":\"entity_id\",\"type\":\"integer\",\"args\":[],\"defaultTo\":null,\"notNullable\":false,\"unsigned\":true},{\"name\":\"component_id\",\"type\":\"integer\",\"args\":[],\"defaultTo\":null,\"notNullable\":false,\"unsigned\":true},{\"name\":\"component_type\",\"type\":\"string\",\"args\":[],\"defaultTo\":null,\"notNullable\":false,\"unsigned\":false},{\"name\":\"field\",\"type\":\"string\",\"args\":[],\"defaultTo\":null,\"notNullable\":false,\"unsigned\":false},{\"name\":\"order\",\"type\":\"double\",\"args\":[],\"defaultTo\":null,\"notNullable\":false,\"unsigned\":true}]},{\"name\":\"news_articles_category_links\",\"indexes\":[{\"name\":\"news_articles_category_links_fk\",\"columns\":[\"news_article_id\"]},{\"name\":\"news_articles_category_links_inv_fk\",\"columns\":[\"news_category_id\"]},{\"name\":\"news_articles_category_links_unique\",\"columns\":[\"news_article_id\",\"news_category_id\"],\"type\":\"unique\"},{\"name\":\"news_articles_category_links_order_inv_fk\",\"columns\":[\"news_article_order\"]}],\"foreignKeys\":[{\"name\":\"news_articles_category_links_fk\",\"columns\":[\"news_article_id\"],\"referencedColumns\":[\"id\"],\"referencedTable\":\"news_articles\",\"onDelete\":\"CASCADE\"},{\"name\":\"news_articles_category_links_inv_fk\",\"columns\":[\"news_category_id\"],\"referencedColumns\":[\"id\"],\"referencedTable\":\"news_categories\",\"onDelete\":\"CASCADE\"}],\"columns\":[{\"name\":\"id\",\"type\":\"increments\",\"args\":[{\"primary\":true,\"primaryKey\":true}],\"defaultTo\":null,\"notNullable\":true,\"unsigned\":false},{\"name\":\"news_article_id\",\"type\":\"integer\",\"args\":[],\"defaultTo\":null,\"notNullable\":false,\"unsigned\":true},{\"name\":\"news_category_id\",\"type\":\"integer\",\"args\":[],\"defaultTo\":null,\"notNullable\":false,\"unsigned\":true},{\"name\":\"news_article_order\",\"type\":\"double\",\"args\":[],\"defaultTo\":null,\"notNullable\":false,\"unsigned\":true}]},{\"name\":\"news_articles_author_links\",\"indexes\":[{\"name\":\"news_articles_author_links_fk\",\"columns\":[\"news_article_id\"]},{\"name\":\"news_articles_author_links_inv_fk\",\"columns\":[\"author_id\"]},{\"name\":\"news_articles_author_links_unique\",\"columns\":[\"news_article_id\",\"author_id\"],\"type\":\"unique\"}],\"foreignKeys\":[{\"name\":\"news_articles_author_links_fk\",\"columns\":[\"news_article_id\"],\"referencedColumns\":[\"id\"],\"referencedTable\":\"news_articles\",\"onDelete\":\"CASCADE\"},{\"name\":\"news_articles_author_links_inv_fk\",\"columns\":[\"author_id\"],\"referencedColumns\":[\"id\"],\"referencedTable\":\"authors\",\"onDelete\":\"CASCADE\"}],\"columns\":[{\"name\":\"id\",\"type\":\"increments\",\"args\":[{\"primary\":true,\"primaryKey\":true}],\"defaultTo\":null,\"notNullable\":true,\"unsigned\":false},{\"name\":\"news_article_id\",\"type\":\"integer\",\"args\":[],\"defaultTo\":null,\"notNullable\":false,\"unsigned\":true},{\"name\":\"author_id\",\"type\":\"integer\",\"args\":[],\"defaultTo\":null,\"notNullable\":false,\"unsigned\":true}]},{\"name\":\"news_articles_tags_links\",\"indexes\":[{\"name\":\"news_articles_tags_links_fk\",\"columns\":[\"news_article_id\"]},{\"name\":\"news_articles_tags_links_inv_fk\",\"columns\":[\"tag_id\"]},{\"name\":\"news_articles_tags_links_unique\",\"columns\":[\"news_article_id\",\"tag_id\"],\"type\":\"unique\"},{\"name\":\"news_articles_tags_links_order_fk\",\"columns\":[\"tag_order\"]}],\"foreignKeys\":[{\"name\":\"news_articles_tags_links_fk\",\"columns\":[\"news_article_id\"],\"referencedColumns\":[\"id\"],\"referencedTable\":\"news_articles\",\"onDelete\":\"CASCADE\"},{\"name\":\"news_articles_tags_links_inv_fk\",\"columns\":[\"tag_id\"],\"referencedColumns\":[\"id\"],\"referencedTable\":\"tags\",\"onDelete\":\"CASCADE\"}],\"columns\":[{\"name\":\"id\",\"type\":\"increments\",\"args\":[{\"primary\":true,\"primaryKey\":true}],\"defaultTo\":null,\"notNullable\":true,\"unsigned\":false},{\"name\":\"news_article_id\",\"type\":\"integer\",\"args\":[],\"defaultTo\":null,\"notNullable\":false,\"unsigned\":true},{\"name\":\"tag_id\",\"type\":\"integer\",\"args\":[],\"defaultTo\":null,\"notNullable\":false,\"unsigned\":true},{\"name\":\"tag_order\",\"type\":\"double\",\"args\":[],\"defaultTo\":null,\"notNullable\":false,\"unsigned\":true}]},{\"name\":\"news_articles_documents_links\",\"indexes\":[{\"name\":\"news_articles_documents_links_fk\",\"columns\":[\"news_article_id\"]},{\"name\":\"news_articles_documents_links_inv_fk\",\"columns\":[\"downloadable_document_id\"]},{\"name\":\"news_articles_documents_links_unique\",\"columns\":[\"news_article_id\",\"downloadable_document_id\"],\"type\":\"unique\"},{\"name\":\"news_articles_documents_links_order_fk\",\"columns\":[\"downloadable_document_order\"]}],\"foreignKeys\":[{\"name\":\"news_articles_documents_links_fk\",\"columns\":[\"news_article_id\"],\"referencedColumns\":[\"id\"],\"referencedTable\":\"news_articles\",\"onDelete\":\"CASCADE\"},{\"name\":\"news_articles_documents_links_inv_fk\",\"columns\":[\"downloadable_document_id\"],\"referencedColumns\":[\"id\"],\"referencedTable\":\"downloadable_documents\",\"onDelete\":\"CASCADE\"}],\"columns\":[{\"name\":\"id\",\"type\":\"increments\",\"args\":[{\"primary\":true,\"primaryKey\":true}],\"defaultTo\":null,\"notNullable\":true,\"unsigned\":false},{\"name\":\"news_article_id\",\"type\":\"integer\",\"args\":[],\"defaultTo\":null,\"notNullable\":false,\"unsigned\":true},{\"name\":\"downloadable_document_id\",\"type\":\"integer\",\"args\":[],\"defaultTo\":null,\"notNullable\":false,\"unsigned\":true},{\"name\":\"downloadable_document_order\",\"type\":\"double\",\"args\":[],\"defaultTo\":null,\"notNullable\":false,\"unsigned\":true}]},{\"name\":\"news_articles_localizations_links\",\"indexes\":[{\"name\":\"news_articles_localizations_links_fk\",\"columns\":[\"news_article_id\"]},{\"name\":\"news_articles_localizations_links_inv_fk\",\"columns\":[\"inv_news_article_id\"]},{\"name\":\"news_articles_localizations_links_unique\",\"columns\":[\"news_article_id\",\"inv_news_article_id\"],\"type\":\"unique\"},{\"name\":\"news_articles_localizations_links_order_fk\",\"columns\":[\"news_article_order\"]}],\"foreignKeys\":[{\"name\":\"news_articles_localizations_links_fk\",\"columns\":[\"news_article_id\"],\"referencedColumns\":[\"id\"],\"referencedTable\":\"news_articles\",\"onDelete\":\"CASCADE\"},{\"name\":\"news_articles_localizations_links_inv_fk\",\"columns\":[\"inv_news_article_id\"],\"referencedColumns\":[\"id\"],\"referencedTable\":\"news_articles\",\"onDelete\":\"CASCADE\"}],\"columns\":[{\"name\":\"id\",\"type\":\"increments\",\"args\":[{\"primary\":true,\"primaryKey\":true}],\"defaultTo\":null,\"notNullable\":true,\"unsigned\":false},{\"name\":\"news_article_id\",\"type\":\"integer\",\"args\":[],\"defaultTo\":null,\"notNullable\":false,\"unsigned\":true},{\"name\":\"inv_news_article_id\",\"type\":\"integer\",\"args\":[],\"defaultTo\":null,\"notNullable\":false,\"unsigned\":true},{\"name\":\"news_article_order\",\"type\":\"double\",\"args\":[],\"defaultTo\":null,\"notNullable\":false,\"unsigned\":true}]},{\"name\":\"news_categories_localizations_links\",\"indexes\":[{\"name\":\"news_categories_localizations_links_fk\",\"columns\":[\"news_category_id\"]},{\"name\":\"news_categories_localizations_links_inv_fk\",\"columns\":[\"inv_news_category_id\"]},{\"name\":\"news_categories_localizations_links_unique\",\"columns\":[\"news_category_id\",\"inv_news_category_id\"],\"type\":\"unique\"},{\"name\":\"news_categories_localizations_links_order_fk\",\"columns\":[\"news_category_order\"]}],\"foreignKeys\":[{\"name\":\"news_categories_localizations_links_fk\",\"columns\":[\"news_category_id\"],\"referencedColumns\":[\"id\"],\"referencedTable\":\"news_categories\",\"onDelete\":\"CASCADE\"},{\"name\":\"news_categories_localizations_links_inv_fk\",\"columns\":[\"inv_news_category_id\"],\"referencedColumns\":[\"id\"],\"referencedTable\":\"news_categories\",\"onDelete\":\"CASCADE\"}],\"columns\":[{\"name\":\"id\",\"type\":\"increments\",\"args\":[{\"primary\":true,\"primaryKey\":true}],\"defaultTo\":null,\"notNullable\":true,\"unsigned\":false},{\"name\":\"news_category_id\",\"type\":\"integer\",\"args\":[],\"defaultTo\":null,\"notNullable\":false,\"unsigned\":true},{\"name\":\"inv_news_category_id\",\"type\":\"integer\",\"args\":[],\"defaultTo\":null,\"notNullable\":false,\"unsigned\":true},{\"name\":\"news_category_order\",\"type\":\"double\",\"args\":[],\"defaultTo\":null,\"notNullable\":false,\"unsigned\":true}]},{\"name\":\"office_locations_office_type_links\",\"indexes\":[{\"name\":\"office_locations_office_type_links_fk\",\"columns\":[\"office_location_id\"]},{\"name\":\"office_locations_office_type_links_inv_fk\",\"columns\":[\"office_type_id\"]},{\"name\":\"office_locations_office_type_links_unique\",\"columns\":[\"office_location_id\",\"office_type_id\"],\"type\":\"unique\"},{\"name\":\"office_locations_office_type_links_order_inv_fk\",\"columns\":[\"office_location_order\"]}],\"foreignKeys\":[{\"name\":\"office_locations_office_type_links_fk\",\"columns\":[\"office_location_id\"],\"referencedColumns\":[\"id\"],\"referencedTable\":\"office_locations\",\"onDelete\":\"CASCADE\"},{\"name\":\"office_locations_office_type_links_inv_fk\",\"columns\":[\"office_type_id\"],\"referencedColumns\":[\"id\"],\"referencedTable\":\"office_types\",\"onDelete\":\"CASCADE\"}],\"columns\":[{\"name\":\"id\",\"type\":\"increments\",\"args\":[{\"primary\":true,\"primaryKey\":true}],\"defaultTo\":null,\"notNullable\":true,\"unsigned\":false},{\"name\":\"office_location_id\",\"type\":\"integer\",\"args\":[],\"defaultTo\":null,\"notNullable\":false,\"unsigned\":true},{\"name\":\"office_type_id\",\"type\":\"integer\",\"args\":[],\"defaultTo\":null,\"notNullable\":false,\"unsigned\":true},{\"name\":\"office_location_order\",\"type\":\"double\",\"args\":[],\"defaultTo\":null,\"notNullable\":false,\"unsigned\":true}]},{\"name\":\"office_locations_localizations_links\",\"indexes\":[{\"name\":\"office_locations_localizations_links_fk\",\"columns\":[\"office_location_id\"]},{\"name\":\"office_locations_localizations_links_inv_fk\",\"columns\":[\"inv_office_location_id\"]},{\"name\":\"office_locations_localizations_links_unique\",\"columns\":[\"office_location_id\",\"inv_office_location_id\"],\"type\":\"unique\"},{\"name\":\"office_locations_localizations_links_order_fk\",\"columns\":[\"office_location_order\"]}],\"foreignKeys\":[{\"name\":\"office_locations_localizations_links_fk\",\"columns\":[\"office_location_id\"],\"referencedColumns\":[\"id\"],\"referencedTable\":\"office_locations\",\"onDelete\":\"CASCADE\"},{\"name\":\"office_locations_localizations_links_inv_fk\",\"columns\":[\"inv_office_location_id\"],\"referencedColumns\":[\"id\"],\"referencedTable\":\"office_locations\",\"onDelete\":\"CASCADE\"}],\"columns\":[{\"name\":\"id\",\"type\":\"increments\",\"args\":[{\"primary\":true,\"primaryKey\":true}],\"defaultTo\":null,\"notNullable\":true,\"unsigned\":false},{\"name\":\"office_location_id\",\"type\":\"integer\",\"args\":[],\"defaultTo\":null,\"notNullable\":false,\"unsigned\":true},{\"name\":\"inv_office_location_id\",\"type\":\"integer\",\"args\":[],\"defaultTo\":null,\"notNullable\":false,\"unsigned\":true},{\"name\":\"office_location_order\",\"type\":\"double\",\"args\":[],\"defaultTo\":null,\"notNullable\":false,\"unsigned\":true}]},{\"name\":\"office_types_localizations_links\",\"indexes\":[{\"name\":\"office_types_localizations_links_fk\",\"columns\":[\"office_type_id\"]},{\"name\":\"office_types_localizations_links_inv_fk\",\"columns\":[\"inv_office_type_id\"]},{\"name\":\"office_types_localizations_links_unique\",\"columns\":[\"office_type_id\",\"inv_office_type_id\"],\"type\":\"unique\"},{\"name\":\"office_types_localizations_links_order_fk\",\"columns\":[\"office_type_order\"]}],\"foreignKeys\":[{\"name\":\"office_types_localizations_links_fk\",\"columns\":[\"office_type_id\"],\"referencedColumns\":[\"id\"],\"referencedTable\":\"office_types\",\"onDelete\":\"CASCADE\"},{\"name\":\"office_types_localizations_links_inv_fk\",\"columns\":[\"inv_office_type_id\"],\"referencedColumns\":[\"id\"],\"referencedTable\":\"office_types\",\"onDelete\":\"CASCADE\"}],\"columns\":[{\"name\":\"id\",\"type\":\"increments\",\"args\":[{\"primary\":true,\"primaryKey\":true}],\"defaultTo\":null,\"notNullable\":true,\"unsigned\":false},{\"name\":\"office_type_id\",\"type\":\"integer\",\"args\":[],\"defaultTo\":null,\"notNullable\":false,\"unsigned\":true},{\"name\":\"inv_office_type_id\",\"type\":\"integer\",\"args\":[],\"defaultTo\":null,\"notNullable\":false,\"unsigned\":true},{\"name\":\"office_type_order\",\"type\":\"double\",\"args\":[],\"defaultTo\":null,\"notNullable\":false,\"unsigned\":true}]},{\"name\":\"pages_components\",\"indexes\":[{\"name\":\"pages_field_index\",\"columns\":[\"field\"]},{\"name\":\"pages_component_type_index\",\"columns\":[\"component_type\"]},{\"name\":\"pages_entity_fk\",\"columns\":[\"entity_id\"]},{\"name\":\"pages_unique\",\"columns\":[\"entity_id\",\"component_id\",\"field\",\"component_type\"],\"type\":\"unique\"}],\"foreignKeys\":[{\"name\":\"pages_entity_fk\",\"columns\":[\"entity_id\"],\"referencedColumns\":[\"id\"],\"referencedTable\":\"pages\",\"onDelete\":\"CASCADE\"}],\"columns\":[{\"name\":\"id\",\"type\":\"increments\",\"args\":[{\"primary\":true,\"primaryKey\":true}],\"defaultTo\":null,\"notNullable\":true,\"unsigned\":false},{\"name\":\"entity_id\",\"type\":\"integer\",\"args\":[],\"defaultTo\":null,\"notNullable\":false,\"unsigned\":true},{\"name\":\"component_id\",\"type\":\"integer\",\"args\":[],\"defaultTo\":null,\"notNullable\":false,\"unsigned\":true},{\"name\":\"component_type\",\"type\":\"string\",\"args\":[],\"defaultTo\":null,\"notNullable\":false,\"unsigned\":false},{\"name\":\"field\",\"type\":\"string\",\"args\":[],\"defaultTo\":null,\"notNullable\":false,\"unsigned\":false},{\"name\":\"order\",\"type\":\"double\",\"args\":[],\"defaultTo\":null,\"notNullable\":false,\"unsigned\":true}]},{\"name\":\"pages_page_type_links\",\"indexes\":[{\"name\":\"pages_page_type_links_fk\",\"columns\":[\"page_id\"]},{\"name\":\"pages_page_type_links_inv_fk\",\"columns\":[\"page_type_id\"]},{\"name\":\"pages_page_type_links_unique\",\"columns\":[\"page_id\",\"page_type_id\"],\"type\":\"unique\"},{\"name\":\"pages_page_type_links_order_inv_fk\",\"columns\":[\"page_order\"]}],\"foreignKeys\":[{\"name\":\"pages_page_type_links_fk\",\"columns\":[\"page_id\"],\"referencedColumns\":[\"id\"],\"referencedTable\":\"pages\",\"onDelete\":\"CASCADE\"},{\"name\":\"pages_page_type_links_inv_fk\",\"columns\":[\"page_type_id\"],\"referencedColumns\":[\"id\"],\"referencedTable\":\"page_types\",\"onDelete\":\"CASCADE\"}],\"columns\":[{\"name\":\"id\",\"type\":\"increments\",\"args\":[{\"primary\":true,\"primaryKey\":true}],\"defaultTo\":null,\"notNullable\":true,\"unsigned\":false},{\"name\":\"page_id\",\"type\":\"integer\",\"args\":[],\"defaultTo\":null,\"notNullable\":false,\"unsigned\":true},{\"name\":\"page_type_id\",\"type\":\"integer\",\"args\":[],\"defaultTo\":null,\"notNullable\":false,\"unsigned\":true},{\"name\":\"page_order\",\"type\":\"double\",\"args\":[],\"defaultTo\":null,\"notNullable\":false,\"unsigned\":true}]},{\"name\":\"pages_localizations_links\",\"indexes\":[{\"name\":\"pages_localizations_links_fk\",\"columns\":[\"page_id\"]},{\"name\":\"pages_localizations_links_inv_fk\",\"columns\":[\"inv_page_id\"]},{\"name\":\"pages_localizations_links_unique\",\"columns\":[\"page_id\",\"inv_page_id\"],\"type\":\"unique\"},{\"name\":\"pages_localizations_links_order_fk\",\"columns\":[\"page_order\"]}],\"foreignKeys\":[{\"name\":\"pages_localizations_links_fk\",\"columns\":[\"page_id\"],\"referencedColumns\":[\"id\"],\"referencedTable\":\"pages\",\"onDelete\":\"CASCADE\"},{\"name\":\"pages_localizations_links_inv_fk\",\"columns\":[\"inv_page_id\"],\"referencedColumns\":[\"id\"],\"referencedTable\":\"pages\",\"onDelete\":\"CASCADE\"}],\"columns\":[{\"name\":\"id\",\"type\":\"increments\",\"args\":[{\"primary\":true,\"primaryKey\":true}],\"defaultTo\":null,\"notNullable\":true,\"unsigned\":false},{\"name\":\"page_id\",\"type\":\"integer\",\"args\":[],\"defaultTo\":null,\"notNullable\":false,\"unsigned\":true},{\"name\":\"inv_page_id\",\"type\":\"integer\",\"args\":[],\"defaultTo\":null,\"notNullable\":false,\"unsigned\":true},{\"name\":\"page_order\",\"type\":\"double\",\"args\":[],\"defaultTo\":null,\"notNullable\":false,\"unsigned\":true}]},{\"name\":\"page_types_localizations_links\",\"indexes\":[{\"name\":\"page_types_localizations_links_fk\",\"columns\":[\"page_type_id\"]},{\"name\":\"page_types_localizations_links_inv_fk\",\"columns\":[\"inv_page_type_id\"]},{\"name\":\"page_types_localizations_links_unique\",\"columns\":[\"page_type_id\",\"inv_page_type_id\"],\"type\":\"unique\"},{\"name\":\"page_types_localizations_links_order_fk\",\"columns\":[\"page_type_order\"]}],\"foreignKeys\":[{\"name\":\"page_types_localizations_links_fk\",\"columns\":[\"page_type_id\"],\"referencedColumns\":[\"id\"],\"referencedTable\":\"page_types\",\"onDelete\":\"CASCADE\"},{\"name\":\"page_types_localizations_links_inv_fk\",\"columns\":[\"inv_page_type_id\"],\"referencedColumns\":[\"id\"],\"referencedTable\":\"page_types\",\"onDelete\":\"CASCADE\"}],\"columns\":[{\"name\":\"id\",\"type\":\"increments\",\"args\":[{\"primary\":true,\"primaryKey\":true}],\"defaultTo\":null,\"notNullable\":true,\"unsigned\":false},{\"name\":\"page_type_id\",\"type\":\"integer\",\"args\":[],\"defaultTo\":null,\"notNullable\":false,\"unsigned\":true},{\"name\":\"inv_page_type_id\",\"type\":\"integer\",\"args\":[],\"defaultTo\":null,\"notNullable\":false,\"unsigned\":true},{\"name\":\"page_type_order\",\"type\":\"double\",\"args\":[],\"defaultTo\":null,\"notNullable\":false,\"unsigned\":true}]},{\"name\":\"related_content_types_localizations_links\",\"indexes\":[{\"name\":\"related_content_types_localizations_links_fk\",\"columns\":[\"related_content_type_id\"]},{\"name\":\"related_content_types_localizations_links_inv_fk\",\"columns\":[\"inv_related_content_type_id\"]},{\"name\":\"related_content_types_localizations_links_unique\",\"columns\":[\"related_content_type_id\",\"inv_related_content_type_id\"],\"type\":\"unique\"},{\"name\":\"related_content_types_localizations_links_order_fk\",\"columns\":[\"related_content_type_order\"]}],\"foreignKeys\":[{\"name\":\"related_content_types_localizations_links_fk\",\"columns\":[\"related_content_type_id\"],\"referencedColumns\":[\"id\"],\"referencedTable\":\"related_content_types\",\"onDelete\":\"CASCADE\"},{\"name\":\"related_content_types_localizations_links_inv_fk\",\"columns\":[\"inv_related_content_type_id\"],\"referencedColumns\":[\"id\"],\"referencedTable\":\"related_content_types\",\"onDelete\":\"CASCADE\"}],\"columns\":[{\"name\":\"id\",\"type\":\"increments\",\"args\":[{\"primary\":true,\"primaryKey\":true}],\"defaultTo\":null,\"notNullable\":true,\"unsigned\":false},{\"name\":\"related_content_type_id\",\"type\":\"integer\",\"args\":[],\"defaultTo\":null,\"notNullable\":false,\"unsigned\":true},{\"name\":\"inv_related_content_type_id\",\"type\":\"integer\",\"args\":[],\"defaultTo\":null,\"notNullable\":false,\"unsigned\":true},{\"name\":\"related_content_type_order\",\"type\":\"double\",\"args\":[],\"defaultTo\":null,\"notNullable\":false,\"unsigned\":true}]},{\"name\":\"research_categories_localizations_links\",\"indexes\":[{\"name\":\"research_categories_localizations_links_fk\",\"columns\":[\"research_category_id\"]},{\"name\":\"research_categories_localizations_links_inv_fk\",\"columns\":[\"inv_research_category_id\"]},{\"name\":\"research_categories_localizations_links_unique\",\"columns\":[\"research_category_id\",\"inv_research_category_id\"],\"type\":\"unique\"},{\"name\":\"research_categories_localizations_links_order_fk\",\"columns\":[\"research_category_order\"]}],\"foreignKeys\":[{\"name\":\"research_categories_localizations_links_fk\",\"columns\":[\"research_category_id\"],\"referencedColumns\":[\"id\"],\"referencedTable\":\"research_categories\",\"onDelete\":\"CASCADE\"},{\"name\":\"research_categories_localizations_links_inv_fk\",\"columns\":[\"inv_research_category_id\"],\"referencedColumns\":[\"id\"],\"referencedTable\":\"research_categories\",\"onDelete\":\"CASCADE\"}],\"columns\":[{\"name\":\"id\",\"type\":\"increments\",\"args\":[{\"primary\":true,\"primaryKey\":true}],\"defaultTo\":null,\"notNullable\":true,\"unsigned\":false},{\"name\":\"research_category_id\",\"type\":\"integer\",\"args\":[],\"defaultTo\":null,\"notNullable\":false,\"unsigned\":true},{\"name\":\"inv_research_category_id\",\"type\":\"integer\",\"args\":[],\"defaultTo\":null,\"notNullable\":false,\"unsigned\":true},{\"name\":\"research_category_order\",\"type\":\"double\",\"args\":[],\"defaultTo\":null,\"notNullable\":false,\"unsigned\":true}]},{\"name\":\"research_reports_components\",\"indexes\":[{\"name\":\"research_reports_field_index\",\"columns\":[\"field\"]},{\"name\":\"research_reports_component_type_index\",\"columns\":[\"component_type\"]},{\"name\":\"research_reports_entity_fk\",\"columns\":[\"entity_id\"]},{\"name\":\"research_reports_unique\",\"columns\":[\"entity_id\",\"component_id\",\"field\",\"component_type\"],\"type\":\"unique\"}],\"foreignKeys\":[{\"name\":\"research_reports_entity_fk\",\"columns\":[\"entity_id\"],\"referencedColumns\":[\"id\"],\"referencedTable\":\"research_reports\",\"onDelete\":\"CASCADE\"}],\"columns\":[{\"name\":\"id\",\"type\":\"increments\",\"args\":[{\"primary\":true,\"primaryKey\":true}],\"defaultTo\":null,\"notNullable\":true,\"unsigned\":false},{\"name\":\"entity_id\",\"type\":\"integer\",\"args\":[],\"defaultTo\":null,\"notNullable\":false,\"unsigned\":true},{\"name\":\"component_id\",\"type\":\"integer\",\"args\":[],\"defaultTo\":null,\"notNullable\":false,\"unsigned\":true},{\"name\":\"component_type\",\"type\":\"string\",\"args\":[],\"defaultTo\":null,\"notNullable\":false,\"unsigned\":false},{\"name\":\"field\",\"type\":\"string\",\"args\":[],\"defaultTo\":null,\"notNullable\":false,\"unsigned\":false},{\"name\":\"order\",\"type\":\"double\",\"args\":[],\"defaultTo\":null,\"notNullable\":false,\"unsigned\":true}]},{\"name\":\"research_reports_report_type_links\",\"indexes\":[{\"name\":\"research_reports_report_type_links_fk\",\"columns\":[\"research_report_id\"]},{\"name\":\"research_reports_report_type_links_inv_fk\",\"columns\":[\"research_report_type_id\"]},{\"name\":\"research_reports_report_type_links_unique\",\"columns\":[\"research_report_id\",\"research_report_type_id\"],\"type\":\"unique\"},{\"name\":\"research_reports_report_type_links_order_inv_fk\",\"columns\":[\"research_report_order\"]}],\"foreignKeys\":[{\"name\":\"research_reports_report_type_links_fk\",\"columns\":[\"research_report_id\"],\"referencedColumns\":[\"id\"],\"referencedTable\":\"research_reports\",\"onDelete\":\"CASCADE\"},{\"name\":\"research_reports_report_type_links_inv_fk\",\"columns\":[\"research_report_type_id\"],\"referencedColumns\":[\"id\"],\"referencedTable\":\"research_report_types\",\"onDelete\":\"CASCADE\"}],\"columns\":[{\"name\":\"id\",\"type\":\"increments\",\"args\":[{\"primary\":true,\"primaryKey\":true}],\"defaultTo\":null,\"notNullable\":true,\"unsigned\":false},{\"name\":\"research_report_id\",\"type\":\"integer\",\"args\":[],\"defaultTo\":null,\"notNullable\":false,\"unsigned\":true},{\"name\":\"research_report_type_id\",\"type\":\"integer\",\"args\":[],\"defaultTo\":null,\"notNullable\":false,\"unsigned\":true},{\"name\":\"research_report_order\",\"type\":\"double\",\"args\":[],\"defaultTo\":null,\"notNullable\":false,\"unsigned\":true}]},{\"name\":\"research_reports_category_links\",\"indexes\":[{\"name\":\"research_reports_category_links_fk\",\"columns\":[\"research_report_id\"]},{\"name\":\"research_reports_category_links_inv_fk\",\"columns\":[\"research_category_id\"]},{\"name\":\"research_reports_category_links_unique\",\"columns\":[\"research_report_id\",\"research_category_id\"],\"type\":\"unique\"},{\"name\":\"research_reports_category_links_order_inv_fk\",\"columns\":[\"research_report_order\"]}],\"foreignKeys\":[{\"name\":\"research_reports_category_links_fk\",\"columns\":[\"research_report_id\"],\"referencedColumns\":[\"id\"],\"referencedTable\":\"research_reports\",\"onDelete\":\"CASCADE\"},{\"name\":\"research_reports_category_links_inv_fk\",\"columns\":[\"research_category_id\"],\"referencedColumns\":[\"id\"],\"referencedTable\":\"research_categories\",\"onDelete\":\"CASCADE\"}],\"columns\":[{\"name\":\"id\",\"type\":\"increments\",\"args\":[{\"primary\":true,\"primaryKey\":true}],\"defaultTo\":null,\"notNullable\":true,\"unsigned\":false},{\"name\":\"research_report_id\",\"type\":\"integer\",\"args\":[],\"defaultTo\":null,\"notNullable\":false,\"unsigned\":true},{\"name\":\"research_category_id\",\"type\":\"integer\",\"args\":[],\"defaultTo\":null,\"notNullable\":false,\"unsigned\":true},{\"name\":\"research_report_order\",\"type\":\"double\",\"args\":[],\"defaultTo\":null,\"notNullable\":false,\"unsigned\":true}]},{\"name\":\"research_reports_author_links\",\"indexes\":[{\"name\":\"research_reports_author_links_fk\",\"columns\":[\"research_report_id\"]},{\"name\":\"research_reports_author_links_inv_fk\",\"columns\":[\"author_id\"]},{\"name\":\"research_reports_author_links_unique\",\"columns\":[\"research_report_id\",\"author_id\"],\"type\":\"unique\"}],\"foreignKeys\":[{\"name\":\"research_reports_author_links_fk\",\"columns\":[\"research_report_id\"],\"referencedColumns\":[\"id\"],\"referencedTable\":\"research_reports\",\"onDelete\":\"CASCADE\"},{\"name\":\"research_reports_author_links_inv_fk\",\"columns\":[\"author_id\"],\"referencedColumns\":[\"id\"],\"referencedTable\":\"authors\",\"onDelete\":\"CASCADE\"}],\"columns\":[{\"name\":\"id\",\"type\":\"increments\",\"args\":[{\"primary\":true,\"primaryKey\":true}],\"defaultTo\":null,\"notNullable\":true,\"unsigned\":false},{\"name\":\"research_report_id\",\"type\":\"integer\",\"args\":[],\"defaultTo\":null,\"notNullable\":false,\"unsigned\":true},{\"name\":\"author_id\",\"type\":\"integer\",\"args\":[],\"defaultTo\":null,\"notNullable\":false,\"unsigned\":true}]},{\"name\":\"research_reports_tags_links\",\"indexes\":[{\"name\":\"research_reports_tags_links_fk\",\"columns\":[\"research_report_id\"]},{\"name\":\"research_reports_tags_links_inv_fk\",\"columns\":[\"tag_id\"]},{\"name\":\"research_reports_tags_links_unique\",\"columns\":[\"research_report_id\",\"tag_id\"],\"type\":\"unique\"},{\"name\":\"research_reports_tags_links_order_fk\",\"columns\":[\"tag_order\"]}],\"foreignKeys\":[{\"name\":\"research_reports_tags_links_fk\",\"columns\":[\"research_report_id\"],\"referencedColumns\":[\"id\"],\"referencedTable\":\"research_reports\",\"onDelete\":\"CASCADE\"},{\"name\":\"research_reports_tags_links_inv_fk\",\"columns\":[\"tag_id\"],\"referencedColumns\":[\"id\"],\"referencedTable\":\"tags\",\"onDelete\":\"CASCADE\"}],\"columns\":[{\"name\":\"id\",\"type\":\"increments\",\"args\":[{\"primary\":true,\"primaryKey\":true}],\"defaultTo\":null,\"notNullable\":true,\"unsigned\":false},{\"name\":\"research_report_id\",\"type\":\"integer\",\"args\":[],\"defaultTo\":null,\"notNullable\":false,\"unsigned\":true},{\"name\":\"tag_id\",\"type\":\"integer\",\"args\":[],\"defaultTo\":null,\"notNullable\":false,\"unsigned\":true},{\"name\":\"tag_order\",\"type\":\"double\",\"args\":[],\"defaultTo\":null,\"notNullable\":false,\"unsigned\":true}]},{\"name\":\"research_reports_documents_links\",\"indexes\":[{\"name\":\"research_reports_documents_links_fk\",\"columns\":[\"research_report_id\"]},{\"name\":\"research_reports_documents_links_inv_fk\",\"columns\":[\"downloadable_document_id\"]},{\"name\":\"research_reports_documents_links_unique\",\"columns\":[\"research_report_id\",\"downloadable_document_id\"],\"type\":\"unique\"},{\"name\":\"research_reports_documents_links_order_fk\",\"columns\":[\"downloadable_document_order\"]}],\"foreignKeys\":[{\"name\":\"research_reports_documents_links_fk\",\"columns\":[\"research_report_id\"],\"referencedColumns\":[\"id\"],\"referencedTable\":\"research_reports\",\"onDelete\":\"CASCADE\"},{\"name\":\"research_reports_documents_links_inv_fk\",\"columns\":[\"downloadable_document_id\"],\"referencedColumns\":[\"id\"],\"referencedTable\":\"downloadable_documents\",\"onDelete\":\"CASCADE\"}],\"columns\":[{\"name\":\"id\",\"type\":\"increments\",\"args\":[{\"primary\":true,\"primaryKey\":true}],\"defaultTo\":null,\"notNullable\":true,\"unsigned\":false},{\"name\":\"research_report_id\",\"type\":\"integer\",\"args\":[],\"defaultTo\":null,\"notNullable\":false,\"unsigned\":true},{\"name\":\"downloadable_document_id\",\"type\":\"integer\",\"args\":[],\"defaultTo\":null,\"notNullable\":false,\"unsigned\":true},{\"name\":\"downloadable_document_order\",\"type\":\"double\",\"args\":[],\"defaultTo\":null,\"notNullable\":false,\"unsigned\":true}]},{\"name\":\"research_reports_localizations_links\",\"indexes\":[{\"name\":\"research_reports_localizations_links_fk\",\"columns\":[\"research_report_id\"]},{\"name\":\"research_reports_localizations_links_inv_fk\",\"columns\":[\"inv_research_report_id\"]},{\"name\":\"research_reports_localizations_links_unique\",\"columns\":[\"research_report_id\",\"inv_research_report_id\"],\"type\":\"unique\"},{\"name\":\"research_reports_localizations_links_order_fk\",\"columns\":[\"research_report_order\"]}],\"foreignKeys\":[{\"name\":\"research_reports_localizations_links_fk\",\"columns\":[\"research_report_id\"],\"referencedColumns\":[\"id\"],\"referencedTable\":\"research_reports\",\"onDelete\":\"CASCADE\"},{\"name\":\"research_reports_localizations_links_inv_fk\",\"columns\":[\"inv_research_report_id\"],\"referencedColumns\":[\"id\"],\"referencedTable\":\"research_reports\",\"onDelete\":\"CASCADE\"}],\"columns\":[{\"name\":\"id\",\"type\":\"increments\",\"args\":[{\"primary\":true,\"primaryKey\":true}],\"defaultTo\":null,\"notNullable\":true,\"unsigned\":false},{\"name\":\"research_report_id\",\"type\":\"integer\",\"args\":[],\"defaultTo\":null,\"notNullable\":false,\"unsigned\":true},{\"name\":\"inv_research_report_id\",\"type\":\"integer\",\"args\":[],\"defaultTo\":null,\"notNullable\":false,\"unsigned\":true},{\"name\":\"research_report_order\",\"type\":\"double\",\"args\":[],\"defaultTo\":null,\"notNullable\":false,\"unsigned\":true}]},{\"name\":\"research_report_types_localizations_links\",\"indexes\":[{\"name\":\"research_report_types_localizations_links_fk\",\"columns\":[\"research_report_type_id\"]},{\"name\":\"research_report_types_localizations_links_inv_fk\",\"columns\":[\"inv_research_report_type_id\"]},{\"name\":\"research_report_types_localizations_links_unique\",\"columns\":[\"research_report_type_id\",\"inv_research_report_type_id\"],\"type\":\"unique\"},{\"name\":\"research_report_types_localizations_links_order_fk\",\"columns\":[\"research_report_type_order\"]}],\"foreignKeys\":[{\"name\":\"research_report_types_localizations_links_fk\",\"columns\":[\"research_report_type_id\"],\"referencedColumns\":[\"id\"],\"referencedTable\":\"research_report_types\",\"onDelete\":\"CASCADE\"},{\"name\":\"research_report_types_localizations_links_inv_fk\",\"columns\":[\"inv_research_report_type_id\"],\"referencedColumns\":[\"id\"],\"referencedTable\":\"research_report_types\",\"onDelete\":\"CASCADE\"}],\"columns\":[{\"name\":\"id\",\"type\":\"increments\",\"args\":[{\"primary\":true,\"primaryKey\":true}],\"defaultTo\":null,\"notNullable\":true,\"unsigned\":false},{\"name\":\"research_report_type_id\",\"type\":\"integer\",\"args\":[],\"defaultTo\":null,\"notNullable\":false,\"unsigned\":true},{\"name\":\"inv_research_report_type_id\",\"type\":\"integer\",\"args\":[],\"defaultTo\":null,\"notNullable\":false,\"unsigned\":true},{\"name\":\"research_report_type_order\",\"type\":\"double\",\"args\":[],\"defaultTo\":null,\"notNullable\":false,\"unsigned\":true}]},{\"name\":\"seo_defaults_components\",\"indexes\":[{\"name\":\"seo_defaults_field_index\",\"columns\":[\"field\"]},{\"name\":\"seo_defaults_component_type_index\",\"columns\":[\"component_type\"]},{\"name\":\"seo_defaults_entity_fk\",\"columns\":[\"entity_id\"]},{\"name\":\"seo_defaults_unique\",\"columns\":[\"entity_id\",\"component_id\",\"field\",\"component_type\"],\"type\":\"unique\"}],\"foreignKeys\":[{\"name\":\"seo_defaults_entity_fk\",\"columns\":[\"entity_id\"],\"referencedColumns\":[\"id\"],\"referencedTable\":\"seo_defaults\",\"onDelete\":\"CASCADE\"}],\"columns\":[{\"name\":\"id\",\"type\":\"increments\",\"args\":[{\"primary\":true,\"primaryKey\":true}],\"defaultTo\":null,\"notNullable\":true,\"unsigned\":false},{\"name\":\"entity_id\",\"type\":\"integer\",\"args\":[],\"defaultTo\":null,\"notNullable\":false,\"unsigned\":true},{\"name\":\"component_id\",\"type\":\"integer\",\"args\":[],\"defaultTo\":null,\"notNullable\":false,\"unsigned\":true},{\"name\":\"component_type\",\"type\":\"string\",\"args\":[],\"defaultTo\":null,\"notNullable\":false,\"unsigned\":false},{\"name\":\"field\",\"type\":\"string\",\"args\":[],\"defaultTo\":null,\"notNullable\":false,\"unsigned\":false},{\"name\":\"order\",\"type\":\"double\",\"args\":[],\"defaultTo\":null,\"notNullable\":false,\"unsigned\":true}]},{\"name\":\"seo_defaults_localizations_links\",\"indexes\":[{\"name\":\"seo_defaults_localizations_links_fk\",\"columns\":[\"seo_default_id\"]},{\"name\":\"seo_defaults_localizations_links_inv_fk\",\"columns\":[\"inv_seo_default_id\"]},{\"name\":\"seo_defaults_localizations_links_unique\",\"columns\":[\"seo_default_id\",\"inv_seo_default_id\"],\"type\":\"unique\"},{\"name\":\"seo_defaults_localizations_links_order_fk\",\"columns\":[\"seo_default_order\"]}],\"foreignKeys\":[{\"name\":\"seo_defaults_localizations_links_fk\",\"columns\":[\"seo_default_id\"],\"referencedColumns\":[\"id\"],\"referencedTable\":\"seo_defaults\",\"onDelete\":\"CASCADE\"},{\"name\":\"seo_defaults_localizations_links_inv_fk\",\"columns\":[\"inv_seo_default_id\"],\"referencedColumns\":[\"id\"],\"referencedTable\":\"seo_defaults\",\"onDelete\":\"CASCADE\"}],\"columns\":[{\"name\":\"id\",\"type\":\"increments\",\"args\":[{\"primary\":true,\"primaryKey\":true}],\"defaultTo\":null,\"notNullable\":true,\"unsigned\":false},{\"name\":\"seo_default_id\",\"type\":\"integer\",\"args\":[],\"defaultTo\":null,\"notNullable\":false,\"unsigned\":true},{\"name\":\"inv_seo_default_id\",\"type\":\"integer\",\"args\":[],\"defaultTo\":null,\"notNullable\":false,\"unsigned\":true},{\"name\":\"seo_default_order\",\"type\":\"double\",\"args\":[],\"defaultTo\":null,\"notNullable\":false,\"unsigned\":true}]},{\"name\":\"services_components\",\"indexes\":[{\"name\":\"services_field_index\",\"columns\":[\"field\"]},{\"name\":\"services_component_type_index\",\"columns\":[\"component_type\"]},{\"name\":\"services_entity_fk\",\"columns\":[\"entity_id\"]},{\"name\":\"services_unique\",\"columns\":[\"entity_id\",\"component_id\",\"field\",\"component_type\"],\"type\":\"unique\"}],\"foreignKeys\":[{\"name\":\"services_entity_fk\",\"columns\":[\"entity_id\"],\"referencedColumns\":[\"id\"],\"referencedTable\":\"services\",\"onDelete\":\"CASCADE\"}],\"columns\":[{\"name\":\"id\",\"type\":\"increments\",\"args\":[{\"primary\":true,\"primaryKey\":true}],\"defaultTo\":null,\"notNullable\":true,\"unsigned\":false},{\"name\":\"entity_id\",\"type\":\"integer\",\"args\":[],\"defaultTo\":null,\"notNullable\":false,\"unsigned\":true},{\"name\":\"component_id\",\"type\":\"integer\",\"args\":[],\"defaultTo\":null,\"notNullable\":false,\"unsigned\":true},{\"name\":\"component_type\",\"type\":\"string\",\"args\":[],\"defaultTo\":null,\"notNullable\":false,\"unsigned\":false},{\"name\":\"field\",\"type\":\"string\",\"args\":[],\"defaultTo\":null,\"notNullable\":false,\"unsigned\":false},{\"name\":\"order\",\"type\":\"double\",\"args\":[],\"defaultTo\":null,\"notNullable\":false,\"unsigned\":true}]},{\"name\":\"services_category_links\",\"indexes\":[{\"name\":\"services_category_links_fk\",\"columns\":[\"service_id\"]},{\"name\":\"services_category_links_inv_fk\",\"columns\":[\"service_category_id\"]},{\"name\":\"services_category_links_unique\",\"columns\":[\"service_id\",\"service_category_id\"],\"type\":\"unique\"},{\"name\":\"services_category_links_order_inv_fk\",\"columns\":[\"service_order\"]}],\"foreignKeys\":[{\"name\":\"services_category_links_fk\",\"columns\":[\"service_id\"],\"referencedColumns\":[\"id\"],\"referencedTable\":\"services\",\"onDelete\":\"CASCADE\"},{\"name\":\"services_category_links_inv_fk\",\"columns\":[\"service_category_id\"],\"referencedColumns\":[\"id\"],\"referencedTable\":\"service_categories\",\"onDelete\":\"CASCADE\"}],\"columns\":[{\"name\":\"id\",\"type\":\"increments\",\"args\":[{\"primary\":true,\"primaryKey\":true}],\"defaultTo\":null,\"notNullable\":true,\"unsigned\":false},{\"name\":\"service_id\",\"type\":\"integer\",\"args\":[],\"defaultTo\":null,\"notNullable\":false,\"unsigned\":true},{\"name\":\"service_category_id\",\"type\":\"integer\",\"args\":[],\"defaultTo\":null,\"notNullable\":false,\"unsigned\":true},{\"name\":\"service_order\",\"type\":\"double\",\"args\":[],\"defaultTo\":null,\"notNullable\":false,\"unsigned\":true}]},{\"name\":\"services_tags_links\",\"indexes\":[{\"name\":\"services_tags_links_fk\",\"columns\":[\"service_id\"]},{\"name\":\"services_tags_links_inv_fk\",\"columns\":[\"tag_id\"]},{\"name\":\"services_tags_links_unique\",\"columns\":[\"service_id\",\"tag_id\"],\"type\":\"unique\"},{\"name\":\"services_tags_links_order_fk\",\"columns\":[\"tag_order\"]}],\"foreignKeys\":[{\"name\":\"services_tags_links_fk\",\"columns\":[\"service_id\"],\"referencedColumns\":[\"id\"],\"referencedTable\":\"services\",\"onDelete\":\"CASCADE\"},{\"name\":\"services_tags_links_inv_fk\",\"columns\":[\"tag_id\"],\"referencedColumns\":[\"id\"],\"referencedTable\":\"tags\",\"onDelete\":\"CASCADE\"}],\"columns\":[{\"name\":\"id\",\"type\":\"increments\",\"args\":[{\"primary\":true,\"primaryKey\":true}],\"defaultTo\":null,\"notNullable\":true,\"unsigned\":false},{\"name\":\"service_id\",\"type\":\"integer\",\"args\":[],\"defaultTo\":null,\"notNullable\":false,\"unsigned\":true},{\"name\":\"tag_id\",\"type\":\"integer\",\"args\":[],\"defaultTo\":null,\"notNullable\":false,\"unsigned\":true},{\"name\":\"tag_order\",\"type\":\"double\",\"args\":[],\"defaultTo\":null,\"notNullable\":false,\"unsigned\":true}]},{\"name\":\"services_documents_links\",\"indexes\":[{\"name\":\"services_documents_links_fk\",\"columns\":[\"service_id\"]},{\"name\":\"services_documents_links_inv_fk\",\"columns\":[\"downloadable_document_id\"]},{\"name\":\"services_documents_links_unique\",\"columns\":[\"service_id\",\"downloadable_document_id\"],\"type\":\"unique\"},{\"name\":\"services_documents_links_order_fk\",\"columns\":[\"downloadable_document_order\"]}],\"foreignKeys\":[{\"name\":\"services_documents_links_fk\",\"columns\":[\"service_id\"],\"referencedColumns\":[\"id\"],\"referencedTable\":\"services\",\"onDelete\":\"CASCADE\"},{\"name\":\"services_documents_links_inv_fk\",\"columns\":[\"downloadable_document_id\"],\"referencedColumns\":[\"id\"],\"referencedTable\":\"downloadable_documents\",\"onDelete\":\"CASCADE\"}],\"columns\":[{\"name\":\"id\",\"type\":\"increments\",\"args\":[{\"primary\":true,\"primaryKey\":true}],\"defaultTo\":null,\"notNullable\":true,\"unsigned\":false},{\"name\":\"service_id\",\"type\":\"integer\",\"args\":[],\"defaultTo\":null,\"notNullable\":false,\"unsigned\":true},{\"name\":\"downloadable_document_id\",\"type\":\"integer\",\"args\":[],\"defaultTo\":null,\"notNullable\":false,\"unsigned\":true},{\"name\":\"downloadable_document_order\",\"type\":\"double\",\"args\":[],\"defaultTo\":null,\"notNullable\":false,\"unsigned\":true}]},{\"name\":\"services_localizations_links\",\"indexes\":[{\"name\":\"services_localizations_links_fk\",\"columns\":[\"service_id\"]},{\"name\":\"services_localizations_links_inv_fk\",\"columns\":[\"inv_service_id\"]},{\"name\":\"services_localizations_links_unique\",\"columns\":[\"service_id\",\"inv_service_id\"],\"type\":\"unique\"},{\"name\":\"services_localizations_links_order_fk\",\"columns\":[\"service_order\"]}],\"foreignKeys\":[{\"name\":\"services_localizations_links_fk\",\"columns\":[\"service_id\"],\"referencedColumns\":[\"id\"],\"referencedTable\":\"services\",\"onDelete\":\"CASCADE\"},{\"name\":\"services_localizations_links_inv_fk\",\"columns\":[\"inv_service_id\"],\"referencedColumns\":[\"id\"],\"referencedTable\":\"services\",\"onDelete\":\"CASCADE\"}],\"columns\":[{\"name\":\"id\",\"type\":\"increments\",\"args\":[{\"primary\":true,\"primaryKey\":true}],\"defaultTo\":null,\"notNullable\":true,\"unsigned\":false},{\"name\":\"service_id\",\"type\":\"integer\",\"args\":[],\"defaultTo\":null,\"notNullable\":false,\"unsigned\":true},{\"name\":\"inv_service_id\",\"type\":\"integer\",\"args\":[],\"defaultTo\":null,\"notNullable\":false,\"unsigned\":true},{\"name\":\"service_order\",\"type\":\"double\",\"args\":[],\"defaultTo\":null,\"notNullable\":false,\"unsigned\":true}]},{\"name\":\"service_categories_localizations_links\",\"indexes\":[{\"name\":\"service_categories_localizations_links_fk\",\"columns\":[\"service_category_id\"]},{\"name\":\"service_categories_localizations_links_inv_fk\",\"columns\":[\"inv_service_category_id\"]},{\"name\":\"service_categories_localizations_links_unique\",\"columns\":[\"service_category_id\",\"inv_service_category_id\"],\"type\":\"unique\"},{\"name\":\"service_categories_localizations_links_order_fk\",\"columns\":[\"service_category_order\"]}],\"foreignKeys\":[{\"name\":\"service_categories_localizations_links_fk\",\"columns\":[\"service_category_id\"],\"referencedColumns\":[\"id\"],\"referencedTable\":\"service_categories\",\"onDelete\":\"CASCADE\"},{\"name\":\"service_categories_localizations_links_inv_fk\",\"columns\":[\"inv_service_category_id\"],\"referencedColumns\":[\"id\"],\"referencedTable\":\"service_categories\",\"onDelete\":\"CASCADE\"}],\"columns\":[{\"name\":\"id\",\"type\":\"increments\",\"args\":[{\"primary\":true,\"primaryKey\":true}],\"defaultTo\":null,\"notNullable\":true,\"unsigned\":false},{\"name\":\"service_category_id\",\"type\":\"integer\",\"args\":[],\"defaultTo\":null,\"notNullable\":false,\"unsigned\":true},{\"name\":\"inv_service_category_id\",\"type\":\"integer\",\"args\":[],\"defaultTo\":null,\"notNullable\":false,\"unsigned\":true},{\"name\":\"service_category_order\",\"type\":\"double\",\"args\":[],\"defaultTo\":null,\"notNullable\":false,\"unsigned\":true}]},{\"name\":\"tags_localizations_links\",\"indexes\":[{\"name\":\"tags_localizations_links_fk\",\"columns\":[\"tag_id\"]},{\"name\":\"tags_localizations_links_inv_fk\",\"columns\":[\"inv_tag_id\"]},{\"name\":\"tags_localizations_links_unique\",\"columns\":[\"tag_id\",\"inv_tag_id\"],\"type\":\"unique\"},{\"name\":\"tags_localizations_links_order_fk\",\"columns\":[\"tag_order\"]}],\"foreignKeys\":[{\"name\":\"tags_localizations_links_fk\",\"columns\":[\"tag_id\"],\"referencedColumns\":[\"id\"],\"referencedTable\":\"tags\",\"onDelete\":\"CASCADE\"},{\"name\":\"tags_localizations_links_inv_fk\",\"columns\":[\"inv_tag_id\"],\"referencedColumns\":[\"id\"],\"referencedTable\":\"tags\",\"onDelete\":\"CASCADE\"}],\"columns\":[{\"name\":\"id\",\"type\":\"increments\",\"args\":[{\"primary\":true,\"primaryKey\":true}],\"defaultTo\":null,\"notNullable\":true,\"unsigned\":false},{\"name\":\"tag_id\",\"type\":\"integer\",\"args\":[],\"defaultTo\":null,\"notNullable\":false,\"unsigned\":true},{\"name\":\"inv_tag_id\",\"type\":\"integer\",\"args\":[],\"defaultTo\":null,\"notNullable\":false,\"unsigned\":true},{\"name\":\"tag_order\",\"type\":\"double\",\"args\":[],\"defaultTo\":null,\"notNullable\":false,\"unsigned\":true}]},{\"name\":\"components_shared_link_items_components\",\"indexes\":[{\"name\":\"components_shared_link_items_field_index\",\"columns\":[\"field\"]},{\"name\":\"components_shared_link_items_component_type_index\",\"columns\":[\"component_type\"]},{\"name\":\"components_shared_link_items_entity_fk\",\"columns\":[\"entity_id\"]},{\"name\":\"components_shared_link_items_unique\",\"columns\":[\"entity_id\",\"component_id\",\"field\",\"component_type\"],\"type\":\"unique\"}],\"foreignKeys\":[{\"name\":\"components_shared_link_items_entity_fk\",\"columns\":[\"entity_id\"],\"referencedColumns\":[\"id\"],\"referencedTable\":\"components_shared_link_items\",\"onDelete\":\"CASCADE\"}],\"columns\":[{\"name\":\"id\",\"type\":\"increments\",\"args\":[{\"primary\":true,\"primaryKey\":true}],\"defaultTo\":null,\"notNullable\":true,\"unsigned\":false},{\"name\":\"entity_id\",\"type\":\"integer\",\"args\":[],\"defaultTo\":null,\"notNullable\":false,\"unsigned\":true},{\"name\":\"component_id\",\"type\":\"integer\",\"args\":[],\"defaultTo\":null,\"notNullable\":false,\"unsigned\":true},{\"name\":\"component_type\",\"type\":\"string\",\"args\":[],\"defaultTo\":null,\"notNullable\":false,\"unsigned\":false},{\"name\":\"field\",\"type\":\"string\",\"args\":[],\"defaultTo\":null,\"notNullable\":false,\"unsigned\":false},{\"name\":\"order\",\"type\":\"double\",\"args\":[],\"defaultTo\":null,\"notNullable\":false,\"unsigned\":true}]},{\"name\":\"components_shared_feature_items_components\",\"indexes\":[{\"name\":\"components_shared_feature_items_field_index\",\"columns\":[\"field\"]},{\"name\":\"components_shared_feature_items_component_type_index\",\"columns\":[\"component_type\"]},{\"name\":\"components_shared_feature_items_entity_fk\",\"columns\":[\"entity_id\"]},{\"name\":\"components_shared_feature_items_unique\",\"columns\":[\"entity_id\",\"component_id\",\"field\",\"component_type\"],\"type\":\"unique\"}],\"foreignKeys\":[{\"name\":\"components_shared_feature_items_entity_fk\",\"columns\":[\"entity_id\"],\"referencedColumns\":[\"id\"],\"referencedTable\":\"components_shared_feature_items\",\"onDelete\":\"CASCADE\"}],\"columns\":[{\"name\":\"id\",\"type\":\"increments\",\"args\":[{\"primary\":true,\"primaryKey\":true}],\"defaultTo\":null,\"notNullable\":true,\"unsigned\":false},{\"name\":\"entity_id\",\"type\":\"integer\",\"args\":[],\"defaultTo\":null,\"notNullable\":false,\"unsigned\":true},{\"name\":\"component_id\",\"type\":\"integer\",\"args\":[],\"defaultTo\":null,\"notNullable\":false,\"unsigned\":true},{\"name\":\"component_type\",\"type\":\"string\",\"args\":[],\"defaultTo\":null,\"notNullable\":false,\"unsigned\":false},{\"name\":\"field\",\"type\":\"string\",\"args\":[],\"defaultTo\":null,\"notNullable\":false,\"unsigned\":false},{\"name\":\"order\",\"type\":\"double\",\"args\":[],\"defaultTo\":null,\"notNullable\":false,\"unsigned\":true}]},{\"name\":\"components_sections_trust_signal_sections_components\",\"indexes\":[{\"name\":\"components_sections_trust_signal_sections_field_index\",\"columns\":[\"field\"]},{\"name\":\"components_sections_trust_signal_sections_component_type_index\",\"columns\":[\"component_type\"]},{\"name\":\"components_sections_trust_signal_sections_entity_fk\",\"columns\":[\"entity_id\"]},{\"name\":\"components_sections_trust_signal_sections_unique\",\"columns\":[\"entity_id\",\"component_id\",\"field\",\"component_type\"],\"type\":\"unique\"}],\"foreignKeys\":[{\"name\":\"components_sections_trust_signal_sections_entity_fk\",\"columns\":[\"entity_id\"],\"referencedColumns\":[\"id\"],\"referencedTable\":\"components_sections_trust_signal_sections\",\"onDelete\":\"CASCADE\"}],\"columns\":[{\"name\":\"id\",\"type\":\"increments\",\"args\":[{\"primary\":true,\"primaryKey\":true}],\"defaultTo\":null,\"notNullable\":true,\"unsigned\":false},{\"name\":\"entity_id\",\"type\":\"integer\",\"args\":[],\"defaultTo\":null,\"notNullable\":false,\"unsigned\":true},{\"name\":\"component_id\",\"type\":\"integer\",\"args\":[],\"defaultTo\":null,\"notNullable\":false,\"unsigned\":true},{\"name\":\"component_type\",\"type\":\"string\",\"args\":[],\"defaultTo\":null,\"notNullable\":false,\"unsigned\":false},{\"name\":\"field\",\"type\":\"string\",\"args\":[],\"defaultTo\":null,\"notNullable\":false,\"unsigned\":false},{\"name\":\"order\",\"type\":\"double\",\"args\":[],\"defaultTo\":null,\"notNullable\":false,\"unsigned\":true}]},{\"name\":\"components_sections_timeline_sections_components\",\"indexes\":[{\"name\":\"components_sections_timeline_sections_field_index\",\"columns\":[\"field\"]},{\"name\":\"components_sections_timeline_sections_component_type_index\",\"columns\":[\"component_type\"]},{\"name\":\"components_sections_timeline_sections_entity_fk\",\"columns\":[\"entity_id\"]},{\"name\":\"components_sections_timeline_sections_unique\",\"columns\":[\"entity_id\",\"component_id\",\"field\",\"component_type\"],\"type\":\"unique\"}],\"foreignKeys\":[{\"name\":\"components_sections_timeline_sections_entity_fk\",\"columns\":[\"entity_id\"],\"referencedColumns\":[\"id\"],\"referencedTable\":\"components_sections_timeline_sections\",\"onDelete\":\"CASCADE\"}],\"columns\":[{\"name\":\"id\",\"type\":\"increments\",\"args\":[{\"primary\":true,\"primaryKey\":true}],\"defaultTo\":null,\"notNullable\":true,\"unsigned\":false},{\"name\":\"entity_id\",\"type\":\"integer\",\"args\":[],\"defaultTo\":null,\"notNullable\":false,\"unsigned\":true},{\"name\":\"component_id\",\"type\":\"integer\",\"args\":[],\"defaultTo\":null,\"notNullable\":false,\"unsigned\":true},{\"name\":\"component_type\",\"type\":\"string\",\"args\":[],\"defaultTo\":null,\"notNullable\":false,\"unsigned\":false},{\"name\":\"field\",\"type\":\"string\",\"args\":[],\"defaultTo\":null,\"notNullable\":false,\"unsigned\":false},{\"name\":\"order\",\"type\":\"double\",\"args\":[],\"defaultTo\":null,\"notNullable\":false,\"unsigned\":true}]},{\"name\":\"components_sections_table_blocks_components\",\"indexes\":[{\"name\":\"components_sections_table_blocks_field_index\",\"columns\":[\"field\"]},{\"name\":\"components_sections_table_blocks_component_type_index\",\"columns\":[\"component_type\"]},{\"name\":\"components_sections_table_blocks_entity_fk\",\"columns\":[\"entity_id\"]},{\"name\":\"components_sections_table_blocks_unique\",\"columns\":[\"entity_id\",\"component_id\",\"field\",\"component_type\"],\"type\":\"unique\"}],\"foreignKeys\":[{\"name\":\"components_sections_table_blocks_entity_fk\",\"columns\":[\"entity_id\"],\"referencedColumns\":[\"id\"],\"referencedTable\":\"components_sections_table_blocks\",\"onDelete\":\"CASCADE\"}],\"columns\":[{\"name\":\"id\",\"type\":\"increments\",\"args\":[{\"primary\":true,\"primaryKey\":true}],\"defaultTo\":null,\"notNullable\":true,\"unsigned\":false},{\"name\":\"entity_id\",\"type\":\"integer\",\"args\":[],\"defaultTo\":null,\"notNullable\":false,\"unsigned\":true},{\"name\":\"component_id\",\"type\":\"integer\",\"args\":[],\"defaultTo\":null,\"notNullable\":false,\"unsigned\":true},{\"name\":\"component_type\",\"type\":\"string\",\"args\":[],\"defaultTo\":null,\"notNullable\":false,\"unsigned\":false},{\"name\":\"field\",\"type\":\"string\",\"args\":[],\"defaultTo\":null,\"notNullable\":false,\"unsigned\":false},{\"name\":\"order\",\"type\":\"double\",\"args\":[],\"defaultTo\":null,\"notNullable\":false,\"unsigned\":true}]},{\"name\":\"components_sections_stats_sections_components\",\"indexes\":[{\"name\":\"components_sections_stats_sections_field_index\",\"columns\":[\"field\"]},{\"name\":\"components_sections_stats_sections_component_type_index\",\"columns\":[\"component_type\"]},{\"name\":\"components_sections_stats_sections_entity_fk\",\"columns\":[\"entity_id\"]},{\"name\":\"components_sections_stats_sections_unique\",\"columns\":[\"entity_id\",\"component_id\",\"field\",\"component_type\"],\"type\":\"unique\"}],\"foreignKeys\":[{\"name\":\"components_sections_stats_sections_entity_fk\",\"columns\":[\"entity_id\"],\"referencedColumns\":[\"id\"],\"referencedTable\":\"components_sections_stats_sections\",\"onDelete\":\"CASCADE\"}],\"columns\":[{\"name\":\"id\",\"type\":\"increments\",\"args\":[{\"primary\":true,\"primaryKey\":true}],\"defaultTo\":null,\"notNullable\":true,\"unsigned\":false},{\"name\":\"entity_id\",\"type\":\"integer\",\"args\":[],\"defaultTo\":null,\"notNullable\":false,\"unsigned\":true},{\"name\":\"component_id\",\"type\":\"integer\",\"args\":[],\"defaultTo\":null,\"notNullable\":false,\"unsigned\":true},{\"name\":\"component_type\",\"type\":\"string\",\"args\":[],\"defaultTo\":null,\"notNullable\":false,\"unsigned\":false},{\"name\":\"field\",\"type\":\"string\",\"args\":[],\"defaultTo\":null,\"notNullable\":false,\"unsigned\":false},{\"name\":\"order\",\"type\":\"double\",\"args\":[],\"defaultTo\":null,\"notNullable\":false,\"unsigned\":true}]},{\"name\":\"components_sections_related_contents_content_type_links\",\"indexes\":[{\"name\":\"components_sections_related_contents_content_type_links_fk\",\"columns\":[\"related_content_section_id\"]},{\"name\":\"components_sections_related_contents_content_type_links_inv_fk\",\"columns\":[\"related_content_type_id\"]},{\"name\":\"components_sections_related_contents_content_type_links_unique\",\"columns\":[\"related_content_section_id\",\"related_content_type_id\"],\"type\":\"unique\"}],\"foreignKeys\":[{\"name\":\"components_sections_related_contents_content_type_links_fk\",\"columns\":[\"related_content_section_id\"],\"referencedColumns\":[\"id\"],\"referencedTable\":\"components_sections_related_contents\",\"onDelete\":\"CASCADE\"},{\"name\":\"components_sections_related_contents_content_type_links_inv_fk\",\"columns\":[\"related_content_type_id\"],\"referencedColumns\":[\"id\"],\"referencedTable\":\"related_content_types\",\"onDelete\":\"CASCADE\"}],\"columns\":[{\"name\":\"id\",\"type\":\"increments\",\"args\":[{\"primary\":true,\"primaryKey\":true}],\"defaultTo\":null,\"notNullable\":true,\"unsigned\":false},{\"name\":\"related_content_section_id\",\"type\":\"integer\",\"args\":[],\"defaultTo\":null,\"notNullable\":false,\"unsigned\":true},{\"name\":\"related_content_type_id\",\"type\":\"integer\",\"args\":[],\"defaultTo\":null,\"notNullable\":false,\"unsigned\":true}]},{\"name\":\"components_home_one_shinhan_sections_components\",\"indexes\":[{\"name\":\"components_home_one_shinhan_sections_field_index\",\"columns\":[\"field\"]},{\"name\":\"components_home_one_shinhan_sections_component_type_index\",\"columns\":[\"component_type\"]},{\"name\":\"components_home_one_shinhan_sections_entity_fk\",\"columns\":[\"entity_id\"]},{\"name\":\"components_home_one_shinhan_sections_unique\",\"columns\":[\"entity_id\",\"component_id\",\"field\",\"component_type\"],\"type\":\"unique\"}],\"foreignKeys\":[{\"name\":\"components_home_one_shinhan_sections_entity_fk\",\"columns\":[\"entity_id\"],\"referencedColumns\":[\"id\"],\"referencedTable\":\"components_home_one_shinhan_sections\",\"onDelete\":\"CASCADE\"}],\"columns\":[{\"name\":\"id\",\"type\":\"increments\",\"args\":[{\"primary\":true,\"primaryKey\":true}],\"defaultTo\":null,\"notNullable\":true,\"unsigned\":false},{\"name\":\"entity_id\",\"type\":\"integer\",\"args\":[],\"defaultTo\":null,\"notNullable\":false,\"unsigned\":true},{\"name\":\"component_id\",\"type\":\"integer\",\"args\":[],\"defaultTo\":null,\"notNullable\":false,\"unsigned\":true},{\"name\":\"component_type\",\"type\":\"string\",\"args\":[],\"defaultTo\":null,\"notNullable\":false,\"unsigned\":false},{\"name\":\"field\",\"type\":\"string\",\"args\":[],\"defaultTo\":null,\"notNullable\":false,\"unsigned\":false},{\"name\":\"order\",\"type\":\"double\",\"args\":[],\"defaultTo\":null,\"notNullable\":false,\"unsigned\":true}]},{\"name\":\"components_home_ecosystem_sections_components\",\"indexes\":[{\"name\":\"components_home_ecosystem_sections_field_index\",\"columns\":[\"field\"]},{\"name\":\"components_home_ecosystem_sections_component_type_index\",\"columns\":[\"component_type\"]},{\"name\":\"components_home_ecosystem_sections_entity_fk\",\"columns\":[\"entity_id\"]},{\"name\":\"components_home_ecosystem_sections_unique\",\"columns\":[\"entity_id\",\"component_id\",\"field\",\"component_type\"],\"type\":\"unique\"}],\"foreignKeys\":[{\"name\":\"components_home_ecosystem_sections_entity_fk\",\"columns\":[\"entity_id\"],\"referencedColumns\":[\"id\"],\"referencedTable\":\"components_home_ecosystem_sections\",\"onDelete\":\"CASCADE\"}],\"columns\":[{\"name\":\"id\",\"type\":\"increments\",\"args\":[{\"primary\":true,\"primaryKey\":true}],\"defaultTo\":null,\"notNullable\":true,\"unsigned\":false},{\"name\":\"entity_id\",\"type\":\"integer\",\"args\":[],\"defaultTo\":null,\"notNullable\":false,\"unsigned\":true},{\"name\":\"component_id\",\"type\":\"integer\",\"args\":[],\"defaultTo\":null,\"notNullable\":false,\"unsigned\":true},{\"name\":\"component_type\",\"type\":\"string\",\"args\":[],\"defaultTo\":null,\"notNullable\":false,\"unsigned\":false},{\"name\":\"field\",\"type\":\"string\",\"args\":[],\"defaultTo\":null,\"notNullable\":false,\"unsigned\":false},{\"name\":\"order\",\"type\":\"double\",\"args\":[],\"defaultTo\":null,\"notNullable\":false,\"unsigned\":true}]},{\"name\":\"components_home_ai_stack_sections_components\",\"indexes\":[{\"name\":\"components_home_ai_stack_sections_field_index\",\"columns\":[\"field\"]},{\"name\":\"components_home_ai_stack_sections_component_type_index\",\"columns\":[\"component_type\"]},{\"name\":\"components_home_ai_stack_sections_entity_fk\",\"columns\":[\"entity_id\"]},{\"name\":\"components_home_ai_stack_sections_unique\",\"columns\":[\"entity_id\",\"component_id\",\"field\",\"component_type\"],\"type\":\"unique\"}],\"foreignKeys\":[{\"name\":\"components_home_ai_stack_sections_entity_fk\",\"columns\":[\"entity_id\"],\"referencedColumns\":[\"id\"],\"referencedTable\":\"components_home_ai_stack_sections\",\"onDelete\":\"CASCADE\"}],\"columns\":[{\"name\":\"id\",\"type\":\"increments\",\"args\":[{\"primary\":true,\"primaryKey\":true}],\"defaultTo\":null,\"notNullable\":true,\"unsigned\":false},{\"name\":\"entity_id\",\"type\":\"integer\",\"args\":[],\"defaultTo\":null,\"notNullable\":false,\"unsigned\":true},{\"name\":\"component_id\",\"type\":\"integer\",\"args\":[],\"defaultTo\":null,\"notNullable\":false,\"unsigned\":true},{\"name\":\"component_type\",\"type\":\"string\",\"args\":[],\"defaultTo\":null,\"notNullable\":false,\"unsigned\":false},{\"name\":\"field\",\"type\":\"string\",\"args\":[],\"defaultTo\":null,\"notNullable\":false,\"unsigned\":false},{\"name\":\"order\",\"type\":\"double\",\"args\":[],\"defaultTo\":null,\"notNullable\":false,\"unsigned\":true}]},{\"name\":\"components_sections_hero_blocks_components\",\"indexes\":[{\"name\":\"components_sections_hero_blocks_field_index\",\"columns\":[\"field\"]},{\"name\":\"components_sections_hero_blocks_component_type_index\",\"columns\":[\"component_type\"]},{\"name\":\"components_sections_hero_blocks_entity_fk\",\"columns\":[\"entity_id\"]},{\"name\":\"components_sections_hero_blocks_unique\",\"columns\":[\"entity_id\",\"component_id\",\"field\",\"component_type\"],\"type\":\"unique\"}],\"foreignKeys\":[{\"name\":\"components_sections_hero_blocks_entity_fk\",\"columns\":[\"entity_id\"],\"referencedColumns\":[\"id\"],\"referencedTable\":\"components_sections_hero_blocks\",\"onDelete\":\"CASCADE\"}],\"columns\":[{\"name\":\"id\",\"type\":\"increments\",\"args\":[{\"primary\":true,\"primaryKey\":true}],\"defaultTo\":null,\"notNullable\":true,\"unsigned\":false},{\"name\":\"entity_id\",\"type\":\"integer\",\"args\":[],\"defaultTo\":null,\"notNullable\":false,\"unsigned\":true},{\"name\":\"component_id\",\"type\":\"integer\",\"args\":[],\"defaultTo\":null,\"notNullable\":false,\"unsigned\":true},{\"name\":\"component_type\",\"type\":\"string\",\"args\":[],\"defaultTo\":null,\"notNullable\":false,\"unsigned\":false},{\"name\":\"field\",\"type\":\"string\",\"args\":[],\"defaultTo\":null,\"notNullable\":false,\"unsigned\":false},{\"name\":\"order\",\"type\":\"double\",\"args\":[],\"defaultTo\":null,\"notNullable\":false,\"unsigned\":true}]},{\"name\":\"components_sections_feature_card_sections_components\",\"indexes\":[{\"name\":\"components_sections_feature_card_sections_field_index\",\"columns\":[\"field\"]},{\"name\":\"components_sections_feature_card_sections_component_type_index\",\"columns\":[\"component_type\"]},{\"name\":\"components_sections_feature_card_sections_entity_fk\",\"columns\":[\"entity_id\"]},{\"name\":\"components_sections_feature_card_sections_unique\",\"columns\":[\"entity_id\",\"component_id\",\"field\",\"component_type\"],\"type\":\"unique\"}],\"foreignKeys\":[{\"name\":\"components_sections_feature_card_sections_entity_fk\",\"columns\":[\"entity_id\"],\"referencedColumns\":[\"id\"],\"referencedTable\":\"components_sections_feature_card_sections\",\"onDelete\":\"CASCADE\"}],\"columns\":[{\"name\":\"id\",\"type\":\"increments\",\"args\":[{\"primary\":true,\"primaryKey\":true}],\"defaultTo\":null,\"notNullable\":true,\"unsigned\":false},{\"name\":\"entity_id\",\"type\":\"integer\",\"args\":[],\"defaultTo\":null,\"notNullable\":false,\"unsigned\":true},{\"name\":\"component_id\",\"type\":\"integer\",\"args\":[],\"defaultTo\":null,\"notNullable\":false,\"unsigned\":true},{\"name\":\"component_type\",\"type\":\"string\",\"args\":[],\"defaultTo\":null,\"notNullable\":false,\"unsigned\":false},{\"name\":\"field\",\"type\":\"string\",\"args\":[],\"defaultTo\":null,\"notNullable\":false,\"unsigned\":false},{\"name\":\"order\",\"type\":\"double\",\"args\":[],\"defaultTo\":null,\"notNullable\":false,\"unsigned\":true}]},{\"name\":\"components_sections_cta_sections_components\",\"indexes\":[{\"name\":\"components_sections_cta_sections_field_index\",\"columns\":[\"field\"]},{\"name\":\"components_sections_cta_sections_component_type_index\",\"columns\":[\"component_type\"]},{\"name\":\"components_sections_cta_sections_entity_fk\",\"columns\":[\"entity_id\"]},{\"name\":\"components_sections_cta_sections_unique\",\"columns\":[\"entity_id\",\"component_id\",\"field\",\"component_type\"],\"type\":\"unique\"}],\"foreignKeys\":[{\"name\":\"components_sections_cta_sections_entity_fk\",\"columns\":[\"entity_id\"],\"referencedColumns\":[\"id\"],\"referencedTable\":\"components_sections_cta_sections\",\"onDelete\":\"CASCADE\"}],\"columns\":[{\"name\":\"id\",\"type\":\"increments\",\"args\":[{\"primary\":true,\"primaryKey\":true}],\"defaultTo\":null,\"notNullable\":true,\"unsigned\":false},{\"name\":\"entity_id\",\"type\":\"integer\",\"args\":[],\"defaultTo\":null,\"notNullable\":false,\"unsigned\":true},{\"name\":\"component_id\",\"type\":\"integer\",\"args\":[],\"defaultTo\":null,\"notNullable\":false,\"unsigned\":true},{\"name\":\"component_type\",\"type\":\"string\",\"args\":[],\"defaultTo\":null,\"notNullable\":false,\"unsigned\":false},{\"name\":\"field\",\"type\":\"string\",\"args\":[],\"defaultTo\":null,\"notNullable\":false,\"unsigned\":false},{\"name\":\"order\",\"type\":\"double\",\"args\":[],\"defaultTo\":null,\"notNullable\":false,\"unsigned\":true}]}]}', '2026-04-20 16:18:58', '1e4e7cbdd5131c9147f52b76c709f0b4');

-- --------------------------------------------------------

--
-- Table structure for table `strapi_migrations`
--

CREATE TABLE `strapi_migrations` (
  `id` int(10) UNSIGNED NOT NULL,
  `name` varchar(255) DEFAULT NULL,
  `time` datetime DEFAULT NULL
) ENGINE=InnoDB DEFAULT CHARSET=utf8mb4 COLLATE=utf8mb4_unicode_ci;

-- --------------------------------------------------------

--
-- Table structure for table `strapi_releases`
--

CREATE TABLE `strapi_releases` (
  `id` int(10) UNSIGNED NOT NULL,
  `name` varchar(255) DEFAULT NULL,
  `released_at` datetime(6) DEFAULT NULL,
  `scheduled_at` datetime(6) DEFAULT NULL,
  `timezone` varchar(255) DEFAULT NULL,
  `status` varchar(255) DEFAULT NULL,
  `created_at` datetime(6) DEFAULT NULL,
  `updated_at` datetime(6) DEFAULT NULL,
  `created_by_id` int(10) UNSIGNED DEFAULT NULL,
  `updated_by_id` int(10) UNSIGNED DEFAULT NULL
) ENGINE=InnoDB DEFAULT CHARSET=utf8mb4 COLLATE=utf8mb4_unicode_ci;

-- --------------------------------------------------------

--
-- Table structure for table `strapi_release_actions`
--

CREATE TABLE `strapi_release_actions` (
  `id` int(10) UNSIGNED NOT NULL,
  `type` varchar(255) DEFAULT NULL,
  `target_id` int(10) UNSIGNED DEFAULT NULL,
  `target_type` varchar(255) DEFAULT NULL,
  `content_type` varchar(255) DEFAULT NULL,
  `locale` varchar(255) DEFAULT NULL,
  `is_entry_valid` tinyint(1) DEFAULT NULL,
  `created_at` datetime(6) DEFAULT NULL,
  `updated_at` datetime(6) DEFAULT NULL,
  `created_by_id` int(10) UNSIGNED DEFAULT NULL,
  `updated_by_id` int(10) UNSIGNED DEFAULT NULL
) ENGINE=InnoDB DEFAULT CHARSET=utf8mb4 COLLATE=utf8mb4_unicode_ci;

-- --------------------------------------------------------

--
-- Table structure for table `strapi_release_actions_release_links`
--

CREATE TABLE `strapi_release_actions_release_links` (
  `id` int(10) UNSIGNED NOT NULL,
  `release_action_id` int(10) UNSIGNED DEFAULT NULL,
  `release_id` int(10) UNSIGNED DEFAULT NULL,
  `release_action_order` double UNSIGNED DEFAULT NULL
) ENGINE=InnoDB DEFAULT CHARSET=utf8mb4 COLLATE=utf8mb4_unicode_ci;

-- --------------------------------------------------------

--
-- Table structure for table `strapi_transfer_tokens`
--

CREATE TABLE `strapi_transfer_tokens` (
  `id` int(10) UNSIGNED NOT NULL,
  `name` varchar(255) DEFAULT NULL,
  `description` varchar(255) DEFAULT NULL,
  `access_key` varchar(255) DEFAULT NULL,
  `last_used_at` datetime(6) DEFAULT NULL,
  `expires_at` datetime(6) DEFAULT NULL,
  `lifespan` bigint(20) DEFAULT NULL,
  `created_at` datetime(6) DEFAULT NULL,
  `updated_at` datetime(6) DEFAULT NULL,
  `created_by_id` int(10) UNSIGNED DEFAULT NULL,
  `updated_by_id` int(10) UNSIGNED DEFAULT NULL
) ENGINE=InnoDB DEFAULT CHARSET=utf8mb4 COLLATE=utf8mb4_unicode_ci;

-- --------------------------------------------------------

--
-- Table structure for table `strapi_transfer_token_permissions`
--

CREATE TABLE `strapi_transfer_token_permissions` (
  `id` int(10) UNSIGNED NOT NULL,
  `action` varchar(255) DEFAULT NULL,
  `created_at` datetime(6) DEFAULT NULL,
  `updated_at` datetime(6) DEFAULT NULL,
  `created_by_id` int(10) UNSIGNED DEFAULT NULL,
  `updated_by_id` int(10) UNSIGNED DEFAULT NULL
) ENGINE=InnoDB DEFAULT CHARSET=utf8mb4 COLLATE=utf8mb4_unicode_ci;

-- --------------------------------------------------------

--
-- Table structure for table `strapi_transfer_token_permissions_token_links`
--

CREATE TABLE `strapi_transfer_token_permissions_token_links` (
  `id` int(10) UNSIGNED NOT NULL,
  `transfer_token_permission_id` int(10) UNSIGNED DEFAULT NULL,
  `transfer_token_id` int(10) UNSIGNED DEFAULT NULL,
  `transfer_token_permission_order` double UNSIGNED DEFAULT NULL
) ENGINE=InnoDB DEFAULT CHARSET=utf8mb4 COLLATE=utf8mb4_unicode_ci;

-- --------------------------------------------------------

--
-- Table structure for table `strapi_webhooks`
--

CREATE TABLE `strapi_webhooks` (
  `id` int(10) UNSIGNED NOT NULL,
  `name` varchar(255) DEFAULT NULL,
  `url` longtext DEFAULT NULL,
  `headers` longtext CHARACTER SET utf8mb4 COLLATE utf8mb4_bin DEFAULT NULL CHECK (json_valid(`headers`)),
  `events` longtext CHARACTER SET utf8mb4 COLLATE utf8mb4_bin DEFAULT NULL CHECK (json_valid(`events`)),
  `enabled` tinyint(1) DEFAULT NULL
) ENGINE=InnoDB DEFAULT CHARSET=utf8mb4 COLLATE=utf8mb4_unicode_ci;

-- --------------------------------------------------------

--
-- Table structure for table `tags`
--

CREATE TABLE `tags` (
  `id` int(10) UNSIGNED NOT NULL,
  `name` varchar(255) DEFAULT NULL,
  `slug` varchar(255) DEFAULT NULL,
  `description` longtext DEFAULT NULL,
  `created_at` datetime(6) DEFAULT NULL,
  `updated_at` datetime(6) DEFAULT NULL,
  `published_at` datetime(6) DEFAULT NULL,
  `created_by_id` int(10) UNSIGNED DEFAULT NULL,
  `updated_by_id` int(10) UNSIGNED DEFAULT NULL,
  `locale` varchar(255) DEFAULT NULL
) ENGINE=InnoDB DEFAULT CHARSET=utf8mb4 COLLATE=utf8mb4_unicode_ci;

--
-- Dumping data for table `tags`
--

INSERT INTO `tags` (`id`, `name`, `slug`, `description`, `created_at`, `updated_at`, `published_at`, `created_by_id`, `updated_by_id`, `locale`) VALUES
(1, 'Thị trường', 'thi-truong', NULL, '2026-04-11 12:42:14.491000', '2026-04-20 16:48:02.257000', '2026-04-20 16:47:59.478000', NULL, NULL, 'vi'),
(2, 'Chiến lược', 'chien-luoc', NULL, '2026-04-11 12:42:14.492000', '2026-04-20 16:48:02.261000', '2026-04-20 16:47:59.478000', NULL, NULL, 'vi'),
(3, 'Doanh nghiệp', 'doanh-nghiep', NULL, '2026-04-11 12:42:14.493000', '2026-04-20 16:48:02.265000', '2026-04-20 16:47:59.478000', NULL, NULL, 'vi'),
(4, 'Đầu tư dài hạn', 'dau-tu-dai-han', NULL, '2026-04-11 12:42:14.494000', '2026-04-20 16:48:02.269000', '2026-04-20 16:47:59.478000', NULL, NULL, 'vi'),
(5, 'Market', 'market', NULL, '2026-04-11 12:42:14.685000', '2026-04-20 16:48:05.224000', '2026-04-20 16:47:59.478000', NULL, NULL, 'en'),
(6, 'Strategy', 'strategy', NULL, '2026-04-11 12:42:14.686000', '2026-04-20 16:48:05.227000', '2026-04-20 16:47:59.478000', NULL, NULL, 'en'),
(7, 'Corporate', 'corporate', NULL, '2026-04-11 12:42:14.688000', '2026-04-20 16:48:05.229000', '2026-04-20 16:47:59.478000', NULL, NULL, 'en'),
(8, 'Long-term investing', 'long-term-investing', NULL, '2026-04-11 12:42:14.690000', '2026-04-20 16:48:05.232000', '2026-04-20 16:47:59.478000', NULL, NULL, 'en');

-- --------------------------------------------------------

--
-- Table structure for table `tags_localizations_links`
--

CREATE TABLE `tags_localizations_links` (
  `id` int(10) UNSIGNED NOT NULL,
  `tag_id` int(10) UNSIGNED DEFAULT NULL,
  `inv_tag_id` int(10) UNSIGNED DEFAULT NULL,
  `tag_order` double UNSIGNED DEFAULT NULL
) ENGINE=InnoDB DEFAULT CHARSET=utf8mb4 COLLATE=utf8mb4_unicode_ci;

-- --------------------------------------------------------

--
-- Table structure for table `upload_folders`
--

CREATE TABLE `upload_folders` (
  `id` int(10) UNSIGNED NOT NULL,
  `name` varchar(255) DEFAULT NULL,
  `path_id` int(11) DEFAULT NULL,
  `path` varchar(255) DEFAULT NULL,
  `created_at` datetime(6) DEFAULT NULL,
  `updated_at` datetime(6) DEFAULT NULL,
  `created_by_id` int(10) UNSIGNED DEFAULT NULL,
  `updated_by_id` int(10) UNSIGNED DEFAULT NULL
) ENGINE=InnoDB DEFAULT CHARSET=utf8mb4 COLLATE=utf8mb4_unicode_ci;

-- --------------------------------------------------------

--
-- Table structure for table `upload_folders_parent_links`
--

CREATE TABLE `upload_folders_parent_links` (
  `id` int(10) UNSIGNED NOT NULL,
  `folder_id` int(10) UNSIGNED DEFAULT NULL,
  `inv_folder_id` int(10) UNSIGNED DEFAULT NULL,
  `folder_order` double UNSIGNED DEFAULT NULL
) ENGINE=InnoDB DEFAULT CHARSET=utf8mb4 COLLATE=utf8mb4_unicode_ci;

-- --------------------------------------------------------

--
-- Table structure for table `up_permissions`
--

CREATE TABLE `up_permissions` (
  `id` int(10) UNSIGNED NOT NULL,
  `action` varchar(255) DEFAULT NULL,
  `created_at` datetime(6) DEFAULT NULL,
  `updated_at` datetime(6) DEFAULT NULL,
  `created_by_id` int(10) UNSIGNED DEFAULT NULL,
  `updated_by_id` int(10) UNSIGNED DEFAULT NULL
) ENGINE=InnoDB DEFAULT CHARSET=utf8mb4 COLLATE=utf8mb4_unicode_ci;

--
-- Dumping data for table `up_permissions`
--

INSERT INTO `up_permissions` (`id`, `action`, `created_at`, `updated_at`, `created_by_id`, `updated_by_id`) VALUES
(1, 'plugin::users-permissions.user.me', '2026-04-11 12:42:13.734000', '2026-04-11 12:42:13.734000', NULL, NULL),
(2, 'plugin::users-permissions.auth.changePassword', '2026-04-11 12:42:13.734000', '2026-04-11 12:42:13.734000', NULL, NULL),
(3, 'plugin::users-permissions.auth.callback', '2026-04-11 12:42:13.738000', '2026-04-11 12:42:13.738000', NULL, NULL),
(4, 'plugin::users-permissions.auth.connect', '2026-04-11 12:42:13.738000', '2026-04-11 12:42:13.738000', NULL, NULL),
(5, 'plugin::users-permissions.auth.forgotPassword', '2026-04-11 12:42:13.738000', '2026-04-11 12:42:13.738000', NULL, NULL),
(6, 'plugin::users-permissions.auth.resetPassword', '2026-04-11 12:42:13.738000', '2026-04-11 12:42:13.738000', NULL, NULL),
(7, 'plugin::users-permissions.auth.sendEmailConfirmation', '2026-04-11 12:42:13.738000', '2026-04-11 12:42:13.738000', NULL, NULL),
(8, 'plugin::users-permissions.auth.register', '2026-04-11 12:42:13.738000', '2026-04-11 12:42:13.738000', NULL, NULL),
(9, 'plugin::users-permissions.auth.emailConfirmation', '2026-04-11 12:42:13.738000', '2026-04-11 12:42:13.738000', NULL, NULL),
(12, 'api::global-setting.global-setting.find', '2026-04-11 12:42:14.376000', '2026-04-20 16:48:00.991000', NULL, NULL),
(13, 'api::header-navigation.header-navigation.find', '2026-04-11 12:42:14.378000', '2026-04-20 16:48:00.994000', NULL, NULL),
(14, 'api::footer-navigation.footer-navigation.find', '2026-04-11 12:42:14.378000', '2026-04-20 16:48:00.996000', NULL, NULL),
(15, 'api::homepage.homepage.find', '2026-04-11 12:42:14.379000', '2026-04-20 16:48:00.999000', NULL, NULL),
(16, 'api::seo-default.seo-default.find', '2026-04-11 12:42:14.381000', '2026-04-20 16:48:01.001000', NULL, NULL),
(17, 'api::contact-page-setting.contact-page-setting.find', '2026-04-11 12:42:14.382000', '2026-04-20 16:48:01.004000', NULL, NULL),
(18, 'api::page.page.find', '2026-04-11 12:42:14.383000', '2026-04-20 16:48:01.005000', NULL, NULL),
(19, 'api::page.page.findOne', '2026-04-11 12:42:14.384000', '2026-04-20 16:48:01.007000', NULL, NULL),
(20, 'api::service-category.service-category.find', '2026-04-11 12:42:14.384000', '2026-04-20 16:48:01.012000', NULL, NULL),
(21, 'api::service-category.service-category.findOne', '2026-04-11 12:42:14.385000', '2026-04-20 16:48:01.013000', NULL, NULL),
(22, 'api::service.service.find', '2026-04-11 12:42:14.386000', '2026-04-20 16:48:01.015000', NULL, NULL),
(23, 'api::service.service.findOne', '2026-04-11 12:42:14.387000', '2026-04-20 16:48:01.017000', NULL, NULL),
(24, 'api::news-category.news-category.find', '2026-04-11 12:42:14.388000', '2026-04-20 16:48:01.019000', NULL, NULL),
(25, 'api::news-category.news-category.findOne', '2026-04-11 12:42:14.389000', '2026-04-20 16:48:01.021000', NULL, NULL),
(26, 'api::news-article.news-article.find', '2026-04-11 12:42:14.390000', '2026-04-20 16:48:01.023000', NULL, NULL),
(27, 'api::news-article.news-article.findOne', '2026-04-11 12:42:14.390000', '2026-04-20 16:48:01.024000', NULL, NULL),
(28, 'api::event-category.event-category.find', '2026-04-11 12:42:14.391000', '2026-04-20 16:48:01.027000', NULL, NULL),
(29, 'api::event-category.event-category.findOne', '2026-04-11 12:42:14.392000', '2026-04-20 16:48:01.031000', NULL, NULL),
(30, 'api::event.event.find', '2026-04-11 12:42:14.393000', '2026-04-20 16:48:01.036000', NULL, NULL),
(31, 'api::event.event.findOne', '2026-04-11 12:42:14.394000', '2026-04-20 16:48:01.039000', NULL, NULL),
(32, 'api::research-category.research-category.find', '2026-04-11 12:42:14.394000', '2026-04-20 16:48:01.043000', NULL, NULL),
(33, 'api::research-category.research-category.findOne', '2026-04-11 12:42:14.395000', '2026-04-20 16:48:01.046000', NULL, NULL),
(34, 'api::research-report.research-report.find', '2026-04-11 12:42:14.396000', '2026-04-20 16:48:01.056000', NULL, NULL),
(35, 'api::research-report.research-report.findOne', '2026-04-11 12:42:14.397000', '2026-04-20 16:48:01.059000', NULL, NULL),
(36, 'api::faq-category.faq-category.find', '2026-04-11 12:42:14.398000', '2026-04-20 16:48:01.062000', NULL, NULL),
(37, 'api::faq-category.faq-category.findOne', '2026-04-11 12:42:14.399000', '2026-04-20 16:48:01.067000', NULL, NULL),
(38, 'api::faq-item.faq-item.find', '2026-04-11 12:42:14.400000', '2026-04-20 16:48:01.082000', NULL, NULL),
(39, 'api::faq-item.faq-item.findOne', '2026-04-11 12:42:14.401000', '2026-04-20 16:48:01.085000', NULL, NULL),
(40, 'api::career-job.career-job.find', '2026-04-11 12:42:14.401000', '2026-04-20 16:48:01.088000', NULL, NULL),
(41, 'api::career-job.career-job.findOne', '2026-04-11 12:42:14.402000', '2026-04-20 16:48:01.091000', NULL, NULL),
(42, 'api::office-location.office-location.find', '2026-04-11 12:42:14.403000', '2026-04-20 16:48:01.102000', NULL, NULL),
(43, 'api::office-location.office-location.findOne', '2026-04-11 12:42:14.404000', '2026-04-20 16:48:01.106000', NULL, NULL),
(44, 'api::announcement.announcement.find', '2026-04-11 12:42:14.405000', '2026-04-20 16:48:01.109000', NULL, NULL),
(45, 'api::announcement.announcement.findOne', '2026-04-11 12:42:14.405000', '2026-04-20 16:48:01.116000', NULL, NULL),
(46, 'api::author.author.find', '2026-04-11 12:42:14.406000', '2026-04-20 16:48:01.120000', NULL, NULL),
(47, 'api::author.author.findOne', '2026-04-11 12:42:14.407000', '2026-04-20 16:48:01.123000', NULL, NULL),
(48, 'api::tag.tag.find', '2026-04-11 12:42:14.408000', '2026-04-20 16:48:01.128000', NULL, NULL),
(49, 'api::tag.tag.findOne', '2026-04-11 12:42:14.409000', '2026-04-20 16:48:01.132000', NULL, NULL),
(50, 'api::downloadable-document.downloadable-document.find', '2026-04-11 12:42:14.409000', '2026-04-20 16:48:01.137000', NULL, NULL),
(51, 'api::downloadable-document.downloadable-document.findOne', '2026-04-11 12:42:14.410000', '2026-04-20 16:48:01.140000', NULL, NULL),
(52, 'api::banner.banner.find', '2026-04-11 12:42:14.411000', '2026-04-20 16:48:01.155000', NULL, NULL),
(53, 'api::banner.banner.findOne', '2026-04-11 12:42:14.412000', '2026-04-20 16:48:01.159000', NULL, NULL),
(124, 'api::page-type.page-type.find', '2026-04-20 10:27:43.600000', '2026-04-20 16:48:01.009000', NULL, NULL),
(125, 'api::page-type.page-type.findOne', '2026-04-20 10:27:43.603000', '2026-04-20 16:48:01.011000', NULL, NULL),
(126, 'api::research-report-type.research-report-type.find', '2026-04-20 10:27:43.626000', '2026-04-20 16:48:01.049000', NULL, NULL),
(127, 'api::research-report-type.research-report-type.findOne', '2026-04-20 10:27:43.628000', '2026-04-20 16:48:01.053000', NULL, NULL),
(128, 'api::employment-type.employment-type.find', '2026-04-20 10:27:43.642000', '2026-04-20 16:48:01.094000', NULL, NULL),
(129, 'api::employment-type.employment-type.findOne', '2026-04-20 10:27:43.643000', '2026-04-20 16:48:01.098000', NULL, NULL),
(130, 'api::document-category.document-category.find', '2026-04-20 10:27:43.658000', '2026-04-20 16:48:01.146000', NULL, NULL),
(131, 'api::document-category.document-category.findOne', '2026-04-20 10:27:43.660000', '2026-04-20 16:48:01.150000', NULL, NULL),
(134, 'api::banner-placement.banner-placement.find', '2026-04-20 10:56:12.705000', '2026-04-20 16:48:01.069000', NULL, NULL),
(135, 'api::banner-placement.banner-placement.findOne', '2026-04-20 10:56:12.707000', '2026-04-20 16:48:01.072000', NULL, NULL),
(136, 'api::related-content-type.related-content-type.find', '2026-04-20 10:56:12.708000', '2026-04-20 16:48:01.074000', NULL, NULL),
(137, 'api::related-content-type.related-content-type.findOne', '2026-04-20 10:56:12.709000', '2026-04-20 16:48:01.077000', NULL, NULL),
(138, 'api::office-type.office-type.find', '2026-04-20 10:56:12.710000', '2026-04-20 16:48:01.079000', NULL, NULL),
(139, 'api::office-type.office-type.findOne', '2026-04-20 10:56:12.711000', '2026-04-20 16:48:01.080000', NULL, NULL),
(192, 'plugin::upload.file.find', '2026-04-20 16:48:00.978000', '2026-04-20 16:48:00.978000', NULL, NULL),
(193, 'plugin::upload.file.findOne', '2026-04-20 16:48:00.984000', '2026-04-20 16:48:00.984000', NULL, NULL);

-- --------------------------------------------------------

--
-- Table structure for table `up_permissions_role_links`
--

CREATE TABLE `up_permissions_role_links` (
  `id` int(10) UNSIGNED NOT NULL,
  `permission_id` int(10) UNSIGNED DEFAULT NULL,
  `role_id` int(10) UNSIGNED DEFAULT NULL,
  `permission_order` double UNSIGNED DEFAULT NULL
) ENGINE=InnoDB DEFAULT CHARSET=utf8mb4 COLLATE=utf8mb4_unicode_ci;

--
-- Dumping data for table `up_permissions_role_links`
--

INSERT INTO `up_permissions_role_links` (`id`, `permission_id`, `role_id`, `permission_order`) VALUES
(1, 1, 1, 1),
(2, 2, 1, 1),
(3, 3, 2, 1),
(4, 4, 2, 1),
(5, 5, 2, 1),
(6, 6, 2, 1),
(7, 8, 2, 1),
(8, 7, 2, 1),
(9, 9, 2, 1),
(12, 12, 2, 4),
(13, 13, 2, 5),
(14, 14, 2, 6),
(15, 15, 2, 7),
(16, 16, 2, 8),
(17, 17, 2, 9),
(18, 18, 2, 10),
(19, 19, 2, 11),
(20, 20, 2, 12),
(21, 21, 2, 13),
(22, 22, 2, 14),
(23, 23, 2, 15),
(24, 24, 2, 16),
(25, 25, 2, 17),
(26, 26, 2, 18),
(27, 27, 2, 19),
(28, 28, 2, 20),
(29, 29, 2, 21),
(30, 30, 2, 22),
(31, 31, 2, 23),
(32, 32, 2, 24),
(33, 33, 2, 25),
(34, 34, 2, 26),
(35, 35, 2, 27),
(36, 36, 2, 28),
(37, 37, 2, 29),
(38, 38, 2, 30),
(39, 39, 2, 31),
(40, 40, 2, 32),
(41, 41, 2, 33),
(42, 42, 2, 34),
(43, 43, 2, 35),
(44, 44, 2, 36),
(45, 45, 2, 37),
(46, 46, 2, 38),
(47, 47, 2, 39),
(48, 48, 2, 40),
(49, 49, 2, 41),
(50, 50, 2, 42),
(51, 51, 2, 43),
(52, 52, 2, 44),
(53, 53, 2, 45),
(124, 124, 2, 48),
(125, 125, 2, 49),
(126, 126, 2, 50),
(127, 127, 2, 51),
(128, 128, 2, 52),
(129, 129, 2, 53),
(130, 130, 2, 54),
(131, 131, 2, 55),
(134, 134, 2, 58),
(135, 135, 2, 59),
(136, 136, 2, 60),
(137, 137, 2, 61),
(138, 138, 2, 62),
(139, 139, 2, 63),
(192, 192, 2, 64),
(193, 193, 2, 65);

-- --------------------------------------------------------

--
-- Table structure for table `up_roles`
--

CREATE TABLE `up_roles` (
  `id` int(10) UNSIGNED NOT NULL,
  `name` varchar(255) DEFAULT NULL,
  `description` varchar(255) DEFAULT NULL,
  `type` varchar(255) DEFAULT NULL,
  `created_at` datetime(6) DEFAULT NULL,
  `updated_at` datetime(6) DEFAULT NULL,
  `created_by_id` int(10) UNSIGNED DEFAULT NULL,
  `updated_by_id` int(10) UNSIGNED DEFAULT NULL
) ENGINE=InnoDB DEFAULT CHARSET=utf8mb4 COLLATE=utf8mb4_unicode_ci;

--
-- Dumping data for table `up_roles`
--

INSERT INTO `up_roles` (`id`, `name`, `description`, `type`, `created_at`, `updated_at`, `created_by_id`, `updated_by_id`) VALUES
(1, 'Authenticated', 'Default role given to authenticated user.', 'authenticated', '2026-04-11 12:42:13.730000', '2026-04-11 12:42:13.730000', NULL, NULL),
(2, 'Public', 'Default role given to unauthenticated user.', 'public', '2026-04-11 12:42:13.731000', '2026-04-11 12:42:13.731000', NULL, NULL);

-- --------------------------------------------------------

--
-- Table structure for table `up_users`
--

CREATE TABLE `up_users` (
  `id` int(10) UNSIGNED NOT NULL,
  `username` varchar(255) DEFAULT NULL,
  `email` varchar(255) DEFAULT NULL,
  `provider` varchar(255) DEFAULT NULL,
  `password` varchar(255) DEFAULT NULL,
  `reset_password_token` varchar(255) DEFAULT NULL,
  `confirmation_token` varchar(255) DEFAULT NULL,
  `confirmed` tinyint(1) DEFAULT NULL,
  `blocked` tinyint(1) DEFAULT NULL,
  `created_at` datetime(6) DEFAULT NULL,
  `updated_at` datetime(6) DEFAULT NULL,
  `created_by_id` int(10) UNSIGNED DEFAULT NULL,
  `updated_by_id` int(10) UNSIGNED DEFAULT NULL
) ENGINE=InnoDB DEFAULT CHARSET=utf8mb4 COLLATE=utf8mb4_unicode_ci;

-- --------------------------------------------------------

--
-- Table structure for table `up_users_role_links`
--

CREATE TABLE `up_users_role_links` (
  `id` int(10) UNSIGNED NOT NULL,
  `user_id` int(10) UNSIGNED DEFAULT NULL,
  `role_id` int(10) UNSIGNED DEFAULT NULL,
  `user_order` double UNSIGNED DEFAULT NULL
) ENGINE=InnoDB DEFAULT CHARSET=utf8mb4 COLLATE=utf8mb4_unicode_ci;

--
-- Indexes for dumped tables
--

--
-- Indexes for table `admin_permissions`
--
ALTER TABLE `admin_permissions`
  ADD PRIMARY KEY (`id`),
  ADD KEY `admin_permissions_created_by_id_fk` (`created_by_id`),
  ADD KEY `admin_permissions_updated_by_id_fk` (`updated_by_id`);

--
-- Indexes for table `admin_permissions_role_links`
--
ALTER TABLE `admin_permissions_role_links`
  ADD PRIMARY KEY (`id`),
  ADD UNIQUE KEY `admin_permissions_role_links_unique` (`permission_id`,`role_id`),
  ADD KEY `admin_permissions_role_links_fk` (`permission_id`),
  ADD KEY `admin_permissions_role_links_inv_fk` (`role_id`),
  ADD KEY `admin_permissions_role_links_order_inv_fk` (`permission_order`);

--
-- Indexes for table `admin_roles`
--
ALTER TABLE `admin_roles`
  ADD PRIMARY KEY (`id`),
  ADD KEY `admin_roles_created_by_id_fk` (`created_by_id`),
  ADD KEY `admin_roles_updated_by_id_fk` (`updated_by_id`);

--
-- Indexes for table `admin_users`
--
ALTER TABLE `admin_users`
  ADD PRIMARY KEY (`id`),
  ADD KEY `admin_users_created_by_id_fk` (`created_by_id`),
  ADD KEY `admin_users_updated_by_id_fk` (`updated_by_id`);

--
-- Indexes for table `admin_users_roles_links`
--
ALTER TABLE `admin_users_roles_links`
  ADD PRIMARY KEY (`id`),
  ADD UNIQUE KEY `admin_users_roles_links_unique` (`user_id`,`role_id`),
  ADD KEY `admin_users_roles_links_fk` (`user_id`),
  ADD KEY `admin_users_roles_links_inv_fk` (`role_id`),
  ADD KEY `admin_users_roles_links_order_fk` (`role_order`),
  ADD KEY `admin_users_roles_links_order_inv_fk` (`user_order`);

--
-- Indexes for table `announcements`
--
ALTER TABLE `announcements`
  ADD PRIMARY KEY (`id`),
  ADD KEY `announcements_created_by_id_fk` (`created_by_id`),
  ADD KEY `announcements_updated_by_id_fk` (`updated_by_id`);

--
-- Indexes for table `announcements_components`
--
ALTER TABLE `announcements_components`
  ADD PRIMARY KEY (`id`),
  ADD UNIQUE KEY `announcements_unique` (`entity_id`,`component_id`,`field`,`component_type`),
  ADD KEY `announcements_field_index` (`field`),
  ADD KEY `announcements_component_type_index` (`component_type`),
  ADD KEY `announcements_entity_fk` (`entity_id`);

--
-- Indexes for table `announcements_localizations_links`
--
ALTER TABLE `announcements_localizations_links`
  ADD PRIMARY KEY (`id`),
  ADD UNIQUE KEY `announcements_localizations_links_unique` (`announcement_id`,`inv_announcement_id`),
  ADD KEY `announcements_localizations_links_fk` (`announcement_id`),
  ADD KEY `announcements_localizations_links_inv_fk` (`inv_announcement_id`),
  ADD KEY `announcements_localizations_links_order_fk` (`announcement_order`);

--
-- Indexes for table `authors`
--
ALTER TABLE `authors`
  ADD PRIMARY KEY (`id`),
  ADD KEY `authors_created_by_id_fk` (`created_by_id`),
  ADD KEY `authors_updated_by_id_fk` (`updated_by_id`);

--
-- Indexes for table `authors_localizations_links`
--
ALTER TABLE `authors_localizations_links`
  ADD PRIMARY KEY (`id`),
  ADD UNIQUE KEY `authors_localizations_links_unique` (`author_id`,`inv_author_id`),
  ADD KEY `authors_localizations_links_fk` (`author_id`),
  ADD KEY `authors_localizations_links_inv_fk` (`inv_author_id`),
  ADD KEY `authors_localizations_links_order_fk` (`author_order`);

--
-- Indexes for table `banners`
--
ALTER TABLE `banners`
  ADD PRIMARY KEY (`id`),
  ADD KEY `banners_created_by_id_fk` (`created_by_id`),
  ADD KEY `banners_updated_by_id_fk` (`updated_by_id`);

--
-- Indexes for table `banners_components`
--
ALTER TABLE `banners_components`
  ADD PRIMARY KEY (`id`),
  ADD UNIQUE KEY `banners_unique` (`entity_id`,`component_id`,`field`,`component_type`),
  ADD KEY `banners_field_index` (`field`),
  ADD KEY `banners_component_type_index` (`component_type`),
  ADD KEY `banners_entity_fk` (`entity_id`);

--
-- Indexes for table `banners_localizations_links`
--
ALTER TABLE `banners_localizations_links`
  ADD PRIMARY KEY (`id`),
  ADD UNIQUE KEY `banners_localizations_links_unique` (`banner_id`,`inv_banner_id`),
  ADD KEY `banners_localizations_links_fk` (`banner_id`),
  ADD KEY `banners_localizations_links_inv_fk` (`inv_banner_id`),
  ADD KEY `banners_localizations_links_order_fk` (`banner_order`);

--
-- Indexes for table `banners_placement_links`
--
ALTER TABLE `banners_placement_links`
  ADD PRIMARY KEY (`id`),
  ADD UNIQUE KEY `banners_placement_links_unique` (`banner_id`,`banner_placement_id`),
  ADD KEY `banners_placement_links_fk` (`banner_id`),
  ADD KEY `banners_placement_links_inv_fk` (`banner_placement_id`),
  ADD KEY `banners_placement_links_order_inv_fk` (`banner_order`);

--
-- Indexes for table `banner_placements`
--
ALTER TABLE `banner_placements`
  ADD PRIMARY KEY (`id`),
  ADD KEY `banner_placements_created_by_id_fk` (`created_by_id`),
  ADD KEY `banner_placements_updated_by_id_fk` (`updated_by_id`);

--
-- Indexes for table `banner_placements_localizations_links`
--
ALTER TABLE `banner_placements_localizations_links`
  ADD PRIMARY KEY (`id`),
  ADD UNIQUE KEY `banner_placements_localizations_links_unique` (`banner_placement_id`,`inv_banner_placement_id`),
  ADD KEY `banner_placements_localizations_links_fk` (`banner_placement_id`),
  ADD KEY `banner_placements_localizations_links_inv_fk` (`inv_banner_placement_id`),
  ADD KEY `banner_placements_localizations_links_order_fk` (`banner_placement_order`);

--
-- Indexes for table `career_jobs`
--
ALTER TABLE `career_jobs`
  ADD PRIMARY KEY (`id`),
  ADD KEY `career_jobs_created_by_id_fk` (`created_by_id`),
  ADD KEY `career_jobs_updated_by_id_fk` (`updated_by_id`);

--
-- Indexes for table `career_jobs_components`
--
ALTER TABLE `career_jobs_components`
  ADD PRIMARY KEY (`id`),
  ADD UNIQUE KEY `career_jobs_unique` (`entity_id`,`component_id`,`field`,`component_type`),
  ADD KEY `career_jobs_field_index` (`field`),
  ADD KEY `career_jobs_component_type_index` (`component_type`),
  ADD KEY `career_jobs_entity_fk` (`entity_id`);

--
-- Indexes for table `career_jobs_employment_type_links`
--
ALTER TABLE `career_jobs_employment_type_links`
  ADD PRIMARY KEY (`id`),
  ADD UNIQUE KEY `career_jobs_employment_type_links_unique` (`career_job_id`,`employment_type_id`),
  ADD KEY `career_jobs_employment_type_links_fk` (`career_job_id`),
  ADD KEY `career_jobs_employment_type_links_inv_fk` (`employment_type_id`),
  ADD KEY `career_jobs_employment_type_links_order_inv_fk` (`career_job_order`);

--
-- Indexes for table `career_jobs_localizations_links`
--
ALTER TABLE `career_jobs_localizations_links`
  ADD PRIMARY KEY (`id`),
  ADD UNIQUE KEY `career_jobs_localizations_links_unique` (`career_job_id`,`inv_career_job_id`),
  ADD KEY `career_jobs_localizations_links_fk` (`career_job_id`),
  ADD KEY `career_jobs_localizations_links_inv_fk` (`inv_career_job_id`),
  ADD KEY `career_jobs_localizations_links_order_fk` (`career_job_order`);

--
-- Indexes for table `components_advisor_cards`
--
ALTER TABLE `components_advisor_cards`
  ADD PRIMARY KEY (`id`);

--
-- Indexes for table `components_home_ai_stack_sections`
--
ALTER TABLE `components_home_ai_stack_sections`
  ADD PRIMARY KEY (`id`);

--
-- Indexes for table `components_home_ai_stack_sections_components`
--
ALTER TABLE `components_home_ai_stack_sections_components`
  ADD PRIMARY KEY (`id`),
  ADD UNIQUE KEY `components_home_ai_stack_sections_unique` (`entity_id`,`component_id`,`field`,`component_type`),
  ADD KEY `components_home_ai_stack_sections_field_index` (`field`),
  ADD KEY `components_home_ai_stack_sections_component_type_index` (`component_type`),
  ADD KEY `components_home_ai_stack_sections_entity_fk` (`entity_id`);

--
-- Indexes for table `components_home_ecosystem_sections`
--
ALTER TABLE `components_home_ecosystem_sections`
  ADD PRIMARY KEY (`id`);

--
-- Indexes for table `components_home_ecosystem_sections_components`
--
ALTER TABLE `components_home_ecosystem_sections_components`
  ADD PRIMARY KEY (`id`),
  ADD UNIQUE KEY `components_home_ecosystem_sections_unique` (`entity_id`,`component_id`,`field`,`component_type`),
  ADD KEY `components_home_ecosystem_sections_field_index` (`field`),
  ADD KEY `components_home_ecosystem_sections_component_type_index` (`component_type`),
  ADD KEY `components_home_ecosystem_sections_entity_fk` (`entity_id`);

--
-- Indexes for table `components_home_market_strip_sections`
--
ALTER TABLE `components_home_market_strip_sections`
  ADD PRIMARY KEY (`id`);

--
-- Indexes for table `components_home_one_shinhan_sections`
--
ALTER TABLE `components_home_one_shinhan_sections`
  ADD PRIMARY KEY (`id`);

--
-- Indexes for table `components_home_one_shinhan_sections_components`
--
ALTER TABLE `components_home_one_shinhan_sections_components`
  ADD PRIMARY KEY (`id`),
  ADD UNIQUE KEY `components_home_one_shinhan_sections_unique` (`entity_id`,`component_id`,`field`,`component_type`),
  ADD KEY `components_home_one_shinhan_sections_field_index` (`field`),
  ADD KEY `components_home_one_shinhan_sections_component_type_index` (`component_type`),
  ADD KEY `components_home_one_shinhan_sections_entity_fk` (`entity_id`);

--
-- Indexes for table `components_home_price_board_sections`
--
ALTER TABLE `components_home_price_board_sections`
  ADD PRIMARY KEY (`id`);

--
-- Indexes for table `components_sections_contact_sections`
--
ALTER TABLE `components_sections_contact_sections`
  ADD PRIMARY KEY (`id`);

--
-- Indexes for table `components_sections_cta_sections`
--
ALTER TABLE `components_sections_cta_sections`
  ADD PRIMARY KEY (`id`);

--
-- Indexes for table `components_sections_cta_sections_components`
--
ALTER TABLE `components_sections_cta_sections_components`
  ADD PRIMARY KEY (`id`),
  ADD UNIQUE KEY `components_sections_cta_sections_unique` (`entity_id`,`component_id`,`field`,`component_type`),
  ADD KEY `components_sections_cta_sections_field_index` (`field`),
  ADD KEY `components_sections_cta_sections_component_type_index` (`component_type`),
  ADD KEY `components_sections_cta_sections_entity_fk` (`entity_id`);

--
-- Indexes for table `components_sections_download_list_sections`
--
ALTER TABLE `components_sections_download_list_sections`
  ADD PRIMARY KEY (`id`);

--
-- Indexes for table `components_sections_embed_blocks`
--
ALTER TABLE `components_sections_embed_blocks`
  ADD PRIMARY KEY (`id`);

--
-- Indexes for table `components_sections_faq_sections`
--
ALTER TABLE `components_sections_faq_sections`
  ADD PRIMARY KEY (`id`);

--
-- Indexes for table `components_sections_feature_card_sections`
--
ALTER TABLE `components_sections_feature_card_sections`
  ADD PRIMARY KEY (`id`);

--
-- Indexes for table `components_sections_feature_card_sections_components`
--
ALTER TABLE `components_sections_feature_card_sections_components`
  ADD PRIMARY KEY (`id`),
  ADD UNIQUE KEY `components_sections_feature_card_sections_unique` (`entity_id`,`component_id`,`field`,`component_type`),
  ADD KEY `components_sections_feature_card_sections_field_index` (`field`),
  ADD KEY `components_sections_feature_card_sections_component_type_index` (`component_type`),
  ADD KEY `components_sections_feature_card_sections_entity_fk` (`entity_id`);

--
-- Indexes for table `components_sections_hero_blocks`
--
ALTER TABLE `components_sections_hero_blocks`
  ADD PRIMARY KEY (`id`);

--
-- Indexes for table `components_sections_hero_blocks_components`
--
ALTER TABLE `components_sections_hero_blocks_components`
  ADD PRIMARY KEY (`id`),
  ADD UNIQUE KEY `components_sections_hero_blocks_unique` (`entity_id`,`component_id`,`field`,`component_type`),
  ADD KEY `components_sections_hero_blocks_field_index` (`field`),
  ADD KEY `components_sections_hero_blocks_component_type_index` (`component_type`),
  ADD KEY `components_sections_hero_blocks_entity_fk` (`entity_id`);

--
-- Indexes for table `components_sections_news_list_sections`
--
ALTER TABLE `components_sections_news_list_sections`
  ADD PRIMARY KEY (`id`);

--
-- Indexes for table `components_sections_office_list_sections`
--
ALTER TABLE `components_sections_office_list_sections`
  ADD PRIMARY KEY (`id`);

--
-- Indexes for table `components_sections_quote_sections`
--
ALTER TABLE `components_sections_quote_sections`
  ADD PRIMARY KEY (`id`);

--
-- Indexes for table `components_sections_related_contents`
--
ALTER TABLE `components_sections_related_contents`
  ADD PRIMARY KEY (`id`);

--
-- Indexes for table `components_sections_related_contents_content_type_links`
--
ALTER TABLE `components_sections_related_contents_content_type_links`
  ADD PRIMARY KEY (`id`),
  ADD UNIQUE KEY `components_sections_related_contents_content_type_links_unique` (`related_content_section_id`,`related_content_type_id`),
  ADD KEY `components_sections_related_contents_content_type_links_fk` (`related_content_section_id`),
  ADD KEY `components_sections_related_contents_content_type_links_inv_fk` (`related_content_type_id`);

--
-- Indexes for table `components_sections_research_list_sections`
--
ALTER TABLE `components_sections_research_list_sections`
  ADD PRIMARY KEY (`id`);

--
-- Indexes for table `components_sections_rich_text_blocks`
--
ALTER TABLE `components_sections_rich_text_blocks`
  ADD PRIMARY KEY (`id`);

--
-- Indexes for table `components_sections_stats_sections`
--
ALTER TABLE `components_sections_stats_sections`
  ADD PRIMARY KEY (`id`);

--
-- Indexes for table `components_sections_stats_sections_components`
--
ALTER TABLE `components_sections_stats_sections_components`
  ADD PRIMARY KEY (`id`),
  ADD UNIQUE KEY `components_sections_stats_sections_unique` (`entity_id`,`component_id`,`field`,`component_type`),
  ADD KEY `components_sections_stats_sections_field_index` (`field`),
  ADD KEY `components_sections_stats_sections_component_type_index` (`component_type`),
  ADD KEY `components_sections_stats_sections_entity_fk` (`entity_id`);

--
-- Indexes for table `components_sections_table_blocks`
--
ALTER TABLE `components_sections_table_blocks`
  ADD PRIMARY KEY (`id`);

--
-- Indexes for table `components_sections_table_blocks_components`
--
ALTER TABLE `components_sections_table_blocks_components`
  ADD PRIMARY KEY (`id`),
  ADD UNIQUE KEY `components_sections_table_blocks_unique` (`entity_id`,`component_id`,`field`,`component_type`),
  ADD KEY `components_sections_table_blocks_field_index` (`field`),
  ADD KEY `components_sections_table_blocks_component_type_index` (`component_type`),
  ADD KEY `components_sections_table_blocks_entity_fk` (`entity_id`);

--
-- Indexes for table `components_sections_timeline_sections`
--
ALTER TABLE `components_sections_timeline_sections`
  ADD PRIMARY KEY (`id`);

--
-- Indexes for table `components_sections_timeline_sections_components`
--
ALTER TABLE `components_sections_timeline_sections_components`
  ADD PRIMARY KEY (`id`),
  ADD UNIQUE KEY `components_sections_timeline_sections_unique` (`entity_id`,`component_id`,`field`,`component_type`),
  ADD KEY `components_sections_timeline_sections_field_index` (`field`),
  ADD KEY `components_sections_timeline_sections_component_type_index` (`component_type`),
  ADD KEY `components_sections_timeline_sections_entity_fk` (`entity_id`);

--
-- Indexes for table `components_sections_trading_system_showcase_sections`
--
ALTER TABLE `components_sections_trading_system_showcase_sections`
  ADD PRIMARY KEY (`id`);

--
-- Indexes for table `components_sections_trust_signal_sections`
--
ALTER TABLE `components_sections_trust_signal_sections`
  ADD PRIMARY KEY (`id`);

--
-- Indexes for table `components_sections_trust_signal_sections_components`
--
ALTER TABLE `components_sections_trust_signal_sections_components`
  ADD PRIMARY KEY (`id`),
  ADD UNIQUE KEY `components_sections_trust_signal_sections_unique` (`entity_id`,`component_id`,`field`,`component_type`),
  ADD KEY `components_sections_trust_signal_sections_field_index` (`field`),
  ADD KEY `components_sections_trust_signal_sections_component_type_index` (`component_type`),
  ADD KEY `components_sections_trust_signal_sections_entity_fk` (`entity_id`);

--
-- Indexes for table `components_shared_breadcrumb_configs`
--
ALTER TABLE `components_shared_breadcrumb_configs`
  ADD PRIMARY KEY (`id`);

--
-- Indexes for table `components_shared_button_configs`
--
ALTER TABLE `components_shared_button_configs`
  ADD PRIMARY KEY (`id`);

--
-- Indexes for table `components_shared_feature_items`
--
ALTER TABLE `components_shared_feature_items`
  ADD PRIMARY KEY (`id`);

--
-- Indexes for table `components_shared_feature_items_components`
--
ALTER TABLE `components_shared_feature_items_components`
  ADD PRIMARY KEY (`id`),
  ADD UNIQUE KEY `components_shared_feature_items_unique` (`entity_id`,`component_id`,`field`,`component_type`),
  ADD KEY `components_shared_feature_items_field_index` (`field`),
  ADD KEY `components_shared_feature_items_component_type_index` (`component_type`),
  ADD KEY `components_shared_feature_items_entity_fk` (`entity_id`);

--
-- Indexes for table `components_shared_home_ai_cards`
--
ALTER TABLE `components_shared_home_ai_cards`
  ADD PRIMARY KEY (`id`);

--
-- Indexes for table `components_shared_home_highlight_items`
--
ALTER TABLE `components_shared_home_highlight_items`
  ADD PRIMARY KEY (`id`);

--
-- Indexes for table `components_shared_home_partner_items`
--
ALTER TABLE `components_shared_home_partner_items`
  ADD PRIMARY KEY (`id`);

--
-- Indexes for table `components_shared_link_items`
--
ALTER TABLE `components_shared_link_items`
  ADD PRIMARY KEY (`id`);

--
-- Indexes for table `components_shared_link_items_components`
--
ALTER TABLE `components_shared_link_items_components`
  ADD PRIMARY KEY (`id`),
  ADD UNIQUE KEY `components_shared_link_items_unique` (`entity_id`,`component_id`,`field`,`component_type`),
  ADD KEY `components_shared_link_items_field_index` (`field`),
  ADD KEY `components_shared_link_items_component_type_index` (`component_type`),
  ADD KEY `components_shared_link_items_entity_fk` (`entity_id`);

--
-- Indexes for table `components_shared_media_asset_references`
--
ALTER TABLE `components_shared_media_asset_references`
  ADD PRIMARY KEY (`id`);

--
-- Indexes for table `components_shared_nested_link_items`
--
ALTER TABLE `components_shared_nested_link_items`
  ADD PRIMARY KEY (`id`);

--
-- Indexes for table `components_shared_seo_metas`
--
ALTER TABLE `components_shared_seo_metas`
  ADD PRIMARY KEY (`id`);

--
-- Indexes for table `components_shared_stat_items`
--
ALTER TABLE `components_shared_stat_items`
  ADD PRIMARY KEY (`id`);

--
-- Indexes for table `components_shared_table_rows`
--
ALTER TABLE `components_shared_table_rows`
  ADD PRIMARY KEY (`id`);

--
-- Indexes for table `components_shared_timeline_items`
--
ALTER TABLE `components_shared_timeline_items`
  ADD PRIMARY KEY (`id`);

--
-- Indexes for table `components_shared_trust_items`
--
ALTER TABLE `components_shared_trust_items`
  ADD PRIMARY KEY (`id`);

--
-- Indexes for table `contact_page_settings`
--
ALTER TABLE `contact_page_settings`
  ADD PRIMARY KEY (`id`),
  ADD KEY `contact_page_settings_created_by_id_fk` (`created_by_id`),
  ADD KEY `contact_page_settings_updated_by_id_fk` (`updated_by_id`);

--
-- Indexes for table `contact_page_settings_components`
--
ALTER TABLE `contact_page_settings_components`
  ADD PRIMARY KEY (`id`),
  ADD UNIQUE KEY `contact_page_settings_unique` (`entity_id`,`component_id`,`field`,`component_type`),
  ADD KEY `contact_page_settings_field_index` (`field`),
  ADD KEY `contact_page_settings_component_type_index` (`component_type`),
  ADD KEY `contact_page_settings_entity_fk` (`entity_id`);

--
-- Indexes for table `contact_page_settings_localizations_links`
--
ALTER TABLE `contact_page_settings_localizations_links`
  ADD PRIMARY KEY (`id`),
  ADD UNIQUE KEY `contact_page_settings_localizations_links_unique` (`contact_page_setting_id`,`inv_contact_page_setting_id`),
  ADD KEY `contact_page_settings_localizations_links_fk` (`contact_page_setting_id`),
  ADD KEY `contact_page_settings_localizations_links_inv_fk` (`inv_contact_page_setting_id`),
  ADD KEY `contact_page_settings_localizations_links_order_fk` (`contact_page_setting_order`);

--
-- Indexes for table `document_categories`
--
ALTER TABLE `document_categories`
  ADD PRIMARY KEY (`id`),
  ADD KEY `document_categories_created_by_id_fk` (`created_by_id`),
  ADD KEY `document_categories_updated_by_id_fk` (`updated_by_id`);

--
-- Indexes for table `document_categories_localizations_links`
--
ALTER TABLE `document_categories_localizations_links`
  ADD PRIMARY KEY (`id`),
  ADD UNIQUE KEY `document_categories_localizations_links_unique` (`document_category_id`,`inv_document_category_id`),
  ADD KEY `document_categories_localizations_links_fk` (`document_category_id`),
  ADD KEY `document_categories_localizations_links_inv_fk` (`inv_document_category_id`),
  ADD KEY `document_categories_localizations_links_order_fk` (`document_category_order`);

--
-- Indexes for table `downloadable_documents`
--
ALTER TABLE `downloadable_documents`
  ADD PRIMARY KEY (`id`),
  ADD KEY `downloadable_documents_created_by_id_fk` (`created_by_id`),
  ADD KEY `downloadable_documents_updated_by_id_fk` (`updated_by_id`);

--
-- Indexes for table `downloadable_documents_document_category_links`
--
ALTER TABLE `downloadable_documents_document_category_links`
  ADD PRIMARY KEY (`id`),
  ADD UNIQUE KEY `downloadable_documents_document_category_links_unique` (`downloadable_document_id`,`document_category_id`),
  ADD KEY `downloadable_documents_document_category_links_fk` (`downloadable_document_id`),
  ADD KEY `downloadable_documents_document_category_links_inv_fk` (`document_category_id`),
  ADD KEY `downloadable_documents_document_category_links_order_inv_fk` (`downloadable_document_order`);

--
-- Indexes for table `downloadable_documents_localizations_links`
--
ALTER TABLE `downloadable_documents_localizations_links`
  ADD PRIMARY KEY (`id`),
  ADD UNIQUE KEY `downloadable_documents_localizations_links_unique` (`downloadable_document_id`,`inv_downloadable_document_id`),
  ADD KEY `downloadable_documents_localizations_links_fk` (`downloadable_document_id`),
  ADD KEY `downloadable_documents_localizations_links_inv_fk` (`inv_downloadable_document_id`),
  ADD KEY `downloadable_documents_localizations_links_order_fk` (`downloadable_document_order`);

--
-- Indexes for table `employment_types`
--
ALTER TABLE `employment_types`
  ADD PRIMARY KEY (`id`),
  ADD KEY `employment_types_created_by_id_fk` (`created_by_id`),
  ADD KEY `employment_types_updated_by_id_fk` (`updated_by_id`);

--
-- Indexes for table `employment_types_localizations_links`
--
ALTER TABLE `employment_types_localizations_links`
  ADD PRIMARY KEY (`id`),
  ADD UNIQUE KEY `employment_types_localizations_links_unique` (`employment_type_id`,`inv_employment_type_id`),
  ADD KEY `employment_types_localizations_links_fk` (`employment_type_id`),
  ADD KEY `employment_types_localizations_links_inv_fk` (`inv_employment_type_id`),
  ADD KEY `employment_types_localizations_links_order_fk` (`employment_type_order`);

--
-- Indexes for table `events`
--
ALTER TABLE `events`
  ADD PRIMARY KEY (`id`),
  ADD KEY `events_created_by_id_fk` (`created_by_id`),
  ADD KEY `events_updated_by_id_fk` (`updated_by_id`);

--
-- Indexes for table `events_category_links`
--
ALTER TABLE `events_category_links`
  ADD PRIMARY KEY (`id`),
  ADD UNIQUE KEY `events_category_links_unique` (`event_id`,`event_category_id`),
  ADD KEY `events_category_links_fk` (`event_id`),
  ADD KEY `events_category_links_inv_fk` (`event_category_id`),
  ADD KEY `events_category_links_order_inv_fk` (`event_order`);

--
-- Indexes for table `events_components`
--
ALTER TABLE `events_components`
  ADD PRIMARY KEY (`id`),
  ADD UNIQUE KEY `events_unique` (`entity_id`,`component_id`,`field`,`component_type`),
  ADD KEY `events_field_index` (`field`),
  ADD KEY `events_component_type_index` (`component_type`),
  ADD KEY `events_entity_fk` (`entity_id`);

--
-- Indexes for table `events_localizations_links`
--
ALTER TABLE `events_localizations_links`
  ADD PRIMARY KEY (`id`),
  ADD UNIQUE KEY `events_localizations_links_unique` (`event_id`,`inv_event_id`),
  ADD KEY `events_localizations_links_fk` (`event_id`),
  ADD KEY `events_localizations_links_inv_fk` (`inv_event_id`),
  ADD KEY `events_localizations_links_order_fk` (`event_order`);

--
-- Indexes for table `events_tags_links`
--
ALTER TABLE `events_tags_links`
  ADD PRIMARY KEY (`id`),
  ADD UNIQUE KEY `events_tags_links_unique` (`event_id`,`tag_id`),
  ADD KEY `events_tags_links_fk` (`event_id`),
  ADD KEY `events_tags_links_inv_fk` (`tag_id`),
  ADD KEY `events_tags_links_order_fk` (`tag_order`);

--
-- Indexes for table `event_categories`
--
ALTER TABLE `event_categories`
  ADD PRIMARY KEY (`id`),
  ADD KEY `event_categories_created_by_id_fk` (`created_by_id`),
  ADD KEY `event_categories_updated_by_id_fk` (`updated_by_id`);

--
-- Indexes for table `event_categories_localizations_links`
--
ALTER TABLE `event_categories_localizations_links`
  ADD PRIMARY KEY (`id`),
  ADD UNIQUE KEY `event_categories_localizations_links_unique` (`event_category_id`,`inv_event_category_id`),
  ADD KEY `event_categories_localizations_links_fk` (`event_category_id`),
  ADD KEY `event_categories_localizations_links_inv_fk` (`inv_event_category_id`),
  ADD KEY `event_categories_localizations_links_order_fk` (`event_category_order`);

--
-- Indexes for table `faq_categories`
--
ALTER TABLE `faq_categories`
  ADD PRIMARY KEY (`id`),
  ADD KEY `faq_categories_created_by_id_fk` (`created_by_id`),
  ADD KEY `faq_categories_updated_by_id_fk` (`updated_by_id`);

--
-- Indexes for table `faq_categories_localizations_links`
--
ALTER TABLE `faq_categories_localizations_links`
  ADD PRIMARY KEY (`id`),
  ADD UNIQUE KEY `faq_categories_localizations_links_unique` (`faq_category_id`,`inv_faq_category_id`),
  ADD KEY `faq_categories_localizations_links_fk` (`faq_category_id`),
  ADD KEY `faq_categories_localizations_links_inv_fk` (`inv_faq_category_id`),
  ADD KEY `faq_categories_localizations_links_order_fk` (`faq_category_order`);

--
-- Indexes for table `faq_items`
--
ALTER TABLE `faq_items`
  ADD PRIMARY KEY (`id`),
  ADD KEY `faq_items_created_by_id_fk` (`created_by_id`),
  ADD KEY `faq_items_updated_by_id_fk` (`updated_by_id`);

--
-- Indexes for table `faq_items_category_links`
--
ALTER TABLE `faq_items_category_links`
  ADD PRIMARY KEY (`id`),
  ADD UNIQUE KEY `faq_items_category_links_unique` (`faq_item_id`,`faq_category_id`),
  ADD KEY `faq_items_category_links_fk` (`faq_item_id`),
  ADD KEY `faq_items_category_links_inv_fk` (`faq_category_id`),
  ADD KEY `faq_items_category_links_order_inv_fk` (`faq_item_order`);

--
-- Indexes for table `faq_items_components`
--
ALTER TABLE `faq_items_components`
  ADD PRIMARY KEY (`id`),
  ADD UNIQUE KEY `faq_items_unique` (`entity_id`,`component_id`,`field`,`component_type`),
  ADD KEY `faq_items_field_index` (`field`),
  ADD KEY `faq_items_component_type_index` (`component_type`),
  ADD KEY `faq_items_entity_fk` (`entity_id`);

--
-- Indexes for table `faq_items_localizations_links`
--
ALTER TABLE `faq_items_localizations_links`
  ADD PRIMARY KEY (`id`),
  ADD UNIQUE KEY `faq_items_localizations_links_unique` (`faq_item_id`,`inv_faq_item_id`),
  ADD KEY `faq_items_localizations_links_fk` (`faq_item_id`),
  ADD KEY `faq_items_localizations_links_inv_fk` (`inv_faq_item_id`),
  ADD KEY `faq_items_localizations_links_order_fk` (`faq_item_order`);

--
-- Indexes for table `files`
--
ALTER TABLE `files`
  ADD PRIMARY KEY (`id`),
  ADD KEY `upload_files_folder_path_index` (`folder_path`),
  ADD KEY `upload_files_created_at_index` (`created_at`),
  ADD KEY `upload_files_updated_at_index` (`updated_at`),
  ADD KEY `upload_files_name_index` (`name`),
  ADD KEY `upload_files_size_index` (`size`),
  ADD KEY `upload_files_ext_index` (`ext`),
  ADD KEY `files_created_by_id_fk` (`created_by_id`),
  ADD KEY `files_updated_by_id_fk` (`updated_by_id`);

--
-- Indexes for table `files_folder_links`
--
ALTER TABLE `files_folder_links`
  ADD PRIMARY KEY (`id`),
  ADD UNIQUE KEY `files_folder_links_unique` (`file_id`,`folder_id`),
  ADD KEY `files_folder_links_fk` (`file_id`),
  ADD KEY `files_folder_links_inv_fk` (`folder_id`),
  ADD KEY `files_folder_links_order_inv_fk` (`file_order`);

--
-- Indexes for table `files_related_morphs`
--
ALTER TABLE `files_related_morphs`
  ADD PRIMARY KEY (`id`),
  ADD KEY `files_related_morphs_fk` (`file_id`),
  ADD KEY `files_related_morphs_order_index` (`order`),
  ADD KEY `files_related_morphs_id_column_index` (`related_id`);

--
-- Indexes for table `footer_navigations`
--
ALTER TABLE `footer_navigations`
  ADD PRIMARY KEY (`id`),
  ADD KEY `footer_navigations_created_by_id_fk` (`created_by_id`),
  ADD KEY `footer_navigations_updated_by_id_fk` (`updated_by_id`);

--
-- Indexes for table `footer_navigations_components`
--
ALTER TABLE `footer_navigations_components`
  ADD PRIMARY KEY (`id`),
  ADD UNIQUE KEY `footer_navigations_unique` (`entity_id`,`component_id`,`field`,`component_type`),
  ADD KEY `footer_navigations_field_index` (`field`),
  ADD KEY `footer_navigations_component_type_index` (`component_type`),
  ADD KEY `footer_navigations_entity_fk` (`entity_id`);

--
-- Indexes for table `footer_navigations_localizations_links`
--
ALTER TABLE `footer_navigations_localizations_links`
  ADD PRIMARY KEY (`id`),
  ADD UNIQUE KEY `footer_navigations_localizations_links_unique` (`footer_navigation_id`,`inv_footer_navigation_id`),
  ADD KEY `footer_navigations_localizations_links_fk` (`footer_navigation_id`),
  ADD KEY `footer_navigations_localizations_links_inv_fk` (`inv_footer_navigation_id`),
  ADD KEY `footer_navigations_localizations_links_order_fk` (`footer_navigation_order`);

--
-- Indexes for table `global_settings`
--
ALTER TABLE `global_settings`
  ADD PRIMARY KEY (`id`),
  ADD KEY `global_settings_created_by_id_fk` (`created_by_id`),
  ADD KEY `global_settings_updated_by_id_fk` (`updated_by_id`);

--
-- Indexes for table `global_settings_components`
--
ALTER TABLE `global_settings_components`
  ADD PRIMARY KEY (`id`),
  ADD UNIQUE KEY `global_settings_unique` (`entity_id`,`component_id`,`field`,`component_type`),
  ADD KEY `global_settings_field_index` (`field`),
  ADD KEY `global_settings_component_type_index` (`component_type`),
  ADD KEY `global_settings_entity_fk` (`entity_id`);

--
-- Indexes for table `global_settings_localizations_links`
--
ALTER TABLE `global_settings_localizations_links`
  ADD PRIMARY KEY (`id`),
  ADD UNIQUE KEY `global_settings_localizations_links_unique` (`global_setting_id`,`inv_global_setting_id`),
  ADD KEY `global_settings_localizations_links_fk` (`global_setting_id`),
  ADD KEY `global_settings_localizations_links_inv_fk` (`inv_global_setting_id`),
  ADD KEY `global_settings_localizations_links_order_fk` (`global_setting_order`);

--
-- Indexes for table `header_navigations`
--
ALTER TABLE `header_navigations`
  ADD PRIMARY KEY (`id`),
  ADD KEY `header_navigations_created_by_id_fk` (`created_by_id`),
  ADD KEY `header_navigations_updated_by_id_fk` (`updated_by_id`);

--
-- Indexes for table `header_navigations_components`
--
ALTER TABLE `header_navigations_components`
  ADD PRIMARY KEY (`id`),
  ADD UNIQUE KEY `header_navigations_unique` (`entity_id`,`component_id`,`field`,`component_type`),
  ADD KEY `header_navigations_field_index` (`field`),
  ADD KEY `header_navigations_component_type_index` (`component_type`),
  ADD KEY `header_navigations_entity_fk` (`entity_id`);

--
-- Indexes for table `header_navigations_localizations_links`
--
ALTER TABLE `header_navigations_localizations_links`
  ADD PRIMARY KEY (`id`),
  ADD UNIQUE KEY `header_navigations_localizations_links_unique` (`header_navigation_id`,`inv_header_navigation_id`),
  ADD KEY `header_navigations_localizations_links_fk` (`header_navigation_id`),
  ADD KEY `header_navigations_localizations_links_inv_fk` (`inv_header_navigation_id`),
  ADD KEY `header_navigations_localizations_links_order_fk` (`header_navigation_order`);

--
-- Indexes for table `homepages`
--
ALTER TABLE `homepages`
  ADD PRIMARY KEY (`id`),
  ADD KEY `homepages_created_by_id_fk` (`created_by_id`),
  ADD KEY `homepages_updated_by_id_fk` (`updated_by_id`);

--
-- Indexes for table `homepages_components`
--
ALTER TABLE `homepages_components`
  ADD PRIMARY KEY (`id`),
  ADD UNIQUE KEY `homepages_unique` (`entity_id`,`component_id`,`field`,`component_type`),
  ADD KEY `homepages_field_index` (`field`),
  ADD KEY `homepages_component_type_index` (`component_type`),
  ADD KEY `homepages_entity_fk` (`entity_id`);

--
-- Indexes for table `homepages_localizations_links`
--
ALTER TABLE `homepages_localizations_links`
  ADD PRIMARY KEY (`id`),
  ADD UNIQUE KEY `homepages_localizations_links_unique` (`homepage_id`,`inv_homepage_id`),
  ADD KEY `homepages_localizations_links_fk` (`homepage_id`),
  ADD KEY `homepages_localizations_links_inv_fk` (`inv_homepage_id`),
  ADD KEY `homepages_localizations_links_order_fk` (`homepage_order`);

--
-- Indexes for table `i18n_locale`
--
ALTER TABLE `i18n_locale`
  ADD PRIMARY KEY (`id`),
  ADD KEY `i18n_locale_created_by_id_fk` (`created_by_id`),
  ADD KEY `i18n_locale_updated_by_id_fk` (`updated_by_id`);

--
-- Indexes for table `news_articles`
--
ALTER TABLE `news_articles`
  ADD PRIMARY KEY (`id`),
  ADD KEY `news_articles_created_by_id_fk` (`created_by_id`),
  ADD KEY `news_articles_updated_by_id_fk` (`updated_by_id`);

--
-- Indexes for table `news_articles_author_links`
--
ALTER TABLE `news_articles_author_links`
  ADD PRIMARY KEY (`id`),
  ADD UNIQUE KEY `news_articles_author_links_unique` (`news_article_id`,`author_id`),
  ADD KEY `news_articles_author_links_fk` (`news_article_id`),
  ADD KEY `news_articles_author_links_inv_fk` (`author_id`);

--
-- Indexes for table `news_articles_category_links`
--
ALTER TABLE `news_articles_category_links`
  ADD PRIMARY KEY (`id`),
  ADD UNIQUE KEY `news_articles_category_links_unique` (`news_article_id`,`news_category_id`),
  ADD KEY `news_articles_category_links_fk` (`news_article_id`),
  ADD KEY `news_articles_category_links_inv_fk` (`news_category_id`),
  ADD KEY `news_articles_category_links_order_inv_fk` (`news_article_order`);

--
-- Indexes for table `news_articles_components`
--
ALTER TABLE `news_articles_components`
  ADD PRIMARY KEY (`id`),
  ADD UNIQUE KEY `news_articles_unique` (`entity_id`,`component_id`,`field`,`component_type`),
  ADD KEY `news_articles_field_index` (`field`),
  ADD KEY `news_articles_component_type_index` (`component_type`),
  ADD KEY `news_articles_entity_fk` (`entity_id`);

--
-- Indexes for table `news_articles_documents_links`
--
ALTER TABLE `news_articles_documents_links`
  ADD PRIMARY KEY (`id`),
  ADD UNIQUE KEY `news_articles_documents_links_unique` (`news_article_id`,`downloadable_document_id`),
  ADD KEY `news_articles_documents_links_fk` (`news_article_id`),
  ADD KEY `news_articles_documents_links_inv_fk` (`downloadable_document_id`),
  ADD KEY `news_articles_documents_links_order_fk` (`downloadable_document_order`);

--
-- Indexes for table `news_articles_localizations_links`
--
ALTER TABLE `news_articles_localizations_links`
  ADD PRIMARY KEY (`id`),
  ADD UNIQUE KEY `news_articles_localizations_links_unique` (`news_article_id`,`inv_news_article_id`),
  ADD KEY `news_articles_localizations_links_fk` (`news_article_id`),
  ADD KEY `news_articles_localizations_links_inv_fk` (`inv_news_article_id`),
  ADD KEY `news_articles_localizations_links_order_fk` (`news_article_order`);

--
-- Indexes for table `news_articles_tags_links`
--
ALTER TABLE `news_articles_tags_links`
  ADD PRIMARY KEY (`id`),
  ADD UNIQUE KEY `news_articles_tags_links_unique` (`news_article_id`,`tag_id`),
  ADD KEY `news_articles_tags_links_fk` (`news_article_id`),
  ADD KEY `news_articles_tags_links_inv_fk` (`tag_id`),
  ADD KEY `news_articles_tags_links_order_fk` (`tag_order`);

--
-- Indexes for table `news_categories`
--
ALTER TABLE `news_categories`
  ADD PRIMARY KEY (`id`),
  ADD KEY `news_categories_created_by_id_fk` (`created_by_id`),
  ADD KEY `news_categories_updated_by_id_fk` (`updated_by_id`);

--
-- Indexes for table `news_categories_localizations_links`
--
ALTER TABLE `news_categories_localizations_links`
  ADD PRIMARY KEY (`id`),
  ADD UNIQUE KEY `news_categories_localizations_links_unique` (`news_category_id`,`inv_news_category_id`),
  ADD KEY `news_categories_localizations_links_fk` (`news_category_id`),
  ADD KEY `news_categories_localizations_links_inv_fk` (`inv_news_category_id`),
  ADD KEY `news_categories_localizations_links_order_fk` (`news_category_order`);

--
-- Indexes for table `office_locations`
--
ALTER TABLE `office_locations`
  ADD PRIMARY KEY (`id`),
  ADD KEY `office_locations_created_by_id_fk` (`created_by_id`),
  ADD KEY `office_locations_updated_by_id_fk` (`updated_by_id`);

--
-- Indexes for table `office_locations_localizations_links`
--
ALTER TABLE `office_locations_localizations_links`
  ADD PRIMARY KEY (`id`),
  ADD UNIQUE KEY `office_locations_localizations_links_unique` (`office_location_id`,`inv_office_location_id`),
  ADD KEY `office_locations_localizations_links_fk` (`office_location_id`),
  ADD KEY `office_locations_localizations_links_inv_fk` (`inv_office_location_id`),
  ADD KEY `office_locations_localizations_links_order_fk` (`office_location_order`);

--
-- Indexes for table `office_locations_office_type_links`
--
ALTER TABLE `office_locations_office_type_links`
  ADD PRIMARY KEY (`id`),
  ADD UNIQUE KEY `office_locations_office_type_links_unique` (`office_location_id`,`office_type_id`),
  ADD KEY `office_locations_office_type_links_fk` (`office_location_id`),
  ADD KEY `office_locations_office_type_links_inv_fk` (`office_type_id`),
  ADD KEY `office_locations_office_type_links_order_inv_fk` (`office_location_order`);

--
-- Indexes for table `office_types`
--
ALTER TABLE `office_types`
  ADD PRIMARY KEY (`id`),
  ADD KEY `office_types_created_by_id_fk` (`created_by_id`),
  ADD KEY `office_types_updated_by_id_fk` (`updated_by_id`);

--
-- Indexes for table `office_types_localizations_links`
--
ALTER TABLE `office_types_localizations_links`
  ADD PRIMARY KEY (`id`),
  ADD UNIQUE KEY `office_types_localizations_links_unique` (`office_type_id`,`inv_office_type_id`),
  ADD KEY `office_types_localizations_links_fk` (`office_type_id`),
  ADD KEY `office_types_localizations_links_inv_fk` (`inv_office_type_id`),
  ADD KEY `office_types_localizations_links_order_fk` (`office_type_order`);

--
-- Indexes for table `pages`
--
ALTER TABLE `pages`
  ADD PRIMARY KEY (`id`),
  ADD KEY `pages_created_by_id_fk` (`created_by_id`),
  ADD KEY `pages_updated_by_id_fk` (`updated_by_id`);

--
-- Indexes for table `pages_components`
--
ALTER TABLE `pages_components`
  ADD PRIMARY KEY (`id`),
  ADD UNIQUE KEY `pages_unique` (`entity_id`,`component_id`,`field`,`component_type`),
  ADD KEY `pages_field_index` (`field`),
  ADD KEY `pages_component_type_index` (`component_type`),
  ADD KEY `pages_entity_fk` (`entity_id`);

--
-- Indexes for table `pages_localizations_links`
--
ALTER TABLE `pages_localizations_links`
  ADD PRIMARY KEY (`id`),
  ADD UNIQUE KEY `pages_localizations_links_unique` (`page_id`,`inv_page_id`),
  ADD KEY `pages_localizations_links_fk` (`page_id`),
  ADD KEY `pages_localizations_links_inv_fk` (`inv_page_id`),
  ADD KEY `pages_localizations_links_order_fk` (`page_order`);

--
-- Indexes for table `pages_page_type_links`
--
ALTER TABLE `pages_page_type_links`
  ADD PRIMARY KEY (`id`),
  ADD UNIQUE KEY `pages_page_type_links_unique` (`page_id`,`page_type_id`),
  ADD KEY `pages_page_type_links_fk` (`page_id`),
  ADD KEY `pages_page_type_links_inv_fk` (`page_type_id`),
  ADD KEY `pages_page_type_links_order_inv_fk` (`page_order`);

--
-- Indexes for table `page_types`
--
ALTER TABLE `page_types`
  ADD PRIMARY KEY (`id`),
  ADD KEY `page_types_created_by_id_fk` (`created_by_id`),
  ADD KEY `page_types_updated_by_id_fk` (`updated_by_id`);

--
-- Indexes for table `page_types_localizations_links`
--
ALTER TABLE `page_types_localizations_links`
  ADD PRIMARY KEY (`id`),
  ADD UNIQUE KEY `page_types_localizations_links_unique` (`page_type_id`,`inv_page_type_id`),
  ADD KEY `page_types_localizations_links_fk` (`page_type_id`),
  ADD KEY `page_types_localizations_links_inv_fk` (`inv_page_type_id`),
  ADD KEY `page_types_localizations_links_order_fk` (`page_type_order`);

--
-- Indexes for table `related_content_types`
--
ALTER TABLE `related_content_types`
  ADD PRIMARY KEY (`id`),
  ADD KEY `related_content_types_created_by_id_fk` (`created_by_id`),
  ADD KEY `related_content_types_updated_by_id_fk` (`updated_by_id`);

--
-- Indexes for table `related_content_types_localizations_links`
--
ALTER TABLE `related_content_types_localizations_links`
  ADD PRIMARY KEY (`id`),
  ADD UNIQUE KEY `related_content_types_localizations_links_unique` (`related_content_type_id`,`inv_related_content_type_id`),
  ADD KEY `related_content_types_localizations_links_fk` (`related_content_type_id`),
  ADD KEY `related_content_types_localizations_links_inv_fk` (`inv_related_content_type_id`),
  ADD KEY `related_content_types_localizations_links_order_fk` (`related_content_type_order`);

--
-- Indexes for table `research_categories`
--
ALTER TABLE `research_categories`
  ADD PRIMARY KEY (`id`),
  ADD KEY `research_categories_created_by_id_fk` (`created_by_id`),
  ADD KEY `research_categories_updated_by_id_fk` (`updated_by_id`);

--
-- Indexes for table `research_categories_localizations_links`
--
ALTER TABLE `research_categories_localizations_links`
  ADD PRIMARY KEY (`id`),
  ADD UNIQUE KEY `research_categories_localizations_links_unique` (`research_category_id`,`inv_research_category_id`),
  ADD KEY `research_categories_localizations_links_fk` (`research_category_id`),
  ADD KEY `research_categories_localizations_links_inv_fk` (`inv_research_category_id`),
  ADD KEY `research_categories_localizations_links_order_fk` (`research_category_order`);

--
-- Indexes for table `research_reports`
--
ALTER TABLE `research_reports`
  ADD PRIMARY KEY (`id`),
  ADD KEY `research_reports_created_by_id_fk` (`created_by_id`),
  ADD KEY `research_reports_updated_by_id_fk` (`updated_by_id`);

--
-- Indexes for table `research_reports_author_links`
--
ALTER TABLE `research_reports_author_links`
  ADD PRIMARY KEY (`id`),
  ADD UNIQUE KEY `research_reports_author_links_unique` (`research_report_id`,`author_id`),
  ADD KEY `research_reports_author_links_fk` (`research_report_id`),
  ADD KEY `research_reports_author_links_inv_fk` (`author_id`);

--
-- Indexes for table `research_reports_category_links`
--
ALTER TABLE `research_reports_category_links`
  ADD PRIMARY KEY (`id`),
  ADD UNIQUE KEY `research_reports_category_links_unique` (`research_report_id`,`research_category_id`),
  ADD KEY `research_reports_category_links_fk` (`research_report_id`),
  ADD KEY `research_reports_category_links_inv_fk` (`research_category_id`),
  ADD KEY `research_reports_category_links_order_inv_fk` (`research_report_order`);

--
-- Indexes for table `research_reports_components`
--
ALTER TABLE `research_reports_components`
  ADD PRIMARY KEY (`id`),
  ADD UNIQUE KEY `research_reports_unique` (`entity_id`,`component_id`,`field`,`component_type`),
  ADD KEY `research_reports_field_index` (`field`),
  ADD KEY `research_reports_component_type_index` (`component_type`),
  ADD KEY `research_reports_entity_fk` (`entity_id`);

--
-- Indexes for table `research_reports_documents_links`
--
ALTER TABLE `research_reports_documents_links`
  ADD PRIMARY KEY (`id`),
  ADD UNIQUE KEY `research_reports_documents_links_unique` (`research_report_id`,`downloadable_document_id`),
  ADD KEY `research_reports_documents_links_fk` (`research_report_id`),
  ADD KEY `research_reports_documents_links_inv_fk` (`downloadable_document_id`),
  ADD KEY `research_reports_documents_links_order_fk` (`downloadable_document_order`);

--
-- Indexes for table `research_reports_localizations_links`
--
ALTER TABLE `research_reports_localizations_links`
  ADD PRIMARY KEY (`id`),
  ADD UNIQUE KEY `research_reports_localizations_links_unique` (`research_report_id`,`inv_research_report_id`),
  ADD KEY `research_reports_localizations_links_fk` (`research_report_id`),
  ADD KEY `research_reports_localizations_links_inv_fk` (`inv_research_report_id`),
  ADD KEY `research_reports_localizations_links_order_fk` (`research_report_order`);

--
-- Indexes for table `research_reports_report_type_links`
--
ALTER TABLE `research_reports_report_type_links`
  ADD PRIMARY KEY (`id`),
  ADD UNIQUE KEY `research_reports_report_type_links_unique` (`research_report_id`,`research_report_type_id`),
  ADD KEY `research_reports_report_type_links_fk` (`research_report_id`),
  ADD KEY `research_reports_report_type_links_inv_fk` (`research_report_type_id`),
  ADD KEY `research_reports_report_type_links_order_inv_fk` (`research_report_order`);

--
-- Indexes for table `research_reports_tags_links`
--
ALTER TABLE `research_reports_tags_links`
  ADD PRIMARY KEY (`id`),
  ADD UNIQUE KEY `research_reports_tags_links_unique` (`research_report_id`,`tag_id`),
  ADD KEY `research_reports_tags_links_fk` (`research_report_id`),
  ADD KEY `research_reports_tags_links_inv_fk` (`tag_id`),
  ADD KEY `research_reports_tags_links_order_fk` (`tag_order`);

--
-- Indexes for table `research_report_types`
--
ALTER TABLE `research_report_types`
  ADD PRIMARY KEY (`id`),
  ADD KEY `research_report_types_created_by_id_fk` (`created_by_id`),
  ADD KEY `research_report_types_updated_by_id_fk` (`updated_by_id`);

--
-- Indexes for table `research_report_types_localizations_links`
--
ALTER TABLE `research_report_types_localizations_links`
  ADD PRIMARY KEY (`id`),
  ADD UNIQUE KEY `research_report_types_localizations_links_unique` (`research_report_type_id`,`inv_research_report_type_id`),
  ADD KEY `research_report_types_localizations_links_fk` (`research_report_type_id`),
  ADD KEY `research_report_types_localizations_links_inv_fk` (`inv_research_report_type_id`),
  ADD KEY `research_report_types_localizations_links_order_fk` (`research_report_type_order`);

--
-- Indexes for table `seo_defaults`
--
ALTER TABLE `seo_defaults`
  ADD PRIMARY KEY (`id`),
  ADD KEY `seo_defaults_created_by_id_fk` (`created_by_id`),
  ADD KEY `seo_defaults_updated_by_id_fk` (`updated_by_id`);

--
-- Indexes for table `seo_defaults_components`
--
ALTER TABLE `seo_defaults_components`
  ADD PRIMARY KEY (`id`),
  ADD UNIQUE KEY `seo_defaults_unique` (`entity_id`,`component_id`,`field`,`component_type`),
  ADD KEY `seo_defaults_field_index` (`field`),
  ADD KEY `seo_defaults_component_type_index` (`component_type`),
  ADD KEY `seo_defaults_entity_fk` (`entity_id`);

--
-- Indexes for table `seo_defaults_localizations_links`
--
ALTER TABLE `seo_defaults_localizations_links`
  ADD PRIMARY KEY (`id`),
  ADD UNIQUE KEY `seo_defaults_localizations_links_unique` (`seo_default_id`,`inv_seo_default_id`),
  ADD KEY `seo_defaults_localizations_links_fk` (`seo_default_id`),
  ADD KEY `seo_defaults_localizations_links_inv_fk` (`inv_seo_default_id`),
  ADD KEY `seo_defaults_localizations_links_order_fk` (`seo_default_order`);

--
-- Indexes for table `services`
--
ALTER TABLE `services`
  ADD PRIMARY KEY (`id`),
  ADD KEY `services_created_by_id_fk` (`created_by_id`),
  ADD KEY `services_updated_by_id_fk` (`updated_by_id`);

--
-- Indexes for table `services_category_links`
--
ALTER TABLE `services_category_links`
  ADD PRIMARY KEY (`id`),
  ADD UNIQUE KEY `services_category_links_unique` (`service_id`,`service_category_id`),
  ADD KEY `services_category_links_fk` (`service_id`),
  ADD KEY `services_category_links_inv_fk` (`service_category_id`),
  ADD KEY `services_category_links_order_inv_fk` (`service_order`);

--
-- Indexes for table `services_components`
--
ALTER TABLE `services_components`
  ADD PRIMARY KEY (`id`),
  ADD UNIQUE KEY `services_unique` (`entity_id`,`component_id`,`field`,`component_type`),
  ADD KEY `services_field_index` (`field`),
  ADD KEY `services_component_type_index` (`component_type`),
  ADD KEY `services_entity_fk` (`entity_id`);

--
-- Indexes for table `services_documents_links`
--
ALTER TABLE `services_documents_links`
  ADD PRIMARY KEY (`id`),
  ADD UNIQUE KEY `services_documents_links_unique` (`service_id`,`downloadable_document_id`),
  ADD KEY `services_documents_links_fk` (`service_id`),
  ADD KEY `services_documents_links_inv_fk` (`downloadable_document_id`),
  ADD KEY `services_documents_links_order_fk` (`downloadable_document_order`);

--
-- Indexes for table `services_localizations_links`
--
ALTER TABLE `services_localizations_links`
  ADD PRIMARY KEY (`id`),
  ADD UNIQUE KEY `services_localizations_links_unique` (`service_id`,`inv_service_id`),
  ADD KEY `services_localizations_links_fk` (`service_id`),
  ADD KEY `services_localizations_links_inv_fk` (`inv_service_id`),
  ADD KEY `services_localizations_links_order_fk` (`service_order`);

--
-- Indexes for table `services_tags_links`
--
ALTER TABLE `services_tags_links`
  ADD PRIMARY KEY (`id`),
  ADD UNIQUE KEY `services_tags_links_unique` (`service_id`,`tag_id`),
  ADD KEY `services_tags_links_fk` (`service_id`),
  ADD KEY `services_tags_links_inv_fk` (`tag_id`),
  ADD KEY `services_tags_links_order_fk` (`tag_order`);

--
-- Indexes for table `service_categories`
--
ALTER TABLE `service_categories`
  ADD PRIMARY KEY (`id`),
  ADD KEY `service_categories_created_by_id_fk` (`created_by_id`),
  ADD KEY `service_categories_updated_by_id_fk` (`updated_by_id`);

--
-- Indexes for table `service_categories_localizations_links`
--
ALTER TABLE `service_categories_localizations_links`
  ADD PRIMARY KEY (`id`),
  ADD UNIQUE KEY `service_categories_localizations_links_unique` (`service_category_id`,`inv_service_category_id`),
  ADD KEY `service_categories_localizations_links_fk` (`service_category_id`),
  ADD KEY `service_categories_localizations_links_inv_fk` (`inv_service_category_id`),
  ADD KEY `service_categories_localizations_links_order_fk` (`service_category_order`);

--
-- Indexes for table `strapi_api_tokens`
--
ALTER TABLE `strapi_api_tokens`
  ADD PRIMARY KEY (`id`),
  ADD KEY `strapi_api_tokens_created_by_id_fk` (`created_by_id`),
  ADD KEY `strapi_api_tokens_updated_by_id_fk` (`updated_by_id`);

--
-- Indexes for table `strapi_api_token_permissions`
--
ALTER TABLE `strapi_api_token_permissions`
  ADD PRIMARY KEY (`id`),
  ADD KEY `strapi_api_token_permissions_created_by_id_fk` (`created_by_id`),
  ADD KEY `strapi_api_token_permissions_updated_by_id_fk` (`updated_by_id`);

--
-- Indexes for table `strapi_api_token_permissions_token_links`
--
ALTER TABLE `strapi_api_token_permissions_token_links`
  ADD PRIMARY KEY (`id`),
  ADD UNIQUE KEY `strapi_api_token_permissions_token_links_unique` (`api_token_permission_id`,`api_token_id`),
  ADD KEY `strapi_api_token_permissions_token_links_fk` (`api_token_permission_id`),
  ADD KEY `strapi_api_token_permissions_token_links_inv_fk` (`api_token_id`),
  ADD KEY `strapi_api_token_permissions_token_links_order_inv_fk` (`api_token_permission_order`);

--
-- Indexes for table `strapi_core_store_settings`
--
ALTER TABLE `strapi_core_store_settings`
  ADD PRIMARY KEY (`id`);

--
-- Indexes for table `strapi_database_schema`
--
ALTER TABLE `strapi_database_schema`
  ADD PRIMARY KEY (`id`);

--
-- Indexes for table `strapi_migrations`
--
ALTER TABLE `strapi_migrations`
  ADD PRIMARY KEY (`id`);

--
-- Indexes for table `strapi_releases`
--
ALTER TABLE `strapi_releases`
  ADD PRIMARY KEY (`id`),
  ADD KEY `strapi_releases_created_by_id_fk` (`created_by_id`),
  ADD KEY `strapi_releases_updated_by_id_fk` (`updated_by_id`);

--
-- Indexes for table `strapi_release_actions`
--
ALTER TABLE `strapi_release_actions`
  ADD PRIMARY KEY (`id`),
  ADD KEY `strapi_release_actions_created_by_id_fk` (`created_by_id`),
  ADD KEY `strapi_release_actions_updated_by_id_fk` (`updated_by_id`);

--
-- Indexes for table `strapi_release_actions_release_links`
--
ALTER TABLE `strapi_release_actions_release_links`
  ADD PRIMARY KEY (`id`),
  ADD UNIQUE KEY `strapi_release_actions_release_links_unique` (`release_action_id`,`release_id`),
  ADD KEY `strapi_release_actions_release_links_fk` (`release_action_id`),
  ADD KEY `strapi_release_actions_release_links_inv_fk` (`release_id`),
  ADD KEY `strapi_release_actions_release_links_order_inv_fk` (`release_action_order`);

--
-- Indexes for table `strapi_transfer_tokens`
--
ALTER TABLE `strapi_transfer_tokens`
  ADD PRIMARY KEY (`id`),
  ADD KEY `strapi_transfer_tokens_created_by_id_fk` (`created_by_id`),
  ADD KEY `strapi_transfer_tokens_updated_by_id_fk` (`updated_by_id`);

--
-- Indexes for table `strapi_transfer_token_permissions`
--
ALTER TABLE `strapi_transfer_token_permissions`
  ADD PRIMARY KEY (`id`),
  ADD KEY `strapi_transfer_token_permissions_created_by_id_fk` (`created_by_id`),
  ADD KEY `strapi_transfer_token_permissions_updated_by_id_fk` (`updated_by_id`);

--
-- Indexes for table `strapi_transfer_token_permissions_token_links`
--
ALTER TABLE `strapi_transfer_token_permissions_token_links`
  ADD PRIMARY KEY (`id`),
  ADD UNIQUE KEY `strapi_transfer_token_permissions_token_links_unique` (`transfer_token_permission_id`,`transfer_token_id`),
  ADD KEY `strapi_transfer_token_permissions_token_links_fk` (`transfer_token_permission_id`),
  ADD KEY `strapi_transfer_token_permissions_token_links_inv_fk` (`transfer_token_id`),
  ADD KEY `strapi_transfer_token_permissions_token_links_order_inv_fk` (`transfer_token_permission_order`);

--
-- Indexes for table `strapi_webhooks`
--
ALTER TABLE `strapi_webhooks`
  ADD PRIMARY KEY (`id`);

--
-- Indexes for table `tags`
--
ALTER TABLE `tags`
  ADD PRIMARY KEY (`id`),
  ADD KEY `tags_created_by_id_fk` (`created_by_id`),
  ADD KEY `tags_updated_by_id_fk` (`updated_by_id`);

--
-- Indexes for table `tags_localizations_links`
--
ALTER TABLE `tags_localizations_links`
  ADD PRIMARY KEY (`id`),
  ADD UNIQUE KEY `tags_localizations_links_unique` (`tag_id`,`inv_tag_id`),
  ADD KEY `tags_localizations_links_fk` (`tag_id`),
  ADD KEY `tags_localizations_links_inv_fk` (`inv_tag_id`),
  ADD KEY `tags_localizations_links_order_fk` (`tag_order`);

--
-- Indexes for table `upload_folders`
--
ALTER TABLE `upload_folders`
  ADD PRIMARY KEY (`id`),
  ADD UNIQUE KEY `upload_folders_path_id_index` (`path_id`),
  ADD UNIQUE KEY `upload_folders_path_index` (`path`),
  ADD KEY `upload_folders_created_by_id_fk` (`created_by_id`),
  ADD KEY `upload_folders_updated_by_id_fk` (`updated_by_id`);

--
-- Indexes for table `upload_folders_parent_links`
--
ALTER TABLE `upload_folders_parent_links`
  ADD PRIMARY KEY (`id`),
  ADD UNIQUE KEY `upload_folders_parent_links_unique` (`folder_id`,`inv_folder_id`),
  ADD KEY `upload_folders_parent_links_fk` (`folder_id`),
  ADD KEY `upload_folders_parent_links_inv_fk` (`inv_folder_id`),
  ADD KEY `upload_folders_parent_links_order_inv_fk` (`folder_order`);

--
-- Indexes for table `up_permissions`
--
ALTER TABLE `up_permissions`
  ADD PRIMARY KEY (`id`),
  ADD KEY `up_permissions_created_by_id_fk` (`created_by_id`),
  ADD KEY `up_permissions_updated_by_id_fk` (`updated_by_id`);

--
-- Indexes for table `up_permissions_role_links`
--
ALTER TABLE `up_permissions_role_links`
  ADD PRIMARY KEY (`id`),
  ADD UNIQUE KEY `up_permissions_role_links_unique` (`permission_id`,`role_id`),
  ADD KEY `up_permissions_role_links_fk` (`permission_id`),
  ADD KEY `up_permissions_role_links_inv_fk` (`role_id`),
  ADD KEY `up_permissions_role_links_order_inv_fk` (`permission_order`);

--
-- Indexes for table `up_roles`
--
ALTER TABLE `up_roles`
  ADD PRIMARY KEY (`id`),
  ADD KEY `up_roles_created_by_id_fk` (`created_by_id`),
  ADD KEY `up_roles_updated_by_id_fk` (`updated_by_id`);

--
-- Indexes for table `up_users`
--
ALTER TABLE `up_users`
  ADD PRIMARY KEY (`id`),
  ADD KEY `up_users_created_by_id_fk` (`created_by_id`),
  ADD KEY `up_users_updated_by_id_fk` (`updated_by_id`);

--
-- Indexes for table `up_users_role_links`
--
ALTER TABLE `up_users_role_links`
  ADD PRIMARY KEY (`id`),
  ADD UNIQUE KEY `up_users_role_links_unique` (`user_id`,`role_id`),
  ADD KEY `up_users_role_links_fk` (`user_id`),
  ADD KEY `up_users_role_links_inv_fk` (`role_id`),
  ADD KEY `up_users_role_links_order_inv_fk` (`user_order`);

--
-- AUTO_INCREMENT for dumped tables
--

--
-- AUTO_INCREMENT for table `admin_permissions`
--
ALTER TABLE `admin_permissions`
  MODIFY `id` int(10) UNSIGNED NOT NULL AUTO_INCREMENT, AUTO_INCREMENT=459;

--
-- AUTO_INCREMENT for table `admin_permissions_role_links`
--
ALTER TABLE `admin_permissions_role_links`
  MODIFY `id` int(10) UNSIGNED NOT NULL AUTO_INCREMENT, AUTO_INCREMENT=579;

--
-- AUTO_INCREMENT for table `admin_roles`
--
ALTER TABLE `admin_roles`
  MODIFY `id` int(10) UNSIGNED NOT NULL AUTO_INCREMENT, AUTO_INCREMENT=4;

--
-- AUTO_INCREMENT for table `admin_users`
--
ALTER TABLE `admin_users`
  MODIFY `id` int(10) UNSIGNED NOT NULL AUTO_INCREMENT, AUTO_INCREMENT=2;

--
-- AUTO_INCREMENT for table `admin_users_roles_links`
--
ALTER TABLE `admin_users_roles_links`
  MODIFY `id` int(10) UNSIGNED NOT NULL AUTO_INCREMENT, AUTO_INCREMENT=2;

--
-- AUTO_INCREMENT for table `announcements`
--
ALTER TABLE `announcements`
  MODIFY `id` int(10) UNSIGNED NOT NULL AUTO_INCREMENT, AUTO_INCREMENT=5;

--
-- AUTO_INCREMENT for table `announcements_components`
--
ALTER TABLE `announcements_components`
  MODIFY `id` int(10) UNSIGNED NOT NULL AUTO_INCREMENT, AUTO_INCREMENT=219;

--
-- AUTO_INCREMENT for table `announcements_localizations_links`
--
ALTER TABLE `announcements_localizations_links`
  MODIFY `id` int(10) UNSIGNED NOT NULL AUTO_INCREMENT;

--
-- AUTO_INCREMENT for table `authors`
--
ALTER TABLE `authors`
  MODIFY `id` int(10) UNSIGNED NOT NULL AUTO_INCREMENT, AUTO_INCREMENT=5;

--
-- AUTO_INCREMENT for table `authors_localizations_links`
--
ALTER TABLE `authors_localizations_links`
  MODIFY `id` int(10) UNSIGNED NOT NULL AUTO_INCREMENT;

--
-- AUTO_INCREMENT for table `banners`
--
ALTER TABLE `banners`
  MODIFY `id` int(10) UNSIGNED NOT NULL AUTO_INCREMENT, AUTO_INCREMENT=7;

--
-- AUTO_INCREMENT for table `banners_components`
--
ALTER TABLE `banners_components`
  MODIFY `id` int(10) UNSIGNED NOT NULL AUTO_INCREMENT, AUTO_INCREMENT=297;

--
-- AUTO_INCREMENT for table `banners_localizations_links`
--
ALTER TABLE `banners_localizations_links`
  MODIFY `id` int(10) UNSIGNED NOT NULL AUTO_INCREMENT;

--
-- AUTO_INCREMENT for table `banners_placement_links`
--
ALTER TABLE `banners_placement_links`
  MODIFY `id` int(10) UNSIGNED NOT NULL AUTO_INCREMENT, AUTO_INCREMENT=169;

--
-- AUTO_INCREMENT for table `banner_placements`
--
ALTER TABLE `banner_placements`
  MODIFY `id` int(10) UNSIGNED NOT NULL AUTO_INCREMENT, AUTO_INCREMENT=7;

--
-- AUTO_INCREMENT for table `banner_placements_localizations_links`
--
ALTER TABLE `banner_placements_localizations_links`
  MODIFY `id` int(10) UNSIGNED NOT NULL AUTO_INCREMENT;

--
-- AUTO_INCREMENT for table `career_jobs`
--
ALTER TABLE `career_jobs`
  MODIFY `id` int(10) UNSIGNED NOT NULL AUTO_INCREMENT, AUTO_INCREMENT=7;

--
-- AUTO_INCREMENT for table `career_jobs_components`
--
ALTER TABLE `career_jobs_components`
  MODIFY `id` int(10) UNSIGNED NOT NULL AUTO_INCREMENT, AUTO_INCREMENT=328;

--
-- AUTO_INCREMENT for table `career_jobs_employment_type_links`
--
ALTER TABLE `career_jobs_employment_type_links`
  MODIFY `id` int(10) UNSIGNED NOT NULL AUTO_INCREMENT, AUTO_INCREMENT=175;

--
-- AUTO_INCREMENT for table `career_jobs_localizations_links`
--
ALTER TABLE `career_jobs_localizations_links`
  MODIFY `id` int(10) UNSIGNED NOT NULL AUTO_INCREMENT;

--
-- AUTO_INCREMENT for table `components_advisor_cards`
--
ALTER TABLE `components_advisor_cards`
  MODIFY `id` int(10) UNSIGNED NOT NULL AUTO_INCREMENT, AUTO_INCREMENT=167;

--
-- AUTO_INCREMENT for table `components_home_ai_stack_sections`
--
ALTER TABLE `components_home_ai_stack_sections`
  MODIFY `id` int(10) UNSIGNED NOT NULL AUTO_INCREMENT, AUTO_INCREMENT=90;

--
-- AUTO_INCREMENT for table `components_home_ai_stack_sections_components`
--
ALTER TABLE `components_home_ai_stack_sections_components`
  MODIFY `id` int(10) UNSIGNED NOT NULL AUTO_INCREMENT, AUTO_INCREMENT=322;

--
-- AUTO_INCREMENT for table `components_home_ecosystem_sections`
--
ALTER TABLE `components_home_ecosystem_sections`
  MODIFY `id` int(10) UNSIGNED NOT NULL AUTO_INCREMENT, AUTO_INCREMENT=90;

--
-- AUTO_INCREMENT for table `components_home_ecosystem_sections_components`
--
ALTER TABLE `components_home_ecosystem_sections_components`
  MODIFY `id` int(10) UNSIGNED NOT NULL AUTO_INCREMENT, AUTO_INCREMENT=857;

--
-- AUTO_INCREMENT for table `components_home_market_strip_sections`
--
ALTER TABLE `components_home_market_strip_sections`
  MODIFY `id` int(10) UNSIGNED NOT NULL AUTO_INCREMENT, AUTO_INCREMENT=27;

--
-- AUTO_INCREMENT for table `components_home_one_shinhan_sections`
--
ALTER TABLE `components_home_one_shinhan_sections`
  MODIFY `id` int(10) UNSIGNED NOT NULL AUTO_INCREMENT, AUTO_INCREMENT=90;

--
-- AUTO_INCREMENT for table `components_home_one_shinhan_sections_components`
--
ALTER TABLE `components_home_one_shinhan_sections_components`
  MODIFY `id` int(10) UNSIGNED NOT NULL AUTO_INCREMENT, AUTO_INCREMENT=734;

--
-- AUTO_INCREMENT for table `components_home_price_board_sections`
--
ALTER TABLE `components_home_price_board_sections`
  MODIFY `id` int(10) UNSIGNED NOT NULL AUTO_INCREMENT, AUTO_INCREMENT=21;

--
-- AUTO_INCREMENT for table `components_sections_contact_sections`
--
ALTER TABLE `components_sections_contact_sections`
  MODIFY `id` int(10) UNSIGNED NOT NULL AUTO_INCREMENT;

--
-- AUTO_INCREMENT for table `components_sections_cta_sections`
--
ALTER TABLE `components_sections_cta_sections`
  MODIFY `id` int(10) UNSIGNED NOT NULL AUTO_INCREMENT, AUTO_INCREMENT=222;

--
-- AUTO_INCREMENT for table `components_sections_cta_sections_components`
--
ALTER TABLE `components_sections_cta_sections_components`
  MODIFY `id` int(10) UNSIGNED NOT NULL AUTO_INCREMENT, AUTO_INCREMENT=473;

--
-- AUTO_INCREMENT for table `components_sections_download_list_sections`
--
ALTER TABLE `components_sections_download_list_sections`
  MODIFY `id` int(10) UNSIGNED NOT NULL AUTO_INCREMENT;

--
-- AUTO_INCREMENT for table `components_sections_embed_blocks`
--
ALTER TABLE `components_sections_embed_blocks`
  MODIFY `id` int(10) UNSIGNED NOT NULL AUTO_INCREMENT;

--
-- AUTO_INCREMENT for table `components_sections_faq_sections`
--
ALTER TABLE `components_sections_faq_sections`
  MODIFY `id` int(10) UNSIGNED NOT NULL AUTO_INCREMENT, AUTO_INCREMENT=510;

--
-- AUTO_INCREMENT for table `components_sections_feature_card_sections`
--
ALTER TABLE `components_sections_feature_card_sections`
  MODIFY `id` int(10) UNSIGNED NOT NULL AUTO_INCREMENT, AUTO_INCREMENT=1108;

--
-- AUTO_INCREMENT for table `components_sections_feature_card_sections_components`
--
ALTER TABLE `components_sections_feature_card_sections_components`
  MODIFY `id` int(10) UNSIGNED NOT NULL AUTO_INCREMENT, AUTO_INCREMENT=3377;

--
-- AUTO_INCREMENT for table `components_sections_hero_blocks`
--
ALTER TABLE `components_sections_hero_blocks`
  MODIFY `id` int(10) UNSIGNED NOT NULL AUTO_INCREMENT, AUTO_INCREMENT=1086;

--
-- AUTO_INCREMENT for table `components_sections_hero_blocks_components`
--
ALTER TABLE `components_sections_hero_blocks_components`
  MODIFY `id` int(10) UNSIGNED NOT NULL AUTO_INCREMENT, AUTO_INCREMENT=261;

--
-- AUTO_INCREMENT for table `components_sections_news_list_sections`
--
ALTER TABLE `components_sections_news_list_sections`
  MODIFY `id` int(10) UNSIGNED NOT NULL AUTO_INCREMENT, AUTO_INCREMENT=113;

--
-- AUTO_INCREMENT for table `components_sections_office_list_sections`
--
ALTER TABLE `components_sections_office_list_sections`
  MODIFY `id` int(10) UNSIGNED NOT NULL AUTO_INCREMENT, AUTO_INCREMENT=113;

--
-- AUTO_INCREMENT for table `components_sections_quote_sections`
--
ALTER TABLE `components_sections_quote_sections`
  MODIFY `id` int(10) UNSIGNED NOT NULL AUTO_INCREMENT, AUTO_INCREMENT=108;

--
-- AUTO_INCREMENT for table `components_sections_related_contents`
--
ALTER TABLE `components_sections_related_contents`
  MODIFY `id` int(10) UNSIGNED NOT NULL AUTO_INCREMENT;

--
-- AUTO_INCREMENT for table `components_sections_related_contents_content_type_links`
--
ALTER TABLE `components_sections_related_contents_content_type_links`
  MODIFY `id` int(10) UNSIGNED NOT NULL AUTO_INCREMENT;

--
-- AUTO_INCREMENT for table `components_sections_research_list_sections`
--
ALTER TABLE `components_sections_research_list_sections`
  MODIFY `id` int(10) UNSIGNED NOT NULL AUTO_INCREMENT, AUTO_INCREMENT=113;

--
-- AUTO_INCREMENT for table `components_sections_rich_text_blocks`
--
ALTER TABLE `components_sections_rich_text_blocks`
  MODIFY `id` int(10) UNSIGNED NOT NULL AUTO_INCREMENT, AUTO_INCREMENT=735;

--
-- AUTO_INCREMENT for table `components_sections_stats_sections`
--
ALTER TABLE `components_sections_stats_sections`
  MODIFY `id` int(10) UNSIGNED NOT NULL AUTO_INCREMENT, AUTO_INCREMENT=113;

--
-- AUTO_INCREMENT for table `components_sections_stats_sections_components`
--
ALTER TABLE `components_sections_stats_sections_components`
  MODIFY `id` int(10) UNSIGNED NOT NULL AUTO_INCREMENT, AUTO_INCREMENT=521;

--
-- AUTO_INCREMENT for table `components_sections_table_blocks`
--
ALTER TABLE `components_sections_table_blocks`
  MODIFY `id` int(10) UNSIGNED NOT NULL AUTO_INCREMENT, AUTO_INCREMENT=206;

--
-- AUTO_INCREMENT for table `components_sections_table_blocks_components`
--
ALTER TABLE `components_sections_table_blocks_components`
  MODIFY `id` int(10) UNSIGNED NOT NULL AUTO_INCREMENT, AUTO_INCREMENT=507;

--
-- AUTO_INCREMENT for table `components_sections_timeline_sections`
--
ALTER TABLE `components_sections_timeline_sections`
  MODIFY `id` int(10) UNSIGNED NOT NULL AUTO_INCREMENT, AUTO_INCREMENT=110;

--
-- AUTO_INCREMENT for table `components_sections_timeline_sections_components`
--
ALTER TABLE `components_sections_timeline_sections_components`
  MODIFY `id` int(10) UNSIGNED NOT NULL AUTO_INCREMENT, AUTO_INCREMENT=1167;

--
-- AUTO_INCREMENT for table `components_sections_trading_system_showcase_sections`
--
ALTER TABLE `components_sections_trading_system_showcase_sections`
  MODIFY `id` int(10) UNSIGNED NOT NULL AUTO_INCREMENT, AUTO_INCREMENT=113;

--
-- AUTO_INCREMENT for table `components_sections_trust_signal_sections`
--
ALTER TABLE `components_sections_trust_signal_sections`
  MODIFY `id` int(10) UNSIGNED NOT NULL AUTO_INCREMENT, AUTO_INCREMENT=113;

--
-- AUTO_INCREMENT for table `components_sections_trust_signal_sections_components`
--
ALTER TABLE `components_sections_trust_signal_sections_components`
  MODIFY `id` int(10) UNSIGNED NOT NULL AUTO_INCREMENT, AUTO_INCREMENT=261;

--
-- AUTO_INCREMENT for table `components_shared_breadcrumb_configs`
--
ALTER TABLE `components_shared_breadcrumb_configs`
  MODIFY `id` int(10) UNSIGNED NOT NULL AUTO_INCREMENT, AUTO_INCREMENT=1791;

--
-- AUTO_INCREMENT for table `components_shared_button_configs`
--
ALTER TABLE `components_shared_button_configs`
  MODIFY `id` int(10) UNSIGNED NOT NULL AUTO_INCREMENT, AUTO_INCREMENT=1364;

--
-- AUTO_INCREMENT for table `components_shared_feature_items`
--
ALTER TABLE `components_shared_feature_items`
  MODIFY `id` int(10) UNSIGNED NOT NULL AUTO_INCREMENT, AUTO_INCREMENT=3323;

--
-- AUTO_INCREMENT for table `components_shared_feature_items_components`
--
ALTER TABLE `components_shared_feature_items_components`
  MODIFY `id` int(10) UNSIGNED NOT NULL AUTO_INCREMENT, AUTO_INCREMENT=1322;

--
-- AUTO_INCREMENT for table `components_shared_home_ai_cards`
--
ALTER TABLE `components_shared_home_ai_cards`
  MODIFY `id` int(10) UNSIGNED NOT NULL AUTO_INCREMENT, AUTO_INCREMENT=268;

--
-- AUTO_INCREMENT for table `components_shared_home_highlight_items`
--
ALTER TABLE `components_shared_home_highlight_items`
  MODIFY `id` int(10) UNSIGNED NOT NULL AUTO_INCREMENT, AUTO_INCREMENT=145;

--
-- AUTO_INCREMENT for table `components_shared_home_partner_items`
--
ALTER TABLE `components_shared_home_partner_items`
  MODIFY `id` int(10) UNSIGNED NOT NULL AUTO_INCREMENT, AUTO_INCREMENT=446;

--
-- AUTO_INCREMENT for table `components_shared_link_items`
--
ALTER TABLE `components_shared_link_items`
  MODIFY `id` int(10) UNSIGNED NOT NULL AUTO_INCREMENT, AUTO_INCREMENT=4002;

--
-- AUTO_INCREMENT for table `components_shared_link_items_components`
--
ALTER TABLE `components_shared_link_items_components`
  MODIFY `id` int(10) UNSIGNED NOT NULL AUTO_INCREMENT, AUTO_INCREMENT=1381;

--
-- AUTO_INCREMENT for table `components_shared_media_asset_references`
--
ALTER TABLE `components_shared_media_asset_references`
  MODIFY `id` int(10) UNSIGNED NOT NULL AUTO_INCREMENT;

--
-- AUTO_INCREMENT for table `components_shared_nested_link_items`
--
ALTER TABLE `components_shared_nested_link_items`
  MODIFY `id` int(10) UNSIGNED NOT NULL AUTO_INCREMENT, AUTO_INCREMENT=1357;

--
-- AUTO_INCREMENT for table `components_shared_seo_metas`
--
ALTER TABLE `components_shared_seo_metas`
  MODIFY `id` int(10) UNSIGNED NOT NULL AUTO_INCREMENT, AUTO_INCREMENT=5519;

--
-- AUTO_INCREMENT for table `components_shared_stat_items`
--
ALTER TABLE `components_shared_stat_items`
  MODIFY `id` int(10) UNSIGNED NOT NULL AUTO_INCREMENT, AUTO_INCREMENT=449;

--
-- AUTO_INCREMENT for table `components_shared_table_rows`
--
ALTER TABLE `components_shared_table_rows`
  MODIFY `id` int(10) UNSIGNED NOT NULL AUTO_INCREMENT, AUTO_INCREMENT=507;

--
-- AUTO_INCREMENT for table `components_shared_timeline_items`
--
ALTER TABLE `components_shared_timeline_items`
  MODIFY `id` int(10) UNSIGNED NOT NULL AUTO_INCREMENT, AUTO_INCREMENT=1164;

--
-- AUTO_INCREMENT for table `components_shared_trust_items`
--
ALTER TABLE `components_shared_trust_items`
  MODIFY `id` int(10) UNSIGNED NOT NULL AUTO_INCREMENT, AUTO_INCREMENT=225;

--
-- AUTO_INCREMENT for table `contact_page_settings`
--
ALTER TABLE `contact_page_settings`
  MODIFY `id` int(10) UNSIGNED NOT NULL AUTO_INCREMENT, AUTO_INCREMENT=3;

--
-- AUTO_INCREMENT for table `contact_page_settings_components`
--
ALTER TABLE `contact_page_settings_components`
  MODIFY `id` int(10) UNSIGNED NOT NULL AUTO_INCREMENT, AUTO_INCREMENT=449;

--
-- AUTO_INCREMENT for table `contact_page_settings_localizations_links`
--
ALTER TABLE `contact_page_settings_localizations_links`
  MODIFY `id` int(10) UNSIGNED NOT NULL AUTO_INCREMENT;

--
-- AUTO_INCREMENT for table `document_categories`
--
ALTER TABLE `document_categories`
  MODIFY `id` int(10) UNSIGNED NOT NULL AUTO_INCREMENT, AUTO_INCREMENT=11;

--
-- AUTO_INCREMENT for table `document_categories_localizations_links`
--
ALTER TABLE `document_categories_localizations_links`
  MODIFY `id` int(10) UNSIGNED NOT NULL AUTO_INCREMENT;

--
-- AUTO_INCREMENT for table `downloadable_documents`
--
ALTER TABLE `downloadable_documents`
  MODIFY `id` int(10) UNSIGNED NOT NULL AUTO_INCREMENT, AUTO_INCREMENT=7;

--
-- AUTO_INCREMENT for table `downloadable_documents_document_category_links`
--
ALTER TABLE `downloadable_documents_document_category_links`
  MODIFY `id` int(10) UNSIGNED NOT NULL AUTO_INCREMENT, AUTO_INCREMENT=175;

--
-- AUTO_INCREMENT for table `downloadable_documents_localizations_links`
--
ALTER TABLE `downloadable_documents_localizations_links`
  MODIFY `id` int(10) UNSIGNED NOT NULL AUTO_INCREMENT;

--
-- AUTO_INCREMENT for table `employment_types`
--
ALTER TABLE `employment_types`
  MODIFY `id` int(10) UNSIGNED NOT NULL AUTO_INCREMENT, AUTO_INCREMENT=9;

--
-- AUTO_INCREMENT for table `employment_types_localizations_links`
--
ALTER TABLE `employment_types_localizations_links`
  MODIFY `id` int(10) UNSIGNED NOT NULL AUTO_INCREMENT;

--
-- AUTO_INCREMENT for table `events`
--
ALTER TABLE `events`
  MODIFY `id` int(10) UNSIGNED NOT NULL AUTO_INCREMENT, AUTO_INCREMENT=7;

--
-- AUTO_INCREMENT for table `events_category_links`
--
ALTER TABLE `events_category_links`
  MODIFY `id` int(10) UNSIGNED NOT NULL AUTO_INCREMENT, AUTO_INCREMENT=328;

--
-- AUTO_INCREMENT for table `events_components`
--
ALTER TABLE `events_components`
  MODIFY `id` int(10) UNSIGNED NOT NULL AUTO_INCREMENT, AUTO_INCREMENT=328;

--
-- AUTO_INCREMENT for table `events_localizations_links`
--
ALTER TABLE `events_localizations_links`
  MODIFY `id` int(10) UNSIGNED NOT NULL AUTO_INCREMENT;

--
-- AUTO_INCREMENT for table `events_tags_links`
--
ALTER TABLE `events_tags_links`
  MODIFY `id` int(10) UNSIGNED NOT NULL AUTO_INCREMENT, AUTO_INCREMENT=654;

--
-- AUTO_INCREMENT for table `event_categories`
--
ALTER TABLE `event_categories`
  MODIFY `id` int(10) UNSIGNED NOT NULL AUTO_INCREMENT, AUTO_INCREMENT=5;

--
-- AUTO_INCREMENT for table `event_categories_localizations_links`
--
ALTER TABLE `event_categories_localizations_links`
  MODIFY `id` int(10) UNSIGNED NOT NULL AUTO_INCREMENT;

--
-- AUTO_INCREMENT for table `faq_categories`
--
ALTER TABLE `faq_categories`
  MODIFY `id` int(10) UNSIGNED NOT NULL AUTO_INCREMENT, AUTO_INCREMENT=5;

--
-- AUTO_INCREMENT for table `faq_categories_localizations_links`
--
ALTER TABLE `faq_categories_localizations_links`
  MODIFY `id` int(10) UNSIGNED NOT NULL AUTO_INCREMENT;

--
-- AUTO_INCREMENT for table `faq_items`
--
ALTER TABLE `faq_items`
  MODIFY `id` int(10) UNSIGNED NOT NULL AUTO_INCREMENT, AUTO_INCREMENT=13;

--
-- AUTO_INCREMENT for table `faq_items_category_links`
--
ALTER TABLE `faq_items_category_links`
  MODIFY `id` int(10) UNSIGNED NOT NULL AUTO_INCREMENT, AUTO_INCREMENT=655;

--
-- AUTO_INCREMENT for table `faq_items_components`
--
ALTER TABLE `faq_items_components`
  MODIFY `id` int(10) UNSIGNED NOT NULL AUTO_INCREMENT, AUTO_INCREMENT=655;

--
-- AUTO_INCREMENT for table `faq_items_localizations_links`
--
ALTER TABLE `faq_items_localizations_links`
  MODIFY `id` int(10) UNSIGNED NOT NULL AUTO_INCREMENT;

--
-- AUTO_INCREMENT for table `files`
--
ALTER TABLE `files`
  MODIFY `id` int(10) UNSIGNED NOT NULL AUTO_INCREMENT, AUTO_INCREMENT=18;

--
-- AUTO_INCREMENT for table `files_folder_links`
--
ALTER TABLE `files_folder_links`
  MODIFY `id` int(10) UNSIGNED NOT NULL AUTO_INCREMENT;

--
-- AUTO_INCREMENT for table `files_related_morphs`
--
ALTER TABLE `files_related_morphs`
  MODIFY `id` int(10) UNSIGNED NOT NULL AUTO_INCREMENT, AUTO_INCREMENT=5284;

--
-- AUTO_INCREMENT for table `footer_navigations`
--
ALTER TABLE `footer_navigations`
  MODIFY `id` int(10) UNSIGNED NOT NULL AUTO_INCREMENT, AUTO_INCREMENT=3;

--
-- AUTO_INCREMENT for table `footer_navigations_components`
--
ALTER TABLE `footer_navigations_components`
  MODIFY `id` int(10) UNSIGNED NOT NULL AUTO_INCREMENT, AUTO_INCREMENT=691;

--
-- AUTO_INCREMENT for table `footer_navigations_localizations_links`
--
ALTER TABLE `footer_navigations_localizations_links`
  MODIFY `id` int(10) UNSIGNED NOT NULL AUTO_INCREMENT;

--
-- AUTO_INCREMENT for table `global_settings`
--
ALTER TABLE `global_settings`
  MODIFY `id` int(10) UNSIGNED NOT NULL AUTO_INCREMENT, AUTO_INCREMENT=3;

--
-- AUTO_INCREMENT for table `global_settings_components`
--
ALTER TABLE `global_settings_components`
  MODIFY `id` int(10) UNSIGNED NOT NULL AUTO_INCREMENT, AUTO_INCREMENT=461;

--
-- AUTO_INCREMENT for table `global_settings_localizations_links`
--
ALTER TABLE `global_settings_localizations_links`
  MODIFY `id` int(10) UNSIGNED NOT NULL AUTO_INCREMENT;

--
-- AUTO_INCREMENT for table `header_navigations`
--
ALTER TABLE `header_navigations`
  MODIFY `id` int(10) UNSIGNED NOT NULL AUTO_INCREMENT, AUTO_INCREMENT=3;

--
-- AUTO_INCREMENT for table `header_navigations_components`
--
ALTER TABLE `header_navigations_components`
  MODIFY `id` int(10) UNSIGNED NOT NULL AUTO_INCREMENT, AUTO_INCREMENT=1036;

--
-- AUTO_INCREMENT for table `header_navigations_localizations_links`
--
ALTER TABLE `header_navigations_localizations_links`
  MODIFY `id` int(10) UNSIGNED NOT NULL AUTO_INCREMENT;

--
-- AUTO_INCREMENT for table `homepages`
--
ALTER TABLE `homepages`
  MODIFY `id` int(10) UNSIGNED NOT NULL AUTO_INCREMENT, AUTO_INCREMENT=3;

--
-- AUTO_INCREMENT for table `homepages_components`
--
ALTER TABLE `homepages_components`
  MODIFY `id` int(10) UNSIGNED NOT NULL AUTO_INCREMENT, AUTO_INCREMENT=1828;

--
-- AUTO_INCREMENT for table `homepages_localizations_links`
--
ALTER TABLE `homepages_localizations_links`
  MODIFY `id` int(10) UNSIGNED NOT NULL AUTO_INCREMENT;

--
-- AUTO_INCREMENT for table `i18n_locale`
--
ALTER TABLE `i18n_locale`
  MODIFY `id` int(10) UNSIGNED NOT NULL AUTO_INCREMENT, AUTO_INCREMENT=3;

--
-- AUTO_INCREMENT for table `news_articles`
--
ALTER TABLE `news_articles`
  MODIFY `id` int(10) UNSIGNED NOT NULL AUTO_INCREMENT, AUTO_INCREMENT=13;

--
-- AUTO_INCREMENT for table `news_articles_author_links`
--
ALTER TABLE `news_articles_author_links`
  MODIFY `id` int(10) UNSIGNED NOT NULL AUTO_INCREMENT, AUTO_INCREMENT=655;

--
-- AUTO_INCREMENT for table `news_articles_category_links`
--
ALTER TABLE `news_articles_category_links`
  MODIFY `id` int(10) UNSIGNED NOT NULL AUTO_INCREMENT, AUTO_INCREMENT=655;

--
-- AUTO_INCREMENT for table `news_articles_components`
--
ALTER TABLE `news_articles_components`
  MODIFY `id` int(10) UNSIGNED NOT NULL AUTO_INCREMENT, AUTO_INCREMENT=655;

--
-- AUTO_INCREMENT for table `news_articles_documents_links`
--
ALTER TABLE `news_articles_documents_links`
  MODIFY `id` int(10) UNSIGNED NOT NULL AUTO_INCREMENT, AUTO_INCREMENT=655;

--
-- AUTO_INCREMENT for table `news_articles_localizations_links`
--
ALTER TABLE `news_articles_localizations_links`
  MODIFY `id` int(10) UNSIGNED NOT NULL AUTO_INCREMENT;

--
-- AUTO_INCREMENT for table `news_articles_tags_links`
--
ALTER TABLE `news_articles_tags_links`
  MODIFY `id` int(10) UNSIGNED NOT NULL AUTO_INCREMENT, AUTO_INCREMENT=2614;

--
-- AUTO_INCREMENT for table `news_categories`
--
ALTER TABLE `news_categories`
  MODIFY `id` int(10) UNSIGNED NOT NULL AUTO_INCREMENT, AUTO_INCREMENT=5;

--
-- AUTO_INCREMENT for table `news_categories_localizations_links`
--
ALTER TABLE `news_categories_localizations_links`
  MODIFY `id` int(10) UNSIGNED NOT NULL AUTO_INCREMENT;

--
-- AUTO_INCREMENT for table `office_locations`
--
ALTER TABLE `office_locations`
  MODIFY `id` int(10) UNSIGNED NOT NULL AUTO_INCREMENT, AUTO_INCREMENT=7;

--
-- AUTO_INCREMENT for table `office_locations_localizations_links`
--
ALTER TABLE `office_locations_localizations_links`
  MODIFY `id` int(10) UNSIGNED NOT NULL AUTO_INCREMENT;

--
-- AUTO_INCREMENT for table `office_locations_office_type_links`
--
ALTER TABLE `office_locations_office_type_links`
  MODIFY `id` int(10) UNSIGNED NOT NULL AUTO_INCREMENT, AUTO_INCREMENT=169;

--
-- AUTO_INCREMENT for table `office_types`
--
ALTER TABLE `office_types`
  MODIFY `id` int(10) UNSIGNED NOT NULL AUTO_INCREMENT, AUTO_INCREMENT=7;

--
-- AUTO_INCREMENT for table `office_types_localizations_links`
--
ALTER TABLE `office_types_localizations_links`
  MODIFY `id` int(10) UNSIGNED NOT NULL AUTO_INCREMENT;

--
-- AUTO_INCREMENT for table `pages`
--
ALTER TABLE `pages`
  MODIFY `id` int(10) UNSIGNED NOT NULL AUTO_INCREMENT, AUTO_INCREMENT=37;

--
-- AUTO_INCREMENT for table `pages_components`
--
ALTER TABLE `pages_components`
  MODIFY `id` int(10) UNSIGNED NOT NULL AUTO_INCREMENT, AUTO_INCREMENT=7216;

--
-- AUTO_INCREMENT for table `pages_localizations_links`
--
ALTER TABLE `pages_localizations_links`
  MODIFY `id` int(10) UNSIGNED NOT NULL AUTO_INCREMENT;

--
-- AUTO_INCREMENT for table `pages_page_type_links`
--
ALTER TABLE `pages_page_type_links`
  MODIFY `id` int(10) UNSIGNED NOT NULL AUTO_INCREMENT, AUTO_INCREMENT=1045;

--
-- AUTO_INCREMENT for table `page_types`
--
ALTER TABLE `page_types`
  MODIFY `id` int(10) UNSIGNED NOT NULL AUTO_INCREMENT, AUTO_INCREMENT=9;

--
-- AUTO_INCREMENT for table `page_types_localizations_links`
--
ALTER TABLE `page_types_localizations_links`
  MODIFY `id` int(10) UNSIGNED NOT NULL AUTO_INCREMENT;

--
-- AUTO_INCREMENT for table `related_content_types`
--
ALTER TABLE `related_content_types`
  MODIFY `id` int(10) UNSIGNED NOT NULL AUTO_INCREMENT, AUTO_INCREMENT=9;

--
-- AUTO_INCREMENT for table `related_content_types_localizations_links`
--
ALTER TABLE `related_content_types_localizations_links`
  MODIFY `id` int(10) UNSIGNED NOT NULL AUTO_INCREMENT;

--
-- AUTO_INCREMENT for table `research_categories`
--
ALTER TABLE `research_categories`
  MODIFY `id` int(10) UNSIGNED NOT NULL AUTO_INCREMENT, AUTO_INCREMENT=7;

--
-- AUTO_INCREMENT for table `research_categories_localizations_links`
--
ALTER TABLE `research_categories_localizations_links`
  MODIFY `id` int(10) UNSIGNED NOT NULL AUTO_INCREMENT;

--
-- AUTO_INCREMENT for table `research_reports`
--
ALTER TABLE `research_reports`
  MODIFY `id` int(10) UNSIGNED NOT NULL AUTO_INCREMENT, AUTO_INCREMENT=13;

--
-- AUTO_INCREMENT for table `research_reports_author_links`
--
ALTER TABLE `research_reports_author_links`
  MODIFY `id` int(10) UNSIGNED NOT NULL AUTO_INCREMENT, AUTO_INCREMENT=655;

--
-- AUTO_INCREMENT for table `research_reports_category_links`
--
ALTER TABLE `research_reports_category_links`
  MODIFY `id` int(10) UNSIGNED NOT NULL AUTO_INCREMENT, AUTO_INCREMENT=655;

--
-- AUTO_INCREMENT for table `research_reports_components`
--
ALTER TABLE `research_reports_components`
  MODIFY `id` int(10) UNSIGNED NOT NULL AUTO_INCREMENT, AUTO_INCREMENT=655;

--
-- AUTO_INCREMENT for table `research_reports_documents_links`
--
ALTER TABLE `research_reports_documents_links`
  MODIFY `id` int(10) UNSIGNED NOT NULL AUTO_INCREMENT, AUTO_INCREMENT=1961;

--
-- AUTO_INCREMENT for table `research_reports_localizations_links`
--
ALTER TABLE `research_reports_localizations_links`
  MODIFY `id` int(10) UNSIGNED NOT NULL AUTO_INCREMENT;

--
-- AUTO_INCREMENT for table `research_reports_report_type_links`
--
ALTER TABLE `research_reports_report_type_links`
  MODIFY `id` int(10) UNSIGNED NOT NULL AUTO_INCREMENT, AUTO_INCREMENT=349;

--
-- AUTO_INCREMENT for table `research_reports_tags_links`
--
ALTER TABLE `research_reports_tags_links`
  MODIFY `id` int(10) UNSIGNED NOT NULL AUTO_INCREMENT, AUTO_INCREMENT=2614;

--
-- AUTO_INCREMENT for table `research_report_types`
--
ALTER TABLE `research_report_types`
  MODIFY `id` int(10) UNSIGNED NOT NULL AUTO_INCREMENT, AUTO_INCREMENT=15;

--
-- AUTO_INCREMENT for table `research_report_types_localizations_links`
--
ALTER TABLE `research_report_types_localizations_links`
  MODIFY `id` int(10) UNSIGNED NOT NULL AUTO_INCREMENT;

--
-- AUTO_INCREMENT for table `seo_defaults`
--
ALTER TABLE `seo_defaults`
  MODIFY `id` int(10) UNSIGNED NOT NULL AUTO_INCREMENT, AUTO_INCREMENT=3;

--
-- AUTO_INCREMENT for table `seo_defaults_components`
--
ALTER TABLE `seo_defaults_components`
  MODIFY `id` int(10) UNSIGNED NOT NULL AUTO_INCREMENT, AUTO_INCREMENT=113;

--
-- AUTO_INCREMENT for table `seo_defaults_localizations_links`
--
ALTER TABLE `seo_defaults_localizations_links`
  MODIFY `id` int(10) UNSIGNED NOT NULL AUTO_INCREMENT;

--
-- AUTO_INCREMENT for table `services`
--
ALTER TABLE `services`
  MODIFY `id` int(10) UNSIGNED NOT NULL AUTO_INCREMENT, AUTO_INCREMENT=9;

--
-- AUTO_INCREMENT for table `services_category_links`
--
ALTER TABLE `services_category_links`
  MODIFY `id` int(10) UNSIGNED NOT NULL AUTO_INCREMENT, AUTO_INCREMENT=444;

--
-- AUTO_INCREMENT for table `services_components`
--
ALTER TABLE `services_components`
  MODIFY `id` int(10) UNSIGNED NOT NULL AUTO_INCREMENT, AUTO_INCREMENT=610;

--
-- AUTO_INCREMENT for table `services_documents_links`
--
ALTER TABLE `services_documents_links`
  MODIFY `id` int(10) UNSIGNED NOT NULL AUTO_INCREMENT, AUTO_INCREMENT=1328;

--
-- AUTO_INCREMENT for table `services_localizations_links`
--
ALTER TABLE `services_localizations_links`
  MODIFY `id` int(10) UNSIGNED NOT NULL AUTO_INCREMENT;

--
-- AUTO_INCREMENT for table `services_tags_links`
--
ALTER TABLE `services_tags_links`
  MODIFY `id` int(10) UNSIGNED NOT NULL AUTO_INCREMENT, AUTO_INCREMENT=886;

--
-- AUTO_INCREMENT for table `service_categories`
--
ALTER TABLE `service_categories`
  MODIFY `id` int(10) UNSIGNED NOT NULL AUTO_INCREMENT, AUTO_INCREMENT=5;

--
-- AUTO_INCREMENT for table `service_categories_localizations_links`
--
ALTER TABLE `service_categories_localizations_links`
  MODIFY `id` int(10) UNSIGNED NOT NULL AUTO_INCREMENT;

--
-- AUTO_INCREMENT for table `strapi_api_tokens`
--
ALTER TABLE `strapi_api_tokens`
  MODIFY `id` int(10) UNSIGNED NOT NULL AUTO_INCREMENT;

--
-- AUTO_INCREMENT for table `strapi_api_token_permissions`
--
ALTER TABLE `strapi_api_token_permissions`
  MODIFY `id` int(10) UNSIGNED NOT NULL AUTO_INCREMENT;

--
-- AUTO_INCREMENT for table `strapi_api_token_permissions_token_links`
--
ALTER TABLE `strapi_api_token_permissions_token_links`
  MODIFY `id` int(10) UNSIGNED NOT NULL AUTO_INCREMENT;

--
-- AUTO_INCREMENT for table `strapi_core_store_settings`
--
ALTER TABLE `strapi_core_store_settings`
  MODIFY `id` int(10) UNSIGNED NOT NULL AUTO_INCREMENT, AUTO_INCREMENT=94;

--
-- AUTO_INCREMENT for table `strapi_database_schema`
--
ALTER TABLE `strapi_database_schema`
  MODIFY `id` int(10) UNSIGNED NOT NULL AUTO_INCREMENT, AUTO_INCREMENT=25;

--
-- AUTO_INCREMENT for table `strapi_migrations`
--
ALTER TABLE `strapi_migrations`
  MODIFY `id` int(10) UNSIGNED NOT NULL AUTO_INCREMENT;

--
-- AUTO_INCREMENT for table `strapi_releases`
--
ALTER TABLE `strapi_releases`
  MODIFY `id` int(10) UNSIGNED NOT NULL AUTO_INCREMENT;

--
-- AUTO_INCREMENT for table `strapi_release_actions`
--
ALTER TABLE `strapi_release_actions`
  MODIFY `id` int(10) UNSIGNED NOT NULL AUTO_INCREMENT;

--
-- AUTO_INCREMENT for table `strapi_release_actions_release_links`
--
ALTER TABLE `strapi_release_actions_release_links`
  MODIFY `id` int(10) UNSIGNED NOT NULL AUTO_INCREMENT;

--
-- AUTO_INCREMENT for table `strapi_transfer_tokens`
--
ALTER TABLE `strapi_transfer_tokens`
  MODIFY `id` int(10) UNSIGNED NOT NULL AUTO_INCREMENT;

--
-- AUTO_INCREMENT for table `strapi_transfer_token_permissions`
--
ALTER TABLE `strapi_transfer_token_permissions`
  MODIFY `id` int(10) UNSIGNED NOT NULL AUTO_INCREMENT;

--
-- AUTO_INCREMENT for table `strapi_transfer_token_permissions_token_links`
--
ALTER TABLE `strapi_transfer_token_permissions_token_links`
  MODIFY `id` int(10) UNSIGNED NOT NULL AUTO_INCREMENT;

--
-- AUTO_INCREMENT for table `strapi_webhooks`
--
ALTER TABLE `strapi_webhooks`
  MODIFY `id` int(10) UNSIGNED NOT NULL AUTO_INCREMENT;

--
-- AUTO_INCREMENT for table `tags`
--
ALTER TABLE `tags`
  MODIFY `id` int(10) UNSIGNED NOT NULL AUTO_INCREMENT, AUTO_INCREMENT=9;

--
-- AUTO_INCREMENT for table `tags_localizations_links`
--
ALTER TABLE `tags_localizations_links`
  MODIFY `id` int(10) UNSIGNED NOT NULL AUTO_INCREMENT;

--
-- AUTO_INCREMENT for table `upload_folders`
--
ALTER TABLE `upload_folders`
  MODIFY `id` int(10) UNSIGNED NOT NULL AUTO_INCREMENT;

--
-- AUTO_INCREMENT for table `upload_folders_parent_links`
--
ALTER TABLE `upload_folders_parent_links`
  MODIFY `id` int(10) UNSIGNED NOT NULL AUTO_INCREMENT;

--
-- AUTO_INCREMENT for table `up_permissions`
--
ALTER TABLE `up_permissions`
  MODIFY `id` int(10) UNSIGNED NOT NULL AUTO_INCREMENT, AUTO_INCREMENT=194;

--
-- AUTO_INCREMENT for table `up_permissions_role_links`
--
ALTER TABLE `up_permissions_role_links`
  MODIFY `id` int(10) UNSIGNED NOT NULL AUTO_INCREMENT, AUTO_INCREMENT=194;

--
-- AUTO_INCREMENT for table `up_roles`
--
ALTER TABLE `up_roles`
  MODIFY `id` int(10) UNSIGNED NOT NULL AUTO_INCREMENT, AUTO_INCREMENT=3;

--
-- AUTO_INCREMENT for table `up_users`
--
ALTER TABLE `up_users`
  MODIFY `id` int(10) UNSIGNED NOT NULL AUTO_INCREMENT;

--
-- AUTO_INCREMENT for table `up_users_role_links`
--
ALTER TABLE `up_users_role_links`
  MODIFY `id` int(10) UNSIGNED NOT NULL AUTO_INCREMENT;

--
-- Constraints for dumped tables
--

--
-- Constraints for table `admin_permissions`
--
ALTER TABLE `admin_permissions`
  ADD CONSTRAINT `admin_permissions_created_by_id_fk` FOREIGN KEY (`created_by_id`) REFERENCES `admin_users` (`id`) ON DELETE SET NULL,
  ADD CONSTRAINT `admin_permissions_updated_by_id_fk` FOREIGN KEY (`updated_by_id`) REFERENCES `admin_users` (`id`) ON DELETE SET NULL;

--
-- Constraints for table `admin_permissions_role_links`
--
ALTER TABLE `admin_permissions_role_links`
  ADD CONSTRAINT `admin_permissions_role_links_fk` FOREIGN KEY (`permission_id`) REFERENCES `admin_permissions` (`id`) ON DELETE CASCADE,
  ADD CONSTRAINT `admin_permissions_role_links_inv_fk` FOREIGN KEY (`role_id`) REFERENCES `admin_roles` (`id`) ON DELETE CASCADE;

--
-- Constraints for table `admin_roles`
--
ALTER TABLE `admin_roles`
  ADD CONSTRAINT `admin_roles_created_by_id_fk` FOREIGN KEY (`created_by_id`) REFERENCES `admin_users` (`id`) ON DELETE SET NULL,
  ADD CONSTRAINT `admin_roles_updated_by_id_fk` FOREIGN KEY (`updated_by_id`) REFERENCES `admin_users` (`id`) ON DELETE SET NULL;

--
-- Constraints for table `admin_users`
--
ALTER TABLE `admin_users`
  ADD CONSTRAINT `admin_users_created_by_id_fk` FOREIGN KEY (`created_by_id`) REFERENCES `admin_users` (`id`) ON DELETE SET NULL,
  ADD CONSTRAINT `admin_users_updated_by_id_fk` FOREIGN KEY (`updated_by_id`) REFERENCES `admin_users` (`id`) ON DELETE SET NULL;

--
-- Constraints for table `admin_users_roles_links`
--
ALTER TABLE `admin_users_roles_links`
  ADD CONSTRAINT `admin_users_roles_links_fk` FOREIGN KEY (`user_id`) REFERENCES `admin_users` (`id`) ON DELETE CASCADE,
  ADD CONSTRAINT `admin_users_roles_links_inv_fk` FOREIGN KEY (`role_id`) REFERENCES `admin_roles` (`id`) ON DELETE CASCADE;

--
-- Constraints for table `announcements`
--
ALTER TABLE `announcements`
  ADD CONSTRAINT `announcements_created_by_id_fk` FOREIGN KEY (`created_by_id`) REFERENCES `admin_users` (`id`) ON DELETE SET NULL,
  ADD CONSTRAINT `announcements_updated_by_id_fk` FOREIGN KEY (`updated_by_id`) REFERENCES `admin_users` (`id`) ON DELETE SET NULL;

--
-- Constraints for table `announcements_components`
--
ALTER TABLE `announcements_components`
  ADD CONSTRAINT `announcements_entity_fk` FOREIGN KEY (`entity_id`) REFERENCES `announcements` (`id`) ON DELETE CASCADE;

--
-- Constraints for table `announcements_localizations_links`
--
ALTER TABLE `announcements_localizations_links`
  ADD CONSTRAINT `announcements_localizations_links_fk` FOREIGN KEY (`announcement_id`) REFERENCES `announcements` (`id`) ON DELETE CASCADE,
  ADD CONSTRAINT `announcements_localizations_links_inv_fk` FOREIGN KEY (`inv_announcement_id`) REFERENCES `announcements` (`id`) ON DELETE CASCADE;

--
-- Constraints for table `authors`
--
ALTER TABLE `authors`
  ADD CONSTRAINT `authors_created_by_id_fk` FOREIGN KEY (`created_by_id`) REFERENCES `admin_users` (`id`) ON DELETE SET NULL,
  ADD CONSTRAINT `authors_updated_by_id_fk` FOREIGN KEY (`updated_by_id`) REFERENCES `admin_users` (`id`) ON DELETE SET NULL;

--
-- Constraints for table `authors_localizations_links`
--
ALTER TABLE `authors_localizations_links`
  ADD CONSTRAINT `authors_localizations_links_fk` FOREIGN KEY (`author_id`) REFERENCES `authors` (`id`) ON DELETE CASCADE,
  ADD CONSTRAINT `authors_localizations_links_inv_fk` FOREIGN KEY (`inv_author_id`) REFERENCES `authors` (`id`) ON DELETE CASCADE;

--
-- Constraints for table `banners`
--
ALTER TABLE `banners`
  ADD CONSTRAINT `banners_created_by_id_fk` FOREIGN KEY (`created_by_id`) REFERENCES `admin_users` (`id`) ON DELETE SET NULL,
  ADD CONSTRAINT `banners_updated_by_id_fk` FOREIGN KEY (`updated_by_id`) REFERENCES `admin_users` (`id`) ON DELETE SET NULL;

--
-- Constraints for table `banners_components`
--
ALTER TABLE `banners_components`
  ADD CONSTRAINT `banners_entity_fk` FOREIGN KEY (`entity_id`) REFERENCES `banners` (`id`) ON DELETE CASCADE;

--
-- Constraints for table `banners_localizations_links`
--
ALTER TABLE `banners_localizations_links`
  ADD CONSTRAINT `banners_localizations_links_fk` FOREIGN KEY (`banner_id`) REFERENCES `banners` (`id`) ON DELETE CASCADE,
  ADD CONSTRAINT `banners_localizations_links_inv_fk` FOREIGN KEY (`inv_banner_id`) REFERENCES `banners` (`id`) ON DELETE CASCADE;

--
-- Constraints for table `banners_placement_links`
--
ALTER TABLE `banners_placement_links`
  ADD CONSTRAINT `banners_placement_links_fk` FOREIGN KEY (`banner_id`) REFERENCES `banners` (`id`) ON DELETE CASCADE,
  ADD CONSTRAINT `banners_placement_links_inv_fk` FOREIGN KEY (`banner_placement_id`) REFERENCES `banner_placements` (`id`) ON DELETE CASCADE;

--
-- Constraints for table `banner_placements`
--
ALTER TABLE `banner_placements`
  ADD CONSTRAINT `banner_placements_created_by_id_fk` FOREIGN KEY (`created_by_id`) REFERENCES `admin_users` (`id`) ON DELETE SET NULL,
  ADD CONSTRAINT `banner_placements_updated_by_id_fk` FOREIGN KEY (`updated_by_id`) REFERENCES `admin_users` (`id`) ON DELETE SET NULL;

--
-- Constraints for table `banner_placements_localizations_links`
--
ALTER TABLE `banner_placements_localizations_links`
  ADD CONSTRAINT `banner_placements_localizations_links_fk` FOREIGN KEY (`banner_placement_id`) REFERENCES `banner_placements` (`id`) ON DELETE CASCADE,
  ADD CONSTRAINT `banner_placements_localizations_links_inv_fk` FOREIGN KEY (`inv_banner_placement_id`) REFERENCES `banner_placements` (`id`) ON DELETE CASCADE;

--
-- Constraints for table `career_jobs`
--
ALTER TABLE `career_jobs`
  ADD CONSTRAINT `career_jobs_created_by_id_fk` FOREIGN KEY (`created_by_id`) REFERENCES `admin_users` (`id`) ON DELETE SET NULL,
  ADD CONSTRAINT `career_jobs_updated_by_id_fk` FOREIGN KEY (`updated_by_id`) REFERENCES `admin_users` (`id`) ON DELETE SET NULL;

--
-- Constraints for table `career_jobs_components`
--
ALTER TABLE `career_jobs_components`
  ADD CONSTRAINT `career_jobs_entity_fk` FOREIGN KEY (`entity_id`) REFERENCES `career_jobs` (`id`) ON DELETE CASCADE;

--
-- Constraints for table `career_jobs_employment_type_links`
--
ALTER TABLE `career_jobs_employment_type_links`
  ADD CONSTRAINT `career_jobs_employment_type_links_fk` FOREIGN KEY (`career_job_id`) REFERENCES `career_jobs` (`id`) ON DELETE CASCADE,
  ADD CONSTRAINT `career_jobs_employment_type_links_inv_fk` FOREIGN KEY (`employment_type_id`) REFERENCES `employment_types` (`id`) ON DELETE CASCADE;

--
-- Constraints for table `career_jobs_localizations_links`
--
ALTER TABLE `career_jobs_localizations_links`
  ADD CONSTRAINT `career_jobs_localizations_links_fk` FOREIGN KEY (`career_job_id`) REFERENCES `career_jobs` (`id`) ON DELETE CASCADE,
  ADD CONSTRAINT `career_jobs_localizations_links_inv_fk` FOREIGN KEY (`inv_career_job_id`) REFERENCES `career_jobs` (`id`) ON DELETE CASCADE;

--
-- Constraints for table `components_home_ai_stack_sections_components`
--
ALTER TABLE `components_home_ai_stack_sections_components`
  ADD CONSTRAINT `components_home_ai_stack_sections_entity_fk` FOREIGN KEY (`entity_id`) REFERENCES `components_home_ai_stack_sections` (`id`) ON DELETE CASCADE;

--
-- Constraints for table `components_home_ecosystem_sections_components`
--
ALTER TABLE `components_home_ecosystem_sections_components`
  ADD CONSTRAINT `components_home_ecosystem_sections_entity_fk` FOREIGN KEY (`entity_id`) REFERENCES `components_home_ecosystem_sections` (`id`) ON DELETE CASCADE;

--
-- Constraints for table `components_home_one_shinhan_sections_components`
--
ALTER TABLE `components_home_one_shinhan_sections_components`
  ADD CONSTRAINT `components_home_one_shinhan_sections_entity_fk` FOREIGN KEY (`entity_id`) REFERENCES `components_home_one_shinhan_sections` (`id`) ON DELETE CASCADE;

--
-- Constraints for table `components_sections_cta_sections_components`
--
ALTER TABLE `components_sections_cta_sections_components`
  ADD CONSTRAINT `components_sections_cta_sections_entity_fk` FOREIGN KEY (`entity_id`) REFERENCES `components_sections_cta_sections` (`id`) ON DELETE CASCADE;

--
-- Constraints for table `components_sections_feature_card_sections_components`
--
ALTER TABLE `components_sections_feature_card_sections_components`
  ADD CONSTRAINT `components_sections_feature_card_sections_entity_fk` FOREIGN KEY (`entity_id`) REFERENCES `components_sections_feature_card_sections` (`id`) ON DELETE CASCADE;

--
-- Constraints for table `components_sections_hero_blocks_components`
--
ALTER TABLE `components_sections_hero_blocks_components`
  ADD CONSTRAINT `components_sections_hero_blocks_entity_fk` FOREIGN KEY (`entity_id`) REFERENCES `components_sections_hero_blocks` (`id`) ON DELETE CASCADE;

--
-- Constraints for table `components_sections_related_contents_content_type_links`
--
ALTER TABLE `components_sections_related_contents_content_type_links`
  ADD CONSTRAINT `components_sections_related_contents_content_type_links_fk` FOREIGN KEY (`related_content_section_id`) REFERENCES `components_sections_related_contents` (`id`) ON DELETE CASCADE,
  ADD CONSTRAINT `components_sections_related_contents_content_type_links_inv_fk` FOREIGN KEY (`related_content_type_id`) REFERENCES `related_content_types` (`id`) ON DELETE CASCADE;

--
-- Constraints for table `components_sections_stats_sections_components`
--
ALTER TABLE `components_sections_stats_sections_components`
  ADD CONSTRAINT `components_sections_stats_sections_entity_fk` FOREIGN KEY (`entity_id`) REFERENCES `components_sections_stats_sections` (`id`) ON DELETE CASCADE;

--
-- Constraints for table `components_sections_table_blocks_components`
--
ALTER TABLE `components_sections_table_blocks_components`
  ADD CONSTRAINT `components_sections_table_blocks_entity_fk` FOREIGN KEY (`entity_id`) REFERENCES `components_sections_table_blocks` (`id`) ON DELETE CASCADE;

--
-- Constraints for table `components_sections_timeline_sections_components`
--
ALTER TABLE `components_sections_timeline_sections_components`
  ADD CONSTRAINT `components_sections_timeline_sections_entity_fk` FOREIGN KEY (`entity_id`) REFERENCES `components_sections_timeline_sections` (`id`) ON DELETE CASCADE;

--
-- Constraints for table `components_sections_trust_signal_sections_components`
--
ALTER TABLE `components_sections_trust_signal_sections_components`
  ADD CONSTRAINT `components_sections_trust_signal_sections_entity_fk` FOREIGN KEY (`entity_id`) REFERENCES `components_sections_trust_signal_sections` (`id`) ON DELETE CASCADE;

--
-- Constraints for table `components_shared_feature_items_components`
--
ALTER TABLE `components_shared_feature_items_components`
  ADD CONSTRAINT `components_shared_feature_items_entity_fk` FOREIGN KEY (`entity_id`) REFERENCES `components_shared_feature_items` (`id`) ON DELETE CASCADE;

--
-- Constraints for table `components_shared_link_items_components`
--
ALTER TABLE `components_shared_link_items_components`
  ADD CONSTRAINT `components_shared_link_items_entity_fk` FOREIGN KEY (`entity_id`) REFERENCES `components_shared_link_items` (`id`) ON DELETE CASCADE;

--
-- Constraints for table `contact_page_settings`
--
ALTER TABLE `contact_page_settings`
  ADD CONSTRAINT `contact_page_settings_created_by_id_fk` FOREIGN KEY (`created_by_id`) REFERENCES `admin_users` (`id`) ON DELETE SET NULL,
  ADD CONSTRAINT `contact_page_settings_updated_by_id_fk` FOREIGN KEY (`updated_by_id`) REFERENCES `admin_users` (`id`) ON DELETE SET NULL;

--
-- Constraints for table `contact_page_settings_components`
--
ALTER TABLE `contact_page_settings_components`
  ADD CONSTRAINT `contact_page_settings_entity_fk` FOREIGN KEY (`entity_id`) REFERENCES `contact_page_settings` (`id`) ON DELETE CASCADE;

--
-- Constraints for table `contact_page_settings_localizations_links`
--
ALTER TABLE `contact_page_settings_localizations_links`
  ADD CONSTRAINT `contact_page_settings_localizations_links_fk` FOREIGN KEY (`contact_page_setting_id`) REFERENCES `contact_page_settings` (`id`) ON DELETE CASCADE,
  ADD CONSTRAINT `contact_page_settings_localizations_links_inv_fk` FOREIGN KEY (`inv_contact_page_setting_id`) REFERENCES `contact_page_settings` (`id`) ON DELETE CASCADE;

--
-- Constraints for table `document_categories`
--
ALTER TABLE `document_categories`
  ADD CONSTRAINT `document_categories_created_by_id_fk` FOREIGN KEY (`created_by_id`) REFERENCES `admin_users` (`id`) ON DELETE SET NULL,
  ADD CONSTRAINT `document_categories_updated_by_id_fk` FOREIGN KEY (`updated_by_id`) REFERENCES `admin_users` (`id`) ON DELETE SET NULL;

--
-- Constraints for table `document_categories_localizations_links`
--
ALTER TABLE `document_categories_localizations_links`
  ADD CONSTRAINT `document_categories_localizations_links_fk` FOREIGN KEY (`document_category_id`) REFERENCES `document_categories` (`id`) ON DELETE CASCADE,
  ADD CONSTRAINT `document_categories_localizations_links_inv_fk` FOREIGN KEY (`inv_document_category_id`) REFERENCES `document_categories` (`id`) ON DELETE CASCADE;

--
-- Constraints for table `downloadable_documents`
--
ALTER TABLE `downloadable_documents`
  ADD CONSTRAINT `downloadable_documents_created_by_id_fk` FOREIGN KEY (`created_by_id`) REFERENCES `admin_users` (`id`) ON DELETE SET NULL,
  ADD CONSTRAINT `downloadable_documents_updated_by_id_fk` FOREIGN KEY (`updated_by_id`) REFERENCES `admin_users` (`id`) ON DELETE SET NULL;

--
-- Constraints for table `downloadable_documents_document_category_links`
--
ALTER TABLE `downloadable_documents_document_category_links`
  ADD CONSTRAINT `downloadable_documents_document_category_links_fk` FOREIGN KEY (`downloadable_document_id`) REFERENCES `downloadable_documents` (`id`) ON DELETE CASCADE,
  ADD CONSTRAINT `downloadable_documents_document_category_links_inv_fk` FOREIGN KEY (`document_category_id`) REFERENCES `document_categories` (`id`) ON DELETE CASCADE;

--
-- Constraints for table `downloadable_documents_localizations_links`
--
ALTER TABLE `downloadable_documents_localizations_links`
  ADD CONSTRAINT `downloadable_documents_localizations_links_fk` FOREIGN KEY (`downloadable_document_id`) REFERENCES `downloadable_documents` (`id`) ON DELETE CASCADE,
  ADD CONSTRAINT `downloadable_documents_localizations_links_inv_fk` FOREIGN KEY (`inv_downloadable_document_id`) REFERENCES `downloadable_documents` (`id`) ON DELETE CASCADE;

--
-- Constraints for table `employment_types`
--
ALTER TABLE `employment_types`
  ADD CONSTRAINT `employment_types_created_by_id_fk` FOREIGN KEY (`created_by_id`) REFERENCES `admin_users` (`id`) ON DELETE SET NULL,
  ADD CONSTRAINT `employment_types_updated_by_id_fk` FOREIGN KEY (`updated_by_id`) REFERENCES `admin_users` (`id`) ON DELETE SET NULL;

--
-- Constraints for table `employment_types_localizations_links`
--
ALTER TABLE `employment_types_localizations_links`
  ADD CONSTRAINT `employment_types_localizations_links_fk` FOREIGN KEY (`employment_type_id`) REFERENCES `employment_types` (`id`) ON DELETE CASCADE,
  ADD CONSTRAINT `employment_types_localizations_links_inv_fk` FOREIGN KEY (`inv_employment_type_id`) REFERENCES `employment_types` (`id`) ON DELETE CASCADE;

--
-- Constraints for table `events`
--
ALTER TABLE `events`
  ADD CONSTRAINT `events_created_by_id_fk` FOREIGN KEY (`created_by_id`) REFERENCES `admin_users` (`id`) ON DELETE SET NULL,
  ADD CONSTRAINT `events_updated_by_id_fk` FOREIGN KEY (`updated_by_id`) REFERENCES `admin_users` (`id`) ON DELETE SET NULL;

--
-- Constraints for table `events_category_links`
--
ALTER TABLE `events_category_links`
  ADD CONSTRAINT `events_category_links_fk` FOREIGN KEY (`event_id`) REFERENCES `events` (`id`) ON DELETE CASCADE,
  ADD CONSTRAINT `events_category_links_inv_fk` FOREIGN KEY (`event_category_id`) REFERENCES `event_categories` (`id`) ON DELETE CASCADE;

--
-- Constraints for table `events_components`
--
ALTER TABLE `events_components`
  ADD CONSTRAINT `events_entity_fk` FOREIGN KEY (`entity_id`) REFERENCES `events` (`id`) ON DELETE CASCADE;

--
-- Constraints for table `events_localizations_links`
--
ALTER TABLE `events_localizations_links`
  ADD CONSTRAINT `events_localizations_links_fk` FOREIGN KEY (`event_id`) REFERENCES `events` (`id`) ON DELETE CASCADE,
  ADD CONSTRAINT `events_localizations_links_inv_fk` FOREIGN KEY (`inv_event_id`) REFERENCES `events` (`id`) ON DELETE CASCADE;

--
-- Constraints for table `events_tags_links`
--
ALTER TABLE `events_tags_links`
  ADD CONSTRAINT `events_tags_links_fk` FOREIGN KEY (`event_id`) REFERENCES `events` (`id`) ON DELETE CASCADE,
  ADD CONSTRAINT `events_tags_links_inv_fk` FOREIGN KEY (`tag_id`) REFERENCES `tags` (`id`) ON DELETE CASCADE;

--
-- Constraints for table `event_categories`
--
ALTER TABLE `event_categories`
  ADD CONSTRAINT `event_categories_created_by_id_fk` FOREIGN KEY (`created_by_id`) REFERENCES `admin_users` (`id`) ON DELETE SET NULL,
  ADD CONSTRAINT `event_categories_updated_by_id_fk` FOREIGN KEY (`updated_by_id`) REFERENCES `admin_users` (`id`) ON DELETE SET NULL;

--
-- Constraints for table `event_categories_localizations_links`
--
ALTER TABLE `event_categories_localizations_links`
  ADD CONSTRAINT `event_categories_localizations_links_fk` FOREIGN KEY (`event_category_id`) REFERENCES `event_categories` (`id`) ON DELETE CASCADE,
  ADD CONSTRAINT `event_categories_localizations_links_inv_fk` FOREIGN KEY (`inv_event_category_id`) REFERENCES `event_categories` (`id`) ON DELETE CASCADE;

--
-- Constraints for table `faq_categories`
--
ALTER TABLE `faq_categories`
  ADD CONSTRAINT `faq_categories_created_by_id_fk` FOREIGN KEY (`created_by_id`) REFERENCES `admin_users` (`id`) ON DELETE SET NULL,
  ADD CONSTRAINT `faq_categories_updated_by_id_fk` FOREIGN KEY (`updated_by_id`) REFERENCES `admin_users` (`id`) ON DELETE SET NULL;

--
-- Constraints for table `faq_categories_localizations_links`
--
ALTER TABLE `faq_categories_localizations_links`
  ADD CONSTRAINT `faq_categories_localizations_links_fk` FOREIGN KEY (`faq_category_id`) REFERENCES `faq_categories` (`id`) ON DELETE CASCADE,
  ADD CONSTRAINT `faq_categories_localizations_links_inv_fk` FOREIGN KEY (`inv_faq_category_id`) REFERENCES `faq_categories` (`id`) ON DELETE CASCADE;

--
-- Constraints for table `faq_items`
--
ALTER TABLE `faq_items`
  ADD CONSTRAINT `faq_items_created_by_id_fk` FOREIGN KEY (`created_by_id`) REFERENCES `admin_users` (`id`) ON DELETE SET NULL,
  ADD CONSTRAINT `faq_items_updated_by_id_fk` FOREIGN KEY (`updated_by_id`) REFERENCES `admin_users` (`id`) ON DELETE SET NULL;

--
-- Constraints for table `faq_items_category_links`
--
ALTER TABLE `faq_items_category_links`
  ADD CONSTRAINT `faq_items_category_links_fk` FOREIGN KEY (`faq_item_id`) REFERENCES `faq_items` (`id`) ON DELETE CASCADE,
  ADD CONSTRAINT `faq_items_category_links_inv_fk` FOREIGN KEY (`faq_category_id`) REFERENCES `faq_categories` (`id`) ON DELETE CASCADE;

--
-- Constraints for table `faq_items_components`
--
ALTER TABLE `faq_items_components`
  ADD CONSTRAINT `faq_items_entity_fk` FOREIGN KEY (`entity_id`) REFERENCES `faq_items` (`id`) ON DELETE CASCADE;

--
-- Constraints for table `faq_items_localizations_links`
--
ALTER TABLE `faq_items_localizations_links`
  ADD CONSTRAINT `faq_items_localizations_links_fk` FOREIGN KEY (`faq_item_id`) REFERENCES `faq_items` (`id`) ON DELETE CASCADE,
  ADD CONSTRAINT `faq_items_localizations_links_inv_fk` FOREIGN KEY (`inv_faq_item_id`) REFERENCES `faq_items` (`id`) ON DELETE CASCADE;

--
-- Constraints for table `files`
--
ALTER TABLE `files`
  ADD CONSTRAINT `files_created_by_id_fk` FOREIGN KEY (`created_by_id`) REFERENCES `admin_users` (`id`) ON DELETE SET NULL,
  ADD CONSTRAINT `files_updated_by_id_fk` FOREIGN KEY (`updated_by_id`) REFERENCES `admin_users` (`id`) ON DELETE SET NULL;

--
-- Constraints for table `files_folder_links`
--
ALTER TABLE `files_folder_links`
  ADD CONSTRAINT `files_folder_links_fk` FOREIGN KEY (`file_id`) REFERENCES `files` (`id`) ON DELETE CASCADE,
  ADD CONSTRAINT `files_folder_links_inv_fk` FOREIGN KEY (`folder_id`) REFERENCES `upload_folders` (`id`) ON DELETE CASCADE;

--
-- Constraints for table `files_related_morphs`
--
ALTER TABLE `files_related_morphs`
  ADD CONSTRAINT `files_related_morphs_fk` FOREIGN KEY (`file_id`) REFERENCES `files` (`id`) ON DELETE CASCADE;

--
-- Constraints for table `footer_navigations`
--
ALTER TABLE `footer_navigations`
  ADD CONSTRAINT `footer_navigations_created_by_id_fk` FOREIGN KEY (`created_by_id`) REFERENCES `admin_users` (`id`) ON DELETE SET NULL,
  ADD CONSTRAINT `footer_navigations_updated_by_id_fk` FOREIGN KEY (`updated_by_id`) REFERENCES `admin_users` (`id`) ON DELETE SET NULL;

--
-- Constraints for table `footer_navigations_components`
--
ALTER TABLE `footer_navigations_components`
  ADD CONSTRAINT `footer_navigations_entity_fk` FOREIGN KEY (`entity_id`) REFERENCES `footer_navigations` (`id`) ON DELETE CASCADE;

--
-- Constraints for table `footer_navigations_localizations_links`
--
ALTER TABLE `footer_navigations_localizations_links`
  ADD CONSTRAINT `footer_navigations_localizations_links_fk` FOREIGN KEY (`footer_navigation_id`) REFERENCES `footer_navigations` (`id`) ON DELETE CASCADE,
  ADD CONSTRAINT `footer_navigations_localizations_links_inv_fk` FOREIGN KEY (`inv_footer_navigation_id`) REFERENCES `footer_navigations` (`id`) ON DELETE CASCADE;

--
-- Constraints for table `global_settings`
--
ALTER TABLE `global_settings`
  ADD CONSTRAINT `global_settings_created_by_id_fk` FOREIGN KEY (`created_by_id`) REFERENCES `admin_users` (`id`) ON DELETE SET NULL,
  ADD CONSTRAINT `global_settings_updated_by_id_fk` FOREIGN KEY (`updated_by_id`) REFERENCES `admin_users` (`id`) ON DELETE SET NULL;

--
-- Constraints for table `global_settings_components`
--
ALTER TABLE `global_settings_components`
  ADD CONSTRAINT `global_settings_entity_fk` FOREIGN KEY (`entity_id`) REFERENCES `global_settings` (`id`) ON DELETE CASCADE;

--
-- Constraints for table `global_settings_localizations_links`
--
ALTER TABLE `global_settings_localizations_links`
  ADD CONSTRAINT `global_settings_localizations_links_fk` FOREIGN KEY (`global_setting_id`) REFERENCES `global_settings` (`id`) ON DELETE CASCADE,
  ADD CONSTRAINT `global_settings_localizations_links_inv_fk` FOREIGN KEY (`inv_global_setting_id`) REFERENCES `global_settings` (`id`) ON DELETE CASCADE;

--
-- Constraints for table `header_navigations`
--
ALTER TABLE `header_navigations`
  ADD CONSTRAINT `header_navigations_created_by_id_fk` FOREIGN KEY (`created_by_id`) REFERENCES `admin_users` (`id`) ON DELETE SET NULL,
  ADD CONSTRAINT `header_navigations_updated_by_id_fk` FOREIGN KEY (`updated_by_id`) REFERENCES `admin_users` (`id`) ON DELETE SET NULL;

--
-- Constraints for table `header_navigations_components`
--
ALTER TABLE `header_navigations_components`
  ADD CONSTRAINT `header_navigations_entity_fk` FOREIGN KEY (`entity_id`) REFERENCES `header_navigations` (`id`) ON DELETE CASCADE;

--
-- Constraints for table `header_navigations_localizations_links`
--
ALTER TABLE `header_navigations_localizations_links`
  ADD CONSTRAINT `header_navigations_localizations_links_fk` FOREIGN KEY (`header_navigation_id`) REFERENCES `header_navigations` (`id`) ON DELETE CASCADE,
  ADD CONSTRAINT `header_navigations_localizations_links_inv_fk` FOREIGN KEY (`inv_header_navigation_id`) REFERENCES `header_navigations` (`id`) ON DELETE CASCADE;

--
-- Constraints for table `homepages`
--
ALTER TABLE `homepages`
  ADD CONSTRAINT `homepages_created_by_id_fk` FOREIGN KEY (`created_by_id`) REFERENCES `admin_users` (`id`) ON DELETE SET NULL,
  ADD CONSTRAINT `homepages_updated_by_id_fk` FOREIGN KEY (`updated_by_id`) REFERENCES `admin_users` (`id`) ON DELETE SET NULL;

--
-- Constraints for table `homepages_components`
--
ALTER TABLE `homepages_components`
  ADD CONSTRAINT `homepages_entity_fk` FOREIGN KEY (`entity_id`) REFERENCES `homepages` (`id`) ON DELETE CASCADE;

--
-- Constraints for table `homepages_localizations_links`
--
ALTER TABLE `homepages_localizations_links`
  ADD CONSTRAINT `homepages_localizations_links_fk` FOREIGN KEY (`homepage_id`) REFERENCES `homepages` (`id`) ON DELETE CASCADE,
  ADD CONSTRAINT `homepages_localizations_links_inv_fk` FOREIGN KEY (`inv_homepage_id`) REFERENCES `homepages` (`id`) ON DELETE CASCADE;

--
-- Constraints for table `i18n_locale`
--
ALTER TABLE `i18n_locale`
  ADD CONSTRAINT `i18n_locale_created_by_id_fk` FOREIGN KEY (`created_by_id`) REFERENCES `admin_users` (`id`) ON DELETE SET NULL,
  ADD CONSTRAINT `i18n_locale_updated_by_id_fk` FOREIGN KEY (`updated_by_id`) REFERENCES `admin_users` (`id`) ON DELETE SET NULL;

--
-- Constraints for table `news_articles`
--
ALTER TABLE `news_articles`
  ADD CONSTRAINT `news_articles_created_by_id_fk` FOREIGN KEY (`created_by_id`) REFERENCES `admin_users` (`id`) ON DELETE SET NULL,
  ADD CONSTRAINT `news_articles_updated_by_id_fk` FOREIGN KEY (`updated_by_id`) REFERENCES `admin_users` (`id`) ON DELETE SET NULL;

--
-- Constraints for table `news_articles_author_links`
--
ALTER TABLE `news_articles_author_links`
  ADD CONSTRAINT `news_articles_author_links_fk` FOREIGN KEY (`news_article_id`) REFERENCES `news_articles` (`id`) ON DELETE CASCADE,
  ADD CONSTRAINT `news_articles_author_links_inv_fk` FOREIGN KEY (`author_id`) REFERENCES `authors` (`id`) ON DELETE CASCADE;

--
-- Constraints for table `news_articles_category_links`
--
ALTER TABLE `news_articles_category_links`
  ADD CONSTRAINT `news_articles_category_links_fk` FOREIGN KEY (`news_article_id`) REFERENCES `news_articles` (`id`) ON DELETE CASCADE,
  ADD CONSTRAINT `news_articles_category_links_inv_fk` FOREIGN KEY (`news_category_id`) REFERENCES `news_categories` (`id`) ON DELETE CASCADE;

--
-- Constraints for table `news_articles_components`
--
ALTER TABLE `news_articles_components`
  ADD CONSTRAINT `news_articles_entity_fk` FOREIGN KEY (`entity_id`) REFERENCES `news_articles` (`id`) ON DELETE CASCADE;

--
-- Constraints for table `news_articles_documents_links`
--
ALTER TABLE `news_articles_documents_links`
  ADD CONSTRAINT `news_articles_documents_links_fk` FOREIGN KEY (`news_article_id`) REFERENCES `news_articles` (`id`) ON DELETE CASCADE,
  ADD CONSTRAINT `news_articles_documents_links_inv_fk` FOREIGN KEY (`downloadable_document_id`) REFERENCES `downloadable_documents` (`id`) ON DELETE CASCADE;

--
-- Constraints for table `news_articles_localizations_links`
--
ALTER TABLE `news_articles_localizations_links`
  ADD CONSTRAINT `news_articles_localizations_links_fk` FOREIGN KEY (`news_article_id`) REFERENCES `news_articles` (`id`) ON DELETE CASCADE,
  ADD CONSTRAINT `news_articles_localizations_links_inv_fk` FOREIGN KEY (`inv_news_article_id`) REFERENCES `news_articles` (`id`) ON DELETE CASCADE;

--
-- Constraints for table `news_articles_tags_links`
--
ALTER TABLE `news_articles_tags_links`
  ADD CONSTRAINT `news_articles_tags_links_fk` FOREIGN KEY (`news_article_id`) REFERENCES `news_articles` (`id`) ON DELETE CASCADE,
  ADD CONSTRAINT `news_articles_tags_links_inv_fk` FOREIGN KEY (`tag_id`) REFERENCES `tags` (`id`) ON DELETE CASCADE;

--
-- Constraints for table `news_categories`
--
ALTER TABLE `news_categories`
  ADD CONSTRAINT `news_categories_created_by_id_fk` FOREIGN KEY (`created_by_id`) REFERENCES `admin_users` (`id`) ON DELETE SET NULL,
  ADD CONSTRAINT `news_categories_updated_by_id_fk` FOREIGN KEY (`updated_by_id`) REFERENCES `admin_users` (`id`) ON DELETE SET NULL;

--
-- Constraints for table `news_categories_localizations_links`
--
ALTER TABLE `news_categories_localizations_links`
  ADD CONSTRAINT `news_categories_localizations_links_fk` FOREIGN KEY (`news_category_id`) REFERENCES `news_categories` (`id`) ON DELETE CASCADE,
  ADD CONSTRAINT `news_categories_localizations_links_inv_fk` FOREIGN KEY (`inv_news_category_id`) REFERENCES `news_categories` (`id`) ON DELETE CASCADE;

--
-- Constraints for table `office_locations`
--
ALTER TABLE `office_locations`
  ADD CONSTRAINT `office_locations_created_by_id_fk` FOREIGN KEY (`created_by_id`) REFERENCES `admin_users` (`id`) ON DELETE SET NULL,
  ADD CONSTRAINT `office_locations_updated_by_id_fk` FOREIGN KEY (`updated_by_id`) REFERENCES `admin_users` (`id`) ON DELETE SET NULL;

--
-- Constraints for table `office_locations_localizations_links`
--
ALTER TABLE `office_locations_localizations_links`
  ADD CONSTRAINT `office_locations_localizations_links_fk` FOREIGN KEY (`office_location_id`) REFERENCES `office_locations` (`id`) ON DELETE CASCADE,
  ADD CONSTRAINT `office_locations_localizations_links_inv_fk` FOREIGN KEY (`inv_office_location_id`) REFERENCES `office_locations` (`id`) ON DELETE CASCADE;

--
-- Constraints for table `office_locations_office_type_links`
--
ALTER TABLE `office_locations_office_type_links`
  ADD CONSTRAINT `office_locations_office_type_links_fk` FOREIGN KEY (`office_location_id`) REFERENCES `office_locations` (`id`) ON DELETE CASCADE,
  ADD CONSTRAINT `office_locations_office_type_links_inv_fk` FOREIGN KEY (`office_type_id`) REFERENCES `office_types` (`id`) ON DELETE CASCADE;

--
-- Constraints for table `office_types`
--
ALTER TABLE `office_types`
  ADD CONSTRAINT `office_types_created_by_id_fk` FOREIGN KEY (`created_by_id`) REFERENCES `admin_users` (`id`) ON DELETE SET NULL,
  ADD CONSTRAINT `office_types_updated_by_id_fk` FOREIGN KEY (`updated_by_id`) REFERENCES `admin_users` (`id`) ON DELETE SET NULL;

--
-- Constraints for table `office_types_localizations_links`
--
ALTER TABLE `office_types_localizations_links`
  ADD CONSTRAINT `office_types_localizations_links_fk` FOREIGN KEY (`office_type_id`) REFERENCES `office_types` (`id`) ON DELETE CASCADE,
  ADD CONSTRAINT `office_types_localizations_links_inv_fk` FOREIGN KEY (`inv_office_type_id`) REFERENCES `office_types` (`id`) ON DELETE CASCADE;

--
-- Constraints for table `pages`
--
ALTER TABLE `pages`
  ADD CONSTRAINT `pages_created_by_id_fk` FOREIGN KEY (`created_by_id`) REFERENCES `admin_users` (`id`) ON DELETE SET NULL,
  ADD CONSTRAINT `pages_updated_by_id_fk` FOREIGN KEY (`updated_by_id`) REFERENCES `admin_users` (`id`) ON DELETE SET NULL;

--
-- Constraints for table `pages_components`
--
ALTER TABLE `pages_components`
  ADD CONSTRAINT `pages_entity_fk` FOREIGN KEY (`entity_id`) REFERENCES `pages` (`id`) ON DELETE CASCADE;

--
-- Constraints for table `pages_localizations_links`
--
ALTER TABLE `pages_localizations_links`
  ADD CONSTRAINT `pages_localizations_links_fk` FOREIGN KEY (`page_id`) REFERENCES `pages` (`id`) ON DELETE CASCADE,
  ADD CONSTRAINT `pages_localizations_links_inv_fk` FOREIGN KEY (`inv_page_id`) REFERENCES `pages` (`id`) ON DELETE CASCADE;

--
-- Constraints for table `pages_page_type_links`
--
ALTER TABLE `pages_page_type_links`
  ADD CONSTRAINT `pages_page_type_links_fk` FOREIGN KEY (`page_id`) REFERENCES `pages` (`id`) ON DELETE CASCADE,
  ADD CONSTRAINT `pages_page_type_links_inv_fk` FOREIGN KEY (`page_type_id`) REFERENCES `page_types` (`id`) ON DELETE CASCADE;

--
-- Constraints for table `page_types`
--
ALTER TABLE `page_types`
  ADD CONSTRAINT `page_types_created_by_id_fk` FOREIGN KEY (`created_by_id`) REFERENCES `admin_users` (`id`) ON DELETE SET NULL,
  ADD CONSTRAINT `page_types_updated_by_id_fk` FOREIGN KEY (`updated_by_id`) REFERENCES `admin_users` (`id`) ON DELETE SET NULL;

--
-- Constraints for table `page_types_localizations_links`
--
ALTER TABLE `page_types_localizations_links`
  ADD CONSTRAINT `page_types_localizations_links_fk` FOREIGN KEY (`page_type_id`) REFERENCES `page_types` (`id`) ON DELETE CASCADE,
  ADD CONSTRAINT `page_types_localizations_links_inv_fk` FOREIGN KEY (`inv_page_type_id`) REFERENCES `page_types` (`id`) ON DELETE CASCADE;

--
-- Constraints for table `related_content_types`
--
ALTER TABLE `related_content_types`
  ADD CONSTRAINT `related_content_types_created_by_id_fk` FOREIGN KEY (`created_by_id`) REFERENCES `admin_users` (`id`) ON DELETE SET NULL,
  ADD CONSTRAINT `related_content_types_updated_by_id_fk` FOREIGN KEY (`updated_by_id`) REFERENCES `admin_users` (`id`) ON DELETE SET NULL;

--
-- Constraints for table `related_content_types_localizations_links`
--
ALTER TABLE `related_content_types_localizations_links`
  ADD CONSTRAINT `related_content_types_localizations_links_fk` FOREIGN KEY (`related_content_type_id`) REFERENCES `related_content_types` (`id`) ON DELETE CASCADE,
  ADD CONSTRAINT `related_content_types_localizations_links_inv_fk` FOREIGN KEY (`inv_related_content_type_id`) REFERENCES `related_content_types` (`id`) ON DELETE CASCADE;

--
-- Constraints for table `research_categories`
--
ALTER TABLE `research_categories`
  ADD CONSTRAINT `research_categories_created_by_id_fk` FOREIGN KEY (`created_by_id`) REFERENCES `admin_users` (`id`) ON DELETE SET NULL,
  ADD CONSTRAINT `research_categories_updated_by_id_fk` FOREIGN KEY (`updated_by_id`) REFERENCES `admin_users` (`id`) ON DELETE SET NULL;

--
-- Constraints for table `research_categories_localizations_links`
--
ALTER TABLE `research_categories_localizations_links`
  ADD CONSTRAINT `research_categories_localizations_links_fk` FOREIGN KEY (`research_category_id`) REFERENCES `research_categories` (`id`) ON DELETE CASCADE,
  ADD CONSTRAINT `research_categories_localizations_links_inv_fk` FOREIGN KEY (`inv_research_category_id`) REFERENCES `research_categories` (`id`) ON DELETE CASCADE;

--
-- Constraints for table `research_reports`
--
ALTER TABLE `research_reports`
  ADD CONSTRAINT `research_reports_created_by_id_fk` FOREIGN KEY (`created_by_id`) REFERENCES `admin_users` (`id`) ON DELETE SET NULL,
  ADD CONSTRAINT `research_reports_updated_by_id_fk` FOREIGN KEY (`updated_by_id`) REFERENCES `admin_users` (`id`) ON DELETE SET NULL;

--
-- Constraints for table `research_reports_author_links`
--
ALTER TABLE `research_reports_author_links`
  ADD CONSTRAINT `research_reports_author_links_fk` FOREIGN KEY (`research_report_id`) REFERENCES `research_reports` (`id`) ON DELETE CASCADE,
  ADD CONSTRAINT `research_reports_author_links_inv_fk` FOREIGN KEY (`author_id`) REFERENCES `authors` (`id`) ON DELETE CASCADE;

--
-- Constraints for table `research_reports_category_links`
--
ALTER TABLE `research_reports_category_links`
  ADD CONSTRAINT `research_reports_category_links_fk` FOREIGN KEY (`research_report_id`) REFERENCES `research_reports` (`id`) ON DELETE CASCADE,
  ADD CONSTRAINT `research_reports_category_links_inv_fk` FOREIGN KEY (`research_category_id`) REFERENCES `research_categories` (`id`) ON DELETE CASCADE;

--
-- Constraints for table `research_reports_components`
--
ALTER TABLE `research_reports_components`
  ADD CONSTRAINT `research_reports_entity_fk` FOREIGN KEY (`entity_id`) REFERENCES `research_reports` (`id`) ON DELETE CASCADE;

--
-- Constraints for table `research_reports_documents_links`
--
ALTER TABLE `research_reports_documents_links`
  ADD CONSTRAINT `research_reports_documents_links_fk` FOREIGN KEY (`research_report_id`) REFERENCES `research_reports` (`id`) ON DELETE CASCADE,
  ADD CONSTRAINT `research_reports_documents_links_inv_fk` FOREIGN KEY (`downloadable_document_id`) REFERENCES `downloadable_documents` (`id`) ON DELETE CASCADE;

--
-- Constraints for table `research_reports_localizations_links`
--
ALTER TABLE `research_reports_localizations_links`
  ADD CONSTRAINT `research_reports_localizations_links_fk` FOREIGN KEY (`research_report_id`) REFERENCES `research_reports` (`id`) ON DELETE CASCADE,
  ADD CONSTRAINT `research_reports_localizations_links_inv_fk` FOREIGN KEY (`inv_research_report_id`) REFERENCES `research_reports` (`id`) ON DELETE CASCADE;

--
-- Constraints for table `research_reports_report_type_links`
--
ALTER TABLE `research_reports_report_type_links`
  ADD CONSTRAINT `research_reports_report_type_links_fk` FOREIGN KEY (`research_report_id`) REFERENCES `research_reports` (`id`) ON DELETE CASCADE,
  ADD CONSTRAINT `research_reports_report_type_links_inv_fk` FOREIGN KEY (`research_report_type_id`) REFERENCES `research_report_types` (`id`) ON DELETE CASCADE;

--
-- Constraints for table `research_reports_tags_links`
--
ALTER TABLE `research_reports_tags_links`
  ADD CONSTRAINT `research_reports_tags_links_fk` FOREIGN KEY (`research_report_id`) REFERENCES `research_reports` (`id`) ON DELETE CASCADE,
  ADD CONSTRAINT `research_reports_tags_links_inv_fk` FOREIGN KEY (`tag_id`) REFERENCES `tags` (`id`) ON DELETE CASCADE;

--
-- Constraints for table `research_report_types`
--
ALTER TABLE `research_report_types`
  ADD CONSTRAINT `research_report_types_created_by_id_fk` FOREIGN KEY (`created_by_id`) REFERENCES `admin_users` (`id`) ON DELETE SET NULL,
  ADD CONSTRAINT `research_report_types_updated_by_id_fk` FOREIGN KEY (`updated_by_id`) REFERENCES `admin_users` (`id`) ON DELETE SET NULL;

--
-- Constraints for table `research_report_types_localizations_links`
--
ALTER TABLE `research_report_types_localizations_links`
  ADD CONSTRAINT `research_report_types_localizations_links_fk` FOREIGN KEY (`research_report_type_id`) REFERENCES `research_report_types` (`id`) ON DELETE CASCADE,
  ADD CONSTRAINT `research_report_types_localizations_links_inv_fk` FOREIGN KEY (`inv_research_report_type_id`) REFERENCES `research_report_types` (`id`) ON DELETE CASCADE;

--
-- Constraints for table `seo_defaults`
--
ALTER TABLE `seo_defaults`
  ADD CONSTRAINT `seo_defaults_created_by_id_fk` FOREIGN KEY (`created_by_id`) REFERENCES `admin_users` (`id`) ON DELETE SET NULL,
  ADD CONSTRAINT `seo_defaults_updated_by_id_fk` FOREIGN KEY (`updated_by_id`) REFERENCES `admin_users` (`id`) ON DELETE SET NULL;

--
-- Constraints for table `seo_defaults_components`
--
ALTER TABLE `seo_defaults_components`
  ADD CONSTRAINT `seo_defaults_entity_fk` FOREIGN KEY (`entity_id`) REFERENCES `seo_defaults` (`id`) ON DELETE CASCADE;

--
-- Constraints for table `seo_defaults_localizations_links`
--
ALTER TABLE `seo_defaults_localizations_links`
  ADD CONSTRAINT `seo_defaults_localizations_links_fk` FOREIGN KEY (`seo_default_id`) REFERENCES `seo_defaults` (`id`) ON DELETE CASCADE,
  ADD CONSTRAINT `seo_defaults_localizations_links_inv_fk` FOREIGN KEY (`inv_seo_default_id`) REFERENCES `seo_defaults` (`id`) ON DELETE CASCADE;

--
-- Constraints for table `services`
--
ALTER TABLE `services`
  ADD CONSTRAINT `services_created_by_id_fk` FOREIGN KEY (`created_by_id`) REFERENCES `admin_users` (`id`) ON DELETE SET NULL,
  ADD CONSTRAINT `services_updated_by_id_fk` FOREIGN KEY (`updated_by_id`) REFERENCES `admin_users` (`id`) ON DELETE SET NULL;

--
-- Constraints for table `services_category_links`
--
ALTER TABLE `services_category_links`
  ADD CONSTRAINT `services_category_links_fk` FOREIGN KEY (`service_id`) REFERENCES `services` (`id`) ON DELETE CASCADE,
  ADD CONSTRAINT `services_category_links_inv_fk` FOREIGN KEY (`service_category_id`) REFERENCES `service_categories` (`id`) ON DELETE CASCADE;

--
-- Constraints for table `services_components`
--
ALTER TABLE `services_components`
  ADD CONSTRAINT `services_entity_fk` FOREIGN KEY (`entity_id`) REFERENCES `services` (`id`) ON DELETE CASCADE;

--
-- Constraints for table `services_documents_links`
--
ALTER TABLE `services_documents_links`
  ADD CONSTRAINT `services_documents_links_fk` FOREIGN KEY (`service_id`) REFERENCES `services` (`id`) ON DELETE CASCADE,
  ADD CONSTRAINT `services_documents_links_inv_fk` FOREIGN KEY (`downloadable_document_id`) REFERENCES `downloadable_documents` (`id`) ON DELETE CASCADE;

--
-- Constraints for table `services_localizations_links`
--
ALTER TABLE `services_localizations_links`
  ADD CONSTRAINT `services_localizations_links_fk` FOREIGN KEY (`service_id`) REFERENCES `services` (`id`) ON DELETE CASCADE,
  ADD CONSTRAINT `services_localizations_links_inv_fk` FOREIGN KEY (`inv_service_id`) REFERENCES `services` (`id`) ON DELETE CASCADE;

--
-- Constraints for table `services_tags_links`
--
ALTER TABLE `services_tags_links`
  ADD CONSTRAINT `services_tags_links_fk` FOREIGN KEY (`service_id`) REFERENCES `services` (`id`) ON DELETE CASCADE,
  ADD CONSTRAINT `services_tags_links_inv_fk` FOREIGN KEY (`tag_id`) REFERENCES `tags` (`id`) ON DELETE CASCADE;

--
-- Constraints for table `service_categories`
--
ALTER TABLE `service_categories`
  ADD CONSTRAINT `service_categories_created_by_id_fk` FOREIGN KEY (`created_by_id`) REFERENCES `admin_users` (`id`) ON DELETE SET NULL,
  ADD CONSTRAINT `service_categories_updated_by_id_fk` FOREIGN KEY (`updated_by_id`) REFERENCES `admin_users` (`id`) ON DELETE SET NULL;

--
-- Constraints for table `service_categories_localizations_links`
--
ALTER TABLE `service_categories_localizations_links`
  ADD CONSTRAINT `service_categories_localizations_links_fk` FOREIGN KEY (`service_category_id`) REFERENCES `service_categories` (`id`) ON DELETE CASCADE,
  ADD CONSTRAINT `service_categories_localizations_links_inv_fk` FOREIGN KEY (`inv_service_category_id`) REFERENCES `service_categories` (`id`) ON DELETE CASCADE;

--
-- Constraints for table `strapi_api_tokens`
--
ALTER TABLE `strapi_api_tokens`
  ADD CONSTRAINT `strapi_api_tokens_created_by_id_fk` FOREIGN KEY (`created_by_id`) REFERENCES `admin_users` (`id`) ON DELETE SET NULL,
  ADD CONSTRAINT `strapi_api_tokens_updated_by_id_fk` FOREIGN KEY (`updated_by_id`) REFERENCES `admin_users` (`id`) ON DELETE SET NULL;

--
-- Constraints for table `strapi_api_token_permissions`
--
ALTER TABLE `strapi_api_token_permissions`
  ADD CONSTRAINT `strapi_api_token_permissions_created_by_id_fk` FOREIGN KEY (`created_by_id`) REFERENCES `admin_users` (`id`) ON DELETE SET NULL,
  ADD CONSTRAINT `strapi_api_token_permissions_updated_by_id_fk` FOREIGN KEY (`updated_by_id`) REFERENCES `admin_users` (`id`) ON DELETE SET NULL;

--
-- Constraints for table `strapi_api_token_permissions_token_links`
--
ALTER TABLE `strapi_api_token_permissions_token_links`
  ADD CONSTRAINT `strapi_api_token_permissions_token_links_fk` FOREIGN KEY (`api_token_permission_id`) REFERENCES `strapi_api_token_permissions` (`id`) ON DELETE CASCADE,
  ADD CONSTRAINT `strapi_api_token_permissions_token_links_inv_fk` FOREIGN KEY (`api_token_id`) REFERENCES `strapi_api_tokens` (`id`) ON DELETE CASCADE;

--
-- Constraints for table `strapi_releases`
--
ALTER TABLE `strapi_releases`
  ADD CONSTRAINT `strapi_releases_created_by_id_fk` FOREIGN KEY (`created_by_id`) REFERENCES `admin_users` (`id`) ON DELETE SET NULL,
  ADD CONSTRAINT `strapi_releases_updated_by_id_fk` FOREIGN KEY (`updated_by_id`) REFERENCES `admin_users` (`id`) ON DELETE SET NULL;

--
-- Constraints for table `strapi_release_actions`
--
ALTER TABLE `strapi_release_actions`
  ADD CONSTRAINT `strapi_release_actions_created_by_id_fk` FOREIGN KEY (`created_by_id`) REFERENCES `admin_users` (`id`) ON DELETE SET NULL,
  ADD CONSTRAINT `strapi_release_actions_updated_by_id_fk` FOREIGN KEY (`updated_by_id`) REFERENCES `admin_users` (`id`) ON DELETE SET NULL;

--
-- Constraints for table `strapi_release_actions_release_links`
--
ALTER TABLE `strapi_release_actions_release_links`
  ADD CONSTRAINT `strapi_release_actions_release_links_fk` FOREIGN KEY (`release_action_id`) REFERENCES `strapi_release_actions` (`id`) ON DELETE CASCADE,
  ADD CONSTRAINT `strapi_release_actions_release_links_inv_fk` FOREIGN KEY (`release_id`) REFERENCES `strapi_releases` (`id`) ON DELETE CASCADE;

--
-- Constraints for table `strapi_transfer_tokens`
--
ALTER TABLE `strapi_transfer_tokens`
  ADD CONSTRAINT `strapi_transfer_tokens_created_by_id_fk` FOREIGN KEY (`created_by_id`) REFERENCES `admin_users` (`id`) ON DELETE SET NULL,
  ADD CONSTRAINT `strapi_transfer_tokens_updated_by_id_fk` FOREIGN KEY (`updated_by_id`) REFERENCES `admin_users` (`id`) ON DELETE SET NULL;

--
-- Constraints for table `strapi_transfer_token_permissions`
--
ALTER TABLE `strapi_transfer_token_permissions`
  ADD CONSTRAINT `strapi_transfer_token_permissions_created_by_id_fk` FOREIGN KEY (`created_by_id`) REFERENCES `admin_users` (`id`) ON DELETE SET NULL,
  ADD CONSTRAINT `strapi_transfer_token_permissions_updated_by_id_fk` FOREIGN KEY (`updated_by_id`) REFERENCES `admin_users` (`id`) ON DELETE SET NULL;

--
-- Constraints for table `strapi_transfer_token_permissions_token_links`
--
ALTER TABLE `strapi_transfer_token_permissions_token_links`
  ADD CONSTRAINT `strapi_transfer_token_permissions_token_links_fk` FOREIGN KEY (`transfer_token_permission_id`) REFERENCES `strapi_transfer_token_permissions` (`id`) ON DELETE CASCADE,
  ADD CONSTRAINT `strapi_transfer_token_permissions_token_links_inv_fk` FOREIGN KEY (`transfer_token_id`) REFERENCES `strapi_transfer_tokens` (`id`) ON DELETE CASCADE;

--
-- Constraints for table `tags`
--
ALTER TABLE `tags`
  ADD CONSTRAINT `tags_created_by_id_fk` FOREIGN KEY (`created_by_id`) REFERENCES `admin_users` (`id`) ON DELETE SET NULL,
  ADD CONSTRAINT `tags_updated_by_id_fk` FOREIGN KEY (`updated_by_id`) REFERENCES `admin_users` (`id`) ON DELETE SET NULL;

--
-- Constraints for table `tags_localizations_links`
--
ALTER TABLE `tags_localizations_links`
  ADD CONSTRAINT `tags_localizations_links_fk` FOREIGN KEY (`tag_id`) REFERENCES `tags` (`id`) ON DELETE CASCADE,
  ADD CONSTRAINT `tags_localizations_links_inv_fk` FOREIGN KEY (`inv_tag_id`) REFERENCES `tags` (`id`) ON DELETE CASCADE;

--
-- Constraints for table `upload_folders`
--
ALTER TABLE `upload_folders`
  ADD CONSTRAINT `upload_folders_created_by_id_fk` FOREIGN KEY (`created_by_id`) REFERENCES `admin_users` (`id`) ON DELETE SET NULL,
  ADD CONSTRAINT `upload_folders_updated_by_id_fk` FOREIGN KEY (`updated_by_id`) REFERENCES `admin_users` (`id`) ON DELETE SET NULL;

--
-- Constraints for table `upload_folders_parent_links`
--
ALTER TABLE `upload_folders_parent_links`
  ADD CONSTRAINT `upload_folders_parent_links_fk` FOREIGN KEY (`folder_id`) REFERENCES `upload_folders` (`id`) ON DELETE CASCADE,
  ADD CONSTRAINT `upload_folders_parent_links_inv_fk` FOREIGN KEY (`inv_folder_id`) REFERENCES `upload_folders` (`id`) ON DELETE CASCADE;

--
-- Constraints for table `up_permissions`
--
ALTER TABLE `up_permissions`
  ADD CONSTRAINT `up_permissions_created_by_id_fk` FOREIGN KEY (`created_by_id`) REFERENCES `admin_users` (`id`) ON DELETE SET NULL,
  ADD CONSTRAINT `up_permissions_updated_by_id_fk` FOREIGN KEY (`updated_by_id`) REFERENCES `admin_users` (`id`) ON DELETE SET NULL;

--
-- Constraints for table `up_permissions_role_links`
--
ALTER TABLE `up_permissions_role_links`
  ADD CONSTRAINT `up_permissions_role_links_fk` FOREIGN KEY (`permission_id`) REFERENCES `up_permissions` (`id`) ON DELETE CASCADE,
  ADD CONSTRAINT `up_permissions_role_links_inv_fk` FOREIGN KEY (`role_id`) REFERENCES `up_roles` (`id`) ON DELETE CASCADE;

--
-- Constraints for table `up_roles`
--
ALTER TABLE `up_roles`
  ADD CONSTRAINT `up_roles_created_by_id_fk` FOREIGN KEY (`created_by_id`) REFERENCES `admin_users` (`id`) ON DELETE SET NULL,
  ADD CONSTRAINT `up_roles_updated_by_id_fk` FOREIGN KEY (`updated_by_id`) REFERENCES `admin_users` (`id`) ON DELETE SET NULL;

--
-- Constraints for table `up_users`
--
ALTER TABLE `up_users`
  ADD CONSTRAINT `up_users_created_by_id_fk` FOREIGN KEY (`created_by_id`) REFERENCES `admin_users` (`id`) ON DELETE SET NULL,
  ADD CONSTRAINT `up_users_updated_by_id_fk` FOREIGN KEY (`updated_by_id`) REFERENCES `admin_users` (`id`) ON DELETE SET NULL;

--
-- Constraints for table `up_users_role_links`
--
ALTER TABLE `up_users_role_links`
  ADD CONSTRAINT `up_users_role_links_fk` FOREIGN KEY (`user_id`) REFERENCES `up_users` (`id`) ON DELETE CASCADE,
  ADD CONSTRAINT `up_users_role_links_inv_fk` FOREIGN KEY (`role_id`) REFERENCES `up_roles` (`id`) ON DELETE CASCADE;
--
-- Database: `phpmyadmin`
--
CREATE DATABASE IF NOT EXISTS `phpmyadmin` DEFAULT CHARACTER SET utf8 COLLATE utf8_bin;
USE `phpmyadmin`;

-- --------------------------------------------------------

--
-- Table structure for table `pma__bookmark`
--

CREATE TABLE `pma__bookmark` (
  `id` int(11) NOT NULL,
  `dbase` varchar(255) NOT NULL DEFAULT '',
  `user` varchar(255) NOT NULL DEFAULT '',
  `label` varchar(255) CHARACTER SET utf8 COLLATE utf8_general_ci NOT NULL DEFAULT '',
  `query` text NOT NULL
) ENGINE=InnoDB DEFAULT CHARSET=utf8 COLLATE=utf8_bin COMMENT='Bookmarks';

-- --------------------------------------------------------

--
-- Table structure for table `pma__central_columns`
--

CREATE TABLE `pma__central_columns` (
  `db_name` varchar(64) NOT NULL,
  `col_name` varchar(64) NOT NULL,
  `col_type` varchar(64) NOT NULL,
  `col_length` text DEFAULT NULL,
  `col_collation` varchar(64) NOT NULL,
  `col_isNull` tinyint(1) NOT NULL,
  `col_extra` varchar(255) DEFAULT '',
  `col_default` text DEFAULT NULL
) ENGINE=InnoDB DEFAULT CHARSET=utf8 COLLATE=utf8_bin COMMENT='Central list of columns';

-- --------------------------------------------------------

--
-- Table structure for table `pma__column_info`
--

CREATE TABLE `pma__column_info` (
  `id` int(5) UNSIGNED NOT NULL,
  `db_name` varchar(64) NOT NULL DEFAULT '',
  `table_name` varchar(64) NOT NULL DEFAULT '',
  `column_name` varchar(64) NOT NULL DEFAULT '',
  `comment` varchar(255) CHARACTER SET utf8 COLLATE utf8_general_ci NOT NULL DEFAULT '',
  `mimetype` varchar(255) CHARACTER SET utf8 COLLATE utf8_general_ci NOT NULL DEFAULT '',
  `transformation` varchar(255) NOT NULL DEFAULT '',
  `transformation_options` varchar(255) NOT NULL DEFAULT '',
  `input_transformation` varchar(255) NOT NULL DEFAULT '',
  `input_transformation_options` varchar(255) NOT NULL DEFAULT ''
) ENGINE=InnoDB DEFAULT CHARSET=utf8 COLLATE=utf8_bin COMMENT='Column information for phpMyAdmin';

-- --------------------------------------------------------

--
-- Table structure for table `pma__designer_settings`
--

CREATE TABLE `pma__designer_settings` (
  `username` varchar(64) NOT NULL,
  `settings_data` text NOT NULL
) ENGINE=InnoDB DEFAULT CHARSET=utf8 COLLATE=utf8_bin COMMENT='Settings related to Designer';

-- --------------------------------------------------------

--
-- Table structure for table `pma__export_templates`
--

CREATE TABLE `pma__export_templates` (
  `id` int(5) UNSIGNED NOT NULL,
  `username` varchar(64) NOT NULL,
  `export_type` varchar(10) NOT NULL,
  `template_name` varchar(64) NOT NULL,
  `template_data` text NOT NULL
) ENGINE=InnoDB DEFAULT CHARSET=utf8 COLLATE=utf8_bin COMMENT='Saved export templates';

-- --------------------------------------------------------

--
-- Table structure for table `pma__favorite`
--

CREATE TABLE `pma__favorite` (
  `username` varchar(64) NOT NULL,
  `tables` text NOT NULL
) ENGINE=InnoDB DEFAULT CHARSET=utf8 COLLATE=utf8_bin COMMENT='Favorite tables';

-- --------------------------------------------------------

--
-- Table structure for table `pma__history`
--

CREATE TABLE `pma__history` (
  `id` bigint(20) UNSIGNED NOT NULL,
  `username` varchar(64) NOT NULL DEFAULT '',
  `db` varchar(64) NOT NULL DEFAULT '',
  `table` varchar(64) NOT NULL DEFAULT '',
  `timevalue` timestamp NOT NULL DEFAULT current_timestamp(),
  `sqlquery` text NOT NULL
) ENGINE=InnoDB DEFAULT CHARSET=utf8 COLLATE=utf8_bin COMMENT='SQL history for phpMyAdmin';

-- --------------------------------------------------------

--
-- Table structure for table `pma__navigationhiding`
--

CREATE TABLE `pma__navigationhiding` (
  `username` varchar(64) NOT NULL,
  `item_name` varchar(64) NOT NULL,
  `item_type` varchar(64) NOT NULL,
  `db_name` varchar(64) NOT NULL,
  `table_name` varchar(64) NOT NULL
) ENGINE=InnoDB DEFAULT CHARSET=utf8 COLLATE=utf8_bin COMMENT='Hidden items of navigation tree';

-- --------------------------------------------------------

--
-- Table structure for table `pma__pdf_pages`
--

CREATE TABLE `pma__pdf_pages` (
  `db_name` varchar(64) NOT NULL DEFAULT '',
  `page_nr` int(10) UNSIGNED NOT NULL,
  `page_descr` varchar(50) CHARACTER SET utf8 COLLATE utf8_general_ci NOT NULL DEFAULT ''
) ENGINE=InnoDB DEFAULT CHARSET=utf8 COLLATE=utf8_bin COMMENT='PDF relation pages for phpMyAdmin';

-- --------------------------------------------------------

--
-- Table structure for table `pma__recent`
--

CREATE TABLE `pma__recent` (
  `username` varchar(64) NOT NULL,
  `tables` text NOT NULL
) ENGINE=InnoDB DEFAULT CHARSET=utf8 COLLATE=utf8_bin COMMENT='Recently accessed tables';

-- --------------------------------------------------------

--
-- Table structure for table `pma__relation`
--

CREATE TABLE `pma__relation` (
  `master_db` varchar(64) NOT NULL DEFAULT '',
  `master_table` varchar(64) NOT NULL DEFAULT '',
  `master_field` varchar(64) NOT NULL DEFAULT '',
  `foreign_db` varchar(64) NOT NULL DEFAULT '',
  `foreign_table` varchar(64) NOT NULL DEFAULT '',
  `foreign_field` varchar(64) NOT NULL DEFAULT ''
) ENGINE=InnoDB DEFAULT CHARSET=utf8 COLLATE=utf8_bin COMMENT='Relation table';

-- --------------------------------------------------------

--
-- Table structure for table `pma__savedsearches`
--

CREATE TABLE `pma__savedsearches` (
  `id` int(5) UNSIGNED NOT NULL,
  `username` varchar(64) NOT NULL DEFAULT '',
  `db_name` varchar(64) NOT NULL DEFAULT '',
  `search_name` varchar(64) NOT NULL DEFAULT '',
  `search_data` text NOT NULL
) ENGINE=InnoDB DEFAULT CHARSET=utf8 COLLATE=utf8_bin COMMENT='Saved searches';

-- --------------------------------------------------------

--
-- Table structure for table `pma__table_coords`
--

CREATE TABLE `pma__table_coords` (
  `db_name` varchar(64) NOT NULL DEFAULT '',
  `table_name` varchar(64) NOT NULL DEFAULT '',
  `pdf_page_number` int(11) NOT NULL DEFAULT 0,
  `x` float UNSIGNED NOT NULL DEFAULT 0,
  `y` float UNSIGNED NOT NULL DEFAULT 0
) ENGINE=InnoDB DEFAULT CHARSET=utf8 COLLATE=utf8_bin COMMENT='Table coordinates for phpMyAdmin PDF output';

-- --------------------------------------------------------

--
-- Table structure for table `pma__table_info`
--

CREATE TABLE `pma__table_info` (
  `db_name` varchar(64) NOT NULL DEFAULT '',
  `table_name` varchar(64) NOT NULL DEFAULT '',
  `display_field` varchar(64) NOT NULL DEFAULT ''
) ENGINE=InnoDB DEFAULT CHARSET=utf8 COLLATE=utf8_bin COMMENT='Table information for phpMyAdmin';

-- --------------------------------------------------------

--
-- Table structure for table `pma__table_uiprefs`
--

CREATE TABLE `pma__table_uiprefs` (
  `username` varchar(64) NOT NULL,
  `db_name` varchar(64) NOT NULL,
  `table_name` varchar(64) NOT NULL,
  `prefs` text NOT NULL,
  `last_update` timestamp NOT NULL DEFAULT current_timestamp() ON UPDATE current_timestamp()
) ENGINE=InnoDB DEFAULT CHARSET=utf8 COLLATE=utf8_bin COMMENT='Tables'' UI preferences';

-- --------------------------------------------------------

--
-- Table structure for table `pma__tracking`
--

CREATE TABLE `pma__tracking` (
  `db_name` varchar(64) NOT NULL,
  `table_name` varchar(64) NOT NULL,
  `version` int(10) UNSIGNED NOT NULL,
  `date_created` datetime NOT NULL,
  `date_updated` datetime NOT NULL,
  `schema_snapshot` text NOT NULL,
  `schema_sql` text DEFAULT NULL,
  `data_sql` longtext DEFAULT NULL,
  `tracking` set('UPDATE','REPLACE','INSERT','DELETE','TRUNCATE','CREATE DATABASE','ALTER DATABASE','DROP DATABASE','CREATE TABLE','ALTER TABLE','RENAME TABLE','DROP TABLE','CREATE INDEX','DROP INDEX','CREATE VIEW','ALTER VIEW','DROP VIEW') DEFAULT NULL,
  `tracking_active` int(1) UNSIGNED NOT NULL DEFAULT 1
) ENGINE=InnoDB DEFAULT CHARSET=utf8 COLLATE=utf8_bin COMMENT='Database changes tracking for phpMyAdmin';

-- --------------------------------------------------------

--
-- Table structure for table `pma__userconfig`
--

CREATE TABLE `pma__userconfig` (
  `username` varchar(64) NOT NULL,
  `timevalue` timestamp NOT NULL DEFAULT current_timestamp() ON UPDATE current_timestamp(),
  `config_data` text NOT NULL
) ENGINE=InnoDB DEFAULT CHARSET=utf8 COLLATE=utf8_bin COMMENT='User preferences storage for phpMyAdmin';

--
-- Dumping data for table `pma__userconfig`
--

INSERT INTO `pma__userconfig` (`username`, `timevalue`, `config_data`) VALUES
('root', '2026-04-21 07:37:29', '{\"lang\":\"en_GB\",\"Console\\/Mode\":\"collapse\",\"NavigationWidth\":503}');

-- --------------------------------------------------------

--
-- Table structure for table `pma__usergroups`
--

CREATE TABLE `pma__usergroups` (
  `usergroup` varchar(64) NOT NULL,
  `tab` varchar(64) NOT NULL,
  `allowed` enum('Y','N') NOT NULL DEFAULT 'N'
) ENGINE=InnoDB DEFAULT CHARSET=utf8 COLLATE=utf8_bin COMMENT='User groups with configured menu items';

-- --------------------------------------------------------

--
-- Table structure for table `pma__users`
--

CREATE TABLE `pma__users` (
  `username` varchar(64) NOT NULL,
  `usergroup` varchar(64) NOT NULL
) ENGINE=InnoDB DEFAULT CHARSET=utf8 COLLATE=utf8_bin COMMENT='Users and their assignments to user groups';

--
-- Indexes for dumped tables
--

--
-- Indexes for table `pma__bookmark`
--
ALTER TABLE `pma__bookmark`
  ADD PRIMARY KEY (`id`);

--
-- Indexes for table `pma__central_columns`
--
ALTER TABLE `pma__central_columns`
  ADD PRIMARY KEY (`db_name`,`col_name`);

--
-- Indexes for table `pma__column_info`
--
ALTER TABLE `pma__column_info`
  ADD PRIMARY KEY (`id`),
  ADD UNIQUE KEY `db_name` (`db_name`,`table_name`,`column_name`);

--
-- Indexes for table `pma__designer_settings`
--
ALTER TABLE `pma__designer_settings`
  ADD PRIMARY KEY (`username`);

--
-- Indexes for table `pma__export_templates`
--
ALTER TABLE `pma__export_templates`
  ADD PRIMARY KEY (`id`),
  ADD UNIQUE KEY `u_user_type_template` (`username`,`export_type`,`template_name`);

--
-- Indexes for table `pma__favorite`
--
ALTER TABLE `pma__favorite`
  ADD PRIMARY KEY (`username`);

--
-- Indexes for table `pma__history`
--
ALTER TABLE `pma__history`
  ADD PRIMARY KEY (`id`),
  ADD KEY `username` (`username`,`db`,`table`,`timevalue`);

--
-- Indexes for table `pma__navigationhiding`
--
ALTER TABLE `pma__navigationhiding`
  ADD PRIMARY KEY (`username`,`item_name`,`item_type`,`db_name`,`table_name`);

--
-- Indexes for table `pma__pdf_pages`
--
ALTER TABLE `pma__pdf_pages`
  ADD PRIMARY KEY (`page_nr`),
  ADD KEY `db_name` (`db_name`);

--
-- Indexes for table `pma__recent`
--
ALTER TABLE `pma__recent`
  ADD PRIMARY KEY (`username`);

--
-- Indexes for table `pma__relation`
--
ALTER TABLE `pma__relation`
  ADD PRIMARY KEY (`master_db`,`master_table`,`master_field`),
  ADD KEY `foreign_field` (`foreign_db`,`foreign_table`);

--
-- Indexes for table `pma__savedsearches`
--
ALTER TABLE `pma__savedsearches`
  ADD PRIMARY KEY (`id`),
  ADD UNIQUE KEY `u_savedsearches_username_dbname` (`username`,`db_name`,`search_name`);

--
-- Indexes for table `pma__table_coords`
--
ALTER TABLE `pma__table_coords`
  ADD PRIMARY KEY (`db_name`,`table_name`,`pdf_page_number`);

--
-- Indexes for table `pma__table_info`
--
ALTER TABLE `pma__table_info`
  ADD PRIMARY KEY (`db_name`,`table_name`);

--
-- Indexes for table `pma__table_uiprefs`
--
ALTER TABLE `pma__table_uiprefs`
  ADD PRIMARY KEY (`username`,`db_name`,`table_name`);

--
-- Indexes for table `pma__tracking`
--
ALTER TABLE `pma__tracking`
  ADD PRIMARY KEY (`db_name`,`table_name`,`version`);

--
-- Indexes for table `pma__userconfig`
--
ALTER TABLE `pma__userconfig`
  ADD PRIMARY KEY (`username`);

--
-- Indexes for table `pma__usergroups`
--
ALTER TABLE `pma__usergroups`
  ADD PRIMARY KEY (`usergroup`,`tab`,`allowed`);

--
-- Indexes for table `pma__users`
--
ALTER TABLE `pma__users`
  ADD PRIMARY KEY (`username`,`usergroup`);

--
-- AUTO_INCREMENT for dumped tables
--

--
-- AUTO_INCREMENT for table `pma__bookmark`
--
ALTER TABLE `pma__bookmark`
  MODIFY `id` int(11) NOT NULL AUTO_INCREMENT;

--
-- AUTO_INCREMENT for table `pma__column_info`
--
ALTER TABLE `pma__column_info`
  MODIFY `id` int(5) UNSIGNED NOT NULL AUTO_INCREMENT;

--
-- AUTO_INCREMENT for table `pma__export_templates`
--
ALTER TABLE `pma__export_templates`
  MODIFY `id` int(5) UNSIGNED NOT NULL AUTO_INCREMENT;

--
-- AUTO_INCREMENT for table `pma__history`
--
ALTER TABLE `pma__history`
  MODIFY `id` bigint(20) UNSIGNED NOT NULL AUTO_INCREMENT;

--
-- AUTO_INCREMENT for table `pma__pdf_pages`
--
ALTER TABLE `pma__pdf_pages`
  MODIFY `page_nr` int(10) UNSIGNED NOT NULL AUTO_INCREMENT;

--
-- AUTO_INCREMENT for table `pma__savedsearches`
--
ALTER TABLE `pma__savedsearches`
  MODIFY `id` int(5) UNSIGNED NOT NULL AUTO_INCREMENT;
--
-- Database: `test`
--
CREATE DATABASE IF NOT EXISTS `test` DEFAULT CHARACTER SET utf8mb4 COLLATE utf8mb4_general_ci;
USE `test`;
COMMIT;

/*!40101 SET CHARACTER_SET_CLIENT=@OLD_CHARACTER_SET_CLIENT */;
/*!40101 SET CHARACTER_SET_RESULTS=@OLD_CHARACTER_SET_RESULTS */;
/*!40101 SET COLLATION_CONNECTION=@OLD_COLLATION_CONNECTION */;
